"Hour","Order name","Orders","Total sales","Net sales","Quantity ordered"
"2026-08-27 00:00:00","#2142669",1,1617,1427.62,2
"2026-08-27 00:00:00","#2142659",1,1499,1427.62,2
"2026-08-27 00:00:00","#2142677",1,1717,1522.86,1
"2026-08-27 00:00:00","#2142690",1,2652,2413.33,2
"2026-08-27 00:00:00","#2142686",1,2187,1970.48,2
"2026-08-27 00:00:00","#2142698",1,1817,1618.1,1
"2026-08-27 00:00:00","#2142661",1,1699,1618.1,2
"2026-08-27 00:00:00","#2142716",1,1384,1318.1,1
"2026-08-27 00:00:00","#2142726",1,1499,1427.62,1
"2026-08-27 00:00:00","#2142708",1,2349,2237.14,2
"2026-08-27 00:00:00","#2142730",1,1699,1618.1,2
"2026-08-27 00:00:00","#2142700",1,2199,2094.28,2
"2026-08-27 00:00:00","#2142697",1,4598,4379.04,5
"2026-08-27 00:00:00","#2142689",1,192,182.86,1
"2026-08-27 00:00:00","#2142670",1,1599,1522.86,1
"2026-08-27 00:00:00","#2142678",1,1499,1427.62,1
"2026-08-27 00:00:00","#2142666",1,709,675.24,1
"2026-08-27 00:00:00","#2142681",1,1499,1427.62,2
"2026-08-27 00:00:00","#2142721",1,1617,1427.62,2
"2026-08-27 00:00:00","#2142711",1,1817,1618.1,2
"2026-08-27 00:00:00","#2142707",1,1499,1427.62,1
"2026-08-27 00:00:00","#2142729",1,1617,1427.62,2
"2026-08-27 00:00:00","#2142719",1,4196,3996.19,8
"2026-08-27 00:00:00","#2142696",1,899,856.19,1
"2026-08-27 00:00:00","#2142688",1,1817,1618.1,2
"2026-08-27 00:00:00","#2142671",1,1584,1508.57,1
"2026-08-27 00:00:00","#2142679",1,1348,1283.81,1
"2026-08-27 00:00:00","#2142667",1,1617,1427.62,1
"2026-08-27 00:00:00","#2142657",1,1599,1522.86,1
"2026-08-27 00:00:00","#2142680",1,4297,4092.38,5
"2026-08-27 00:00:00","#2142710",1,3727.1,3549.62,5
"2026-08-27 00:00:00","#2142720",1,1898,1807.62,3
"2026-08-27 00:00:00","#2142706",1,1699,1618.1,2
"2026-08-27 00:00:00","#2142718",1,3398,3236.2,6
"2026-08-27 00:00:00","#2142728",1,1547,1473.33,3
"2026-08-27 00:00:00","#2142658",1,1499,1427.62,2
"2026-08-27 00:00:00","#2142668",1,1837,1637.14,2
"2026-08-27 00:00:00","#2142676",1,3183,3031.42,4
"2026-08-27 00:00:00","#2142691",1,1499,1427.62,2
"2026-08-27 00:00:00","#2142687",1,1499,1427.62,1
"2026-08-27 00:00:00","#2142699",1,1699,1618.1,2
"2026-08-27 00:00:00","#2142660",1,1617,1427.62,2
"2026-08-27 00:00:00","#2142727",1,10394,9899.05,12
"2026-08-27 00:00:00","#2142717",1,1817,1618.1,2
"2026-08-27 00:00:00","#2142709",1,1916,1712.38,2
"2026-08-27 00:00:00","#2142701",1,1109,943.81,1
"2026-08-27 00:00:00","#2142731",1,1299,1237.14,1
"2026-08-27 00:00:00","#2142694",1,1499,1427.62,2
"2026-08-27 00:00:00","#2142673",1,1849,1760.95,4
"2026-08-27 00:00:00","#2142665",1,1842.3,1754.57,4
"2026-08-27 00:00:00","#2142682",1,1599,1522.86,1
"2026-08-27 00:00:00","#2142722",1,1499,1427.62,1
"2026-08-27 00:00:00","#2142712",1,2697,2568.57,5
"2026-08-27 00:00:00","#2142704",1,1817,1618.1,2
"2026-08-27 00:00:00","#2142674",1,1699,1618.1,2
"2026-08-27 00:00:00","#2142693",1,1634,1556.19,1
"2026-08-27 00:00:00","#2142685",1,1895,1804.76,2
"2026-08-27 00:00:00","#2142662",1,1426,1358.1,1
"2026-08-27 00:00:00","#2142715",1,2998,2855.24,4
"2026-08-27 00:00:00","#2142725",1,1399,1332.38,1
"2026-08-27 00:00:00","#2142733",1,4298,4093.34,5
"2026-08-27 00:00:00","#2142703",1,1817,1618.1,1
"2026-08-27 00:00:00","#2142675",1,1917,1713.33,1
"2026-08-27 00:00:00","#2142692",1,1817,1618.1,2
"2026-08-27 00:00:00","#2142684",1,1499,1427.62,2
"2026-08-27 00:00:00","#2142663",1,1699,1618.1,2
"2026-08-27 00:00:00","#2142724",1,1349.1,1284.86,1
"2026-08-27 00:00:00","#2142714",1,1817,1618.1,2
"2026-08-27 00:00:00","#2142702",1,2208,2102.86,4
"2026-08-27 00:00:00","#2142732",1,1617,1427.62,2
"2026-08-27 00:00:00","#2142695",1,2878.2,2741.14,4
"2026-08-27 00:00:00","#2142672",1,1499,1427.62,1
"2026-08-27 00:00:00","#2142664",1,1699,1618.1,2
"2026-08-27 00:00:00","#2142683",1,1999,1903.81,1
"2026-08-27 00:00:00","#2142713",1,1817,1618.1,1
"2026-08-27 00:00:00","#2142723",1,1699,1618.1,2
"2026-08-27 00:00:00","#2142705",1,1481,1410.48,1
"2026-08-27 01:00:00","#2142743",1,1617,1427.62,2
"2026-08-27 01:00:00","#2142765",1,1473,1402.86,1
"2026-08-27 01:00:00","#2142755",1,134,127.62,1
"2026-08-27 01:00:00","#2142737",1,2538,2417.14,4
"2026-08-27 01:00:00","#2142744",1,3997,3806.67,7
"2026-08-27 01:00:00","#2142752",1,1499,1427.62,2
"2026-08-27 01:00:00","#2142762",1,1699,1618.1,2
"2026-08-27 01:00:00","#2142738",1,1548,1474.29,2
"2026-08-27 01:00:00","#2142745",1,1499,1427.62,2
"2026-08-27 01:00:00","#2142763",1,1599,1522.86,1
"2026-08-27 01:00:00","#2142753",1,3098,2950.48,5
"2026-08-27 01:00:00","#2142739",1,1617,1427.62,2
"2026-08-27 01:00:00","#2142742",1,1499,1427.62,2
"2026-08-27 01:00:00","#2142754",1,1948,1855.24,4
"2026-08-27 01:00:00","#2142764",1,1499,1427.62,1
"2026-08-27 01:00:00","#2142736",1,1057,1006.66,1
"2026-08-27 01:00:00","#2142747",1,2249,2141.9,2
"2026-08-27 01:00:00","#2142759",1,1599,1522.86,1
"2026-08-27 01:00:00","#2142769",1,2940,2800,3
"2026-08-27 01:00:00","#2142751",1,1617,1427.62,2
"2026-08-27 01:00:00","#2142761",1,1499,1427.62,2
"2026-08-27 01:00:00","#2142740",1,494.1,470.57,1
"2026-08-27 01:00:00","#2142770",1,4498,4283.81,5
"2026-08-27 01:00:00","#2142766",1,1599,1522.86,1
"2026-08-27 01:00:00","#2142756",1,1499,1427.62,2
"2026-08-27 01:00:00","#2142748",1,1967,1760.95,2
"2026-08-27 01:00:00","#2142734",1,2998,2855.24,6
"2026-08-27 01:00:00","#2142771",1,2117,1903.81,2
"2026-08-27 01:00:00","#2142741",1,1499,1427.62,2
"2026-08-27 01:00:00","#2142757",1,4497,4282.86,9
"2026-08-27 01:00:00","#2142767",1,1699,1618.1,2
"2026-08-27 01:00:00","#2142749",1,1395,1328.57,1
"2026-08-27 01:00:00","#2142735",1,3898,3712.38,6
"2026-08-27 01:00:00","#2142746",1,1698,1617.14,3
"2026-08-27 01:00:00","#2142768",1,1359.15,1294.43,1
"2026-08-27 01:00:00","#2142758",1,3258,3102.86,5
"2026-08-27 01:00:00","#2142760",1,1499,1427.62,2
"2026-08-27 01:00:00","#2142750",1,1699,1618.1,2
"2026-08-27 02:00:00","#2142772",1,2566,2331.43,3
"2026-08-27 02:00:00","#2142775",1,1519,1446.66,1
"2026-08-27 02:00:00","#2142774",1,2187,1970.48,2
"2026-08-27 02:00:00","#2142773",1,1584,1508.57,1
"2026-08-27 02:00:00","#2142776",1,1699,1618.1,1
"2026-08-27 02:00:00","#2142779",1,1584,1508.57,1
"2026-08-27 02:00:00","#2142778",1,1617,1427.62,1
"2026-08-27 02:00:00","#2142777",1,1149,1094.29,1
"2026-08-27 03:00:00","#2142793",1,1699,1618.1,1
"2026-08-27 03:00:00","#2142785",1,2166,1950.48,4
"2026-08-27 03:00:00","#2142794",1,2187,1970.48,2
"2026-08-27 03:00:00","#2142782",1,1484,1413.33,1
"2026-08-27 03:00:00","#2142792",1,2000,1904.76,2
"2026-08-27 03:00:00","#2142784",1,1699,1618.1,2
"2026-08-27 03:00:00","#2142789",1,1499,1427.62,2
"2026-08-27 03:00:00","#2142781",1,1499,1427.62,1
"2026-08-27 03:00:00","#2142790",1,1517,1332.38,1
"2026-08-27 03:00:00","#2142786",1,1617,1427.62,2
"2026-08-27 03:00:00","#2142791",1,1767,1570.48,1
"2026-08-27 03:00:00","#2142787",1,1549,1475.24,1
"2026-08-27 03:00:00","#2142780",1,5567.4,5302.29,7
"2026-08-27 04:00:00","#2142797",1,3330,3171.43,4
"2026-08-27 04:00:00","#2142802",1,3848,3664.76,6
"2026-08-27 04:00:00","#2142798",1,1617,1427.62,2
"2026-08-27 04:00:00","#2142803",1,2998,2855.24,6
"2026-08-27 04:00:00","#2142799",1,2069,1970.48,2
"2026-08-27 04:00:00","#2142804",1,2999,2856.2,3
"2026-08-27 04:00:00","#2142796",1,1499,1427.62,2
"2026-08-27 04:00:00","#2142801",1,1367,1189.52,1
"2026-08-27 04:00:00","#2142795",1,1817,1612.48,2
"2026-08-27 04:00:00","#2142800",1,1699,1618.1,2
"2026-08-27 05:00:00","#2142813",1,1499,1427.62,2
"2026-08-27 05:00:00","#2142805",1,1699,1618.1,1
"2026-08-27 05:00:00","#2142812",1,1499,1427.62,1
"2026-08-27 05:00:00","#2142810",1,2069,1970.48,2
"2026-08-27 05:00:00","#2142806",1,1699,1618.1,2
"2026-08-27 05:00:00","#2142809",1,3116,2855.24,5
"2026-08-27 05:00:00","#2142808",1,3095,2835.24,5
"2026-08-27 05:00:00","#2142811",1,1948,1855.24,4
"2026-08-27 05:00:00","#2142807",1,1499,1427.62,2
"2026-08-27 06:00:00","#2142824",1,1848,1760,4
"2026-08-27 06:00:00","#2142814",1,991,943.8,1
"2026-08-27 06:00:00","#2142832",1,1699,1618.1,2
"2026-08-27 06:00:00","#2142823",1,1617,1427.62,2
"2026-08-27 06:00:00","#2142822",1,1699,1618.1,2
"2026-08-27 06:00:00","#2142834",1,1617,1427.62,1
"2026-08-27 06:00:00","#2142815",1,1699,1618.1,2
"2026-08-27 06:00:00","#2142825",1,1699,1618.1,1
"2026-08-27 06:00:00","#2142833",1,989.1,942,1
"2026-08-27 06:00:00","#2142820",1,1998,1902.86,4
"2026-08-27 06:00:00","#2142818",1,1399,1332.38,1
"2026-08-27 06:00:00","#2142828",1,1699,1618.1,2
"2026-08-27 06:00:00","#2142827",1,4598,4379.05,5
"2026-08-27 06:00:00","#2142831",1,1220,1161.9,1
"2026-08-27 06:00:00","#2142816",1,1849,1760.96,2
"2026-08-27 06:00:00","#2142826",1,2248,2140.96,4
"2026-08-27 06:00:00","#2142830",1,1617,1427.62,1
"2026-08-27 06:00:00","#2142821",1,2069,1970.48,2
"2026-08-27 06:00:00","#2142829",1,1699,1618.1,2
"2026-08-27 07:00:00","#2142848",1,1898,1807.62,4
"2026-08-27 07:00:00","#2142878",1,2187,1970.48,2
"2026-08-27 07:00:00","#2142866",1,2187,1970.48,2
"2026-08-27 07:00:00","#2142856",1,1599,1522.86,1
"2026-08-27 07:00:00","#2142840",1,2208,2102.86,4
"2026-08-27 07:00:00","#2142870",1,5097,4854.29,9
"2026-08-27 07:00:00","#2142851",1,1617,1427.62,2
"2026-08-27 07:00:00","#2142861",1,1399,1332.38,1
"2026-08-27 07:00:00","#2142859",1,2552,2318.1,2
"2026-08-27 07:00:00","#2142869",1,2083,1983.81,3
"2026-08-27 07:00:00","#2142847",1,1399,1332.38,1
"2026-08-27 07:00:00","#2142860",1,1717,1522.86,1
"2026-08-27 07:00:00","#2142850",1,1499,1427.62,2
"2026-08-27 07:00:00","#2142868",1,1427,1359.05,1
"2026-08-27 07:00:00","#2142858",1,1617,1427.62,1
"2026-08-27 07:00:00","#2142846",1,1699,1618.1,2
"2026-08-27 07:00:00","#2142876",1,1499,1427.62,2
"2026-08-27 07:00:00","#2142835",1,3726,3548.57,6
"2026-08-27 07:00:00","#2142879",1,1499,1427.62,2
"2026-08-27 07:00:00","#2142849",1,1699,1618.1,2
"2026-08-27 07:00:00","#2142857",1,2248,2140.95,3
"2026-08-27 07:00:00","#2142867",1,1998,1902.86,4
"2026-08-27 07:00:00","#2142841",1,1817,1618.1,2
"2026-08-27 07:00:00","#2142838",1,2998,2855.24,4
"2026-08-27 07:00:00","#2142852",1,1699,1618.1,2
"2026-08-27 07:00:00","#2142862",1,1499,1427.62,2
"2026-08-27 07:00:00","#2142874",1,2187,1970.48,2
"2026-08-27 07:00:00","#2142844",1,2797,2663.81,5
"2026-08-27 07:00:00","#2142837",1,4416,4205.72,7
"2026-08-27 07:00:00","#2142865",1,1809,1722.86,2
"2026-08-27 07:00:00","#2142855",1,2066,1855.24,4
"2026-08-27 07:00:00","#2142843",1,1499,1427.62,2
"2026-08-27 07:00:00","#2142873",1,1599,1522.86,1
"2026-08-27 07:00:00","#2142836",1,1349.1,1284.86,1
"2026-08-27 07:00:00","#2142854",1,1499,1427.62,2
"2026-08-27 07:00:00","#2142864",1,2069,1970.48,2
"2026-08-27 07:00:00","#2142872",1,1817,1618.1,2
"2026-08-27 07:00:00","#2142842",1,891.9,849.43,1
"2026-08-27 07:00:00","#2142839",1,1499,1427.62,2
"2026-08-27 07:00:00","#2142863",1,2069,1970.48,2
"2026-08-27 07:00:00","#2142853",1,1499,1427.62,2
"2026-08-27 07:00:00","#2142845",1,1549,1475.24,1
"2026-08-27 07:00:00","#2142875",1,1351,1286.67,1
"2026-08-27 08:00:00","#2142885",1,1549,1475.24,1
"2026-08-27 08:00:00","#2142959",1,1699,1618.1,2
"2026-08-27 08:00:00","#2142947",1,1699,1618.1,2
"2026-08-27 08:00:00","#2142893",1,1998,1902.86,4
"2026-08-27 08:00:00","#2142961",1,1484,1413.33,1
"2026-08-27 08:00:00","#2142951",1,1499,1427.62,2
"2026-08-27 08:00:00","#2142933",1,3048,2902.86,5
"2026-08-27 08:00:00","#2142903",1,1519,1446.67,1
"2026-08-27 08:00:00","#2142915",1,2069,1970.48,2
"2026-08-27 08:00:00","#2142925",1,1499,1427.62,1
"2026-08-27 08:00:00","#2142882",1,2069,1970.48,2
"2026-08-27 08:00:00","#2142940",1,2149,2046.67,2
"2026-08-27 08:00:00","#2142894",1,1499,1427.62,2
"2026-08-27 08:00:00","#2142948",1,1637,1446.67,1
"2026-08-27 08:00:00","#2142956",1,1948,1855.24,4
"2026-08-27 08:00:00","#2142966",1,1499,1427.62,1
"2026-08-27 08:00:00","#2142904",1,1499,1427.62,2
"2026-08-27 08:00:00","#2142934",1,5255,5004.76,9
"2026-08-27 08:00:00","#2142922",1,1499,1427.62,1
"2026-08-27 08:00:00","#2142912",1,1549,1475.24,1
"2026-08-27 08:00:00","#2142883",1,1817,1618.1,2
"2026-08-27 08:00:00","#2142941",1,1794,1678.9,3
"2026-08-27 08:00:00","#2142949",1,1699,1618.1,2
"2026-08-27 08:00:00","#2142895",1,4797,4568.57,6
"2026-08-27 08:00:00","#2142967",1,1499,1427.62,2
"2026-08-27 08:00:00","#2142957",1,1799,1713.33,1
"2026-08-27 08:00:00","#2142935",1,1499,1427.62,2
"2026-08-27 08:00:00","#2142905",1,1617,1427.62,2
"2026-08-27 08:00:00","#2142923",1,1499,1427.62,2
"2026-08-27 08:00:00","#2142958",1,1277.1,1216.29,1
"2026-08-27 08:00:00","#2142884",1,1898,1807.62,4
"2026-08-27 08:00:00","#2142946",1,1499,1427.62,2
"2026-08-27 08:00:00","#2142892",1,1399,1332.38,2
"2026-08-27 08:00:00","#2142950",1,1820,1733.33,2
"2026-08-27 08:00:00","#2142960",1,2069,1970.48,2
"2026-08-27 08:00:00","#2142902",1,1617,1427.62,1
"2026-08-27 08:00:00","#2142932",1,1387,1320.95,1
"2026-08-27 08:00:00","#2142924",1,2198,2093.33,4
"2026-08-27 08:00:00","#2142914",1,1499,1427.62,2
"2026-08-27 08:00:00","#2142943",1,1499,1427.62,1
"2026-08-27 08:00:00","#2142881",1,1717,1522.86,1
"2026-08-27 08:00:00","#2142955",1,1717,1522.86,1
"2026-08-27 08:00:00","#2142889",1,1499,1427.62,1
"2026-08-27 08:00:00","#2142965",1,1499,1427.62,2
"2026-08-27 08:00:00","#2142897",1,1504,1432.38,1
"2026-08-27 08:00:00","#2142929",1,2490,2371.43,4
"2026-08-27 08:00:00","#2142919",1,1699,1618.1,1
"2026-08-27 08:00:00","#2142907",1,1369,1303.81,1
"2026-08-27 08:00:00","#2142937",1,1399,1332.38,2
"2026-08-27 08:00:00","#2142921",1,1817,1618.1,2
"2026-08-27 08:00:00","#2142911",1,1499,1427.62,1
"2026-08-27 08:00:00","#2142944",1,2998,2855.24,5
"2026-08-27 08:00:00","#2142898",1,1599,1522.86,1
"2026-08-27 08:00:00","#2142886",1,1599,1522.86,1
"2026-08-27 08:00:00","#2142962",1,1499,1427.62,2
"2026-08-27 08:00:00","#2142952",1,2697,2568.57,5
"2026-08-27 08:00:00","#2142890",1,1699,1618.1,2
"2026-08-27 08:00:00","#2142930",1,1882,1792.38,2
"2026-08-27 08:00:00","#2142900",1,1499,1427.62,1
"2026-08-27 08:00:00","#2142938",1,1499,1427.62,2
"2026-08-27 08:00:00","#2142908",1,1699,1618.1,2
"2026-08-27 08:00:00","#2142916",1,2998,2855.24,5
"2026-08-27 08:00:00","#2142926",1,1897,1806.66,5
"2026-08-27 08:00:00","#2142899",1,1817,1618.1,2
"2026-08-27 08:00:00","#2142945",1,1499,1427.62,2
"2026-08-27 08:00:00","#2142887",1,2048,1950.48,3
"2026-08-27 08:00:00","#2142953",1,1699,1618.1,2
"2026-08-27 08:00:00","#2142963",1,3160,2677.96,3
"2026-08-27 08:00:00","#2142891",1,1717,1522.86,1
"2026-08-27 08:00:00","#2142901",1,1617,1427.62,1
"2026-08-27 08:00:00","#2142931",1,2249,2141.9,2
"2026-08-27 08:00:00","#2142909",1,899,856.19,1
"2026-08-27 08:00:00","#2142939",1,1717,1522.86,1
"2026-08-27 08:00:00","#2142927",1,1399,1332.38,1
"2026-08-27 08:00:00","#2142917",1,842.35,802.24,1
"2026-08-27 08:00:00","#2142942",1,1599,1522.86,1
"2026-08-27 08:00:00","#2142880",1,1499,1427.62,2
"2026-08-27 08:00:00","#2142888",1,1499,1427.62,2
"2026-08-27 08:00:00","#2142964",1,1599,1522.86,1
"2026-08-27 08:00:00","#2142954",1,1998,1902.86,3
"2026-08-27 08:00:00","#2142918",1,3048,2902.86,4
"2026-08-27 08:00:00","#2142936",1,1519,1446.67,1
"2026-08-27 08:00:00","#2142906",1,1867,1665.71,1
"2026-08-27 08:00:00","#2142910",1,1817,1618.1,2
"2026-08-27 08:00:00","#2142920",1,4497,4282.86,8
"2026-08-27 09:00:00","#2142981",1,1684,1603.81,1
"2026-08-27 09:00:00","#2143030",1,1848,1760,3
"2026-08-27 09:00:00","#2143000",1,1225,1166.66,1
"2026-08-27 09:00:00","#2142978",1,1717,1522.86,1
"2026-08-27 09:00:00","#2143103",1,1499,1427.62,2
"2026-08-27 09:00:00","#2142970",1,1499,1427.62,2
"2026-08-27 09:00:00","#2143016",1,1599,1522.86,1
"2026-08-27 09:00:00","#2142997",1,2998,2855.24,5
"2026-08-27 09:00:00","#2143026",1,2998,2855.24,6
"2026-08-27 09:00:00","#2143038",1,4075,3880.95,5
"2026-08-27 09:00:00","#2142989",1,1187,1127.52,1
"2026-08-27 09:00:00","#2143008",1,2517,2284.76,2
"2026-08-27 09:00:00","#2143093",1,1699,1618.1,1
"2026-08-27 09:00:00","#2143044",1,2983,2840.95,4
"2026-08-27 09:00:00","#2143074",1,963,917.14,1
"2026-08-27 09:00:00","#2143062",1,1499,1427.62,2
"2026-08-27 09:00:00","#2143052",1,1948,1855.24,4
"2026-08-27 09:00:00","#2143085",1,1349.1,1284.86,1
"2026-08-27 09:00:00","#2143007",1,1717,1522.86,1
"2026-08-27 09:00:00","#2142986",1,2248,2140.96,3
"2026-08-27 09:00:00","#2143037",1,1499,1427.62,1
"2026-08-27 09:00:00","#2143029",1,1599,1522.86,1
"2026-08-27 09:00:00","#2142998",1,1998,1902.86,4
"2026-08-27 09:00:00","#2143019",1,1447,1378.1,1
"2026-08-27 09:00:00","#2142990",1,1499,1427.62,2
"2026-08-27 09:00:00","#2143021",1,3098,2950.48,5
"2026-08-27 09:00:00","#2143011",1,1109,943.81,1
"2026-08-27 09:00:00","#2143104",1,1617,1427.62,1
"2026-08-27 09:00:00","#2142969",1,1933,1840.95,3
"2026-08-27 09:00:00","#2142977",1,891.9,849.42,1
"2026-08-27 09:00:00","#2143073",1,1617,1427.62,2
"2026-08-27 09:00:00","#2143043",1,1499,1427.62,1
"2026-08-27 09:00:00","#2143094",1,1499,1427.62,2
"2026-08-27 09:00:00","#2143082",1,1214.1,1156.29,1
"2026-08-27 09:00:00","#2143055",1,1399,1332.38,1
"2026-08-27 09:00:00","#2143065",1,599,570.48,1
"2026-08-27 09:00:00","#2143036",1,1499,1427.62,2
"2026-08-27 09:00:00","#2142987",1,1890,1800,3
"2026-08-27 09:00:00","#2143006",1,1529.1,1456.29,1
"2026-08-27 09:00:00","#2143018",1,1279,1218.1,1
"2026-08-27 09:00:00","#2142999",1,1717,1522.86,1
"2026-08-27 09:00:00","#2143028",1,1699,1618.1,2
"2026-08-27 09:00:00","#2143010",1,1499,1427.62,2
"2026-08-27 09:00:00","#2143020",1,2999,2856.19,3
"2026-08-27 09:00:00","#2142991",1,1699,1618.1,2
"2026-08-27 09:00:00","#2142968",1,1399,1332.38,1
"2026-08-27 09:00:00","#2143105",1,1848,1760,3
"2026-08-27 09:00:00","#2142976",1,1499,1427.62,2
"2026-08-27 09:00:00","#2143042",1,1898,1807.62,4
"2026-08-27 09:00:00","#2143072",1,1617,1427.62,2
"2026-08-27 09:00:00","#2143095",1,2916,2664.76,4
"2026-08-27 09:00:00","#2143083",1,1499,1427.62,1
"2026-08-27 09:00:00","#2143064",1,1499,1427.62,2
"2026-08-27 09:00:00","#2143054",1,2069,1970.48,2
"2026-08-27 09:00:00","#2143001",1,1499,1427.62,2
"2026-08-27 09:00:00","#2143031",1,3108,2960,4
"2026-08-27 09:00:00","#2142980",1,1831,1743.81,3
"2026-08-27 09:00:00","#2142979",1,1602,1413.33,1
"2026-08-27 09:00:00","#2143102",1,1499,1427.62,2
"2026-08-27 09:00:00","#2142971",1,1717,1522.86,1
"2026-08-27 09:00:00","#2143027",1,1499,1427.62,2
"2026-08-27 09:00:00","#2142996",1,845,804.76,1
"2026-08-27 09:00:00","#2143017",1,1599,1522.86,1
"2026-08-27 09:00:00","#2143009",1,3116,2855.24,6
"2026-08-27 09:00:00","#2142988",1,1499,1427.62,2
"2026-08-27 09:00:00","#2143039",1,2490,2371.43,4
"2026-08-27 09:00:00","#2143092",1,1979,1772.38,2
"2026-08-27 09:00:00","#2143075",1,1617,1427.62,2
"2026-08-27 09:00:00","#2143045",1,2832,2697.14,4
"2026-08-27 09:00:00","#2143053",1,1435,1366.66,1
"2026-08-27 09:00:00","#2143063",1,1699,1618.1,2
"2026-08-27 09:00:00","#2143084",1,2349,2237.14,2
"2026-08-27 09:00:00","#2143004",1,2248,2140.95,3
"2026-08-27 09:00:00","#2142985",1,1549,1475.24,1
"2026-08-27 09:00:00","#2143034",1,1917,1713.33,1
"2026-08-27 09:00:00","#2142993",1,1599,1522.86,1
"2026-08-27 09:00:00","#2143022",1,2069,1970.48,2
"2026-08-27 09:00:00","#2143012",1,1499,1427.62,2
"2026-08-27 09:00:00","#2142974",1,3098,2950.48,4
"2026-08-27 09:00:00","#2143070",1,1617,1427.62,2
"2026-08-27 09:00:00","#2143040",1,1399,1332.38,1
"2026-08-27 09:00:00","#2143089",1,1637,1441.05,1
"2026-08-27 09:00:00","#2143097",1,2187,1970.48,2
"2026-08-27 09:00:00","#2143081",1,1499,1427.62,2
"2026-08-27 09:00:00","#2143056",1,1499,1427.62,2
"2026-08-27 09:00:00","#2143066",1,3116,2855.24,5
"2026-08-27 09:00:00","#2143078",1,1948,1855.24,3
"2026-08-27 09:00:00","#2143048",1,1817,1618.1,1
"2026-08-27 09:00:00","#2142982",1,1499,1427.62,2
"2026-08-27 09:00:00","#2143033",1,1499,1427.62,2
"2026-08-27 09:00:00","#2143003",1,1499,1427.62,2
"2026-08-27 09:00:00","#2142973",1,1599,1522.86,1
"2026-08-27 09:00:00","#2143100",1,1599,1522.86,1
"2026-08-27 09:00:00","#2143015",1,1848,1760,4
"2026-08-27 09:00:00","#2142994",1,1738,1655.24,2
"2026-08-27 09:00:00","#2143025",1,1699,1618.1,2
"2026-08-27 09:00:00","#2143090",1,1649,1570.48,1
"2026-08-27 09:00:00","#2143047",1,1702,1508.57,1
"2026-08-27 09:00:00","#2143077",1,1256,1196.19,1
"2026-08-27 09:00:00","#2143069",1,1699,1618.1,2
"2026-08-27 09:00:00","#2143059",1,3248,3093.33,4
"2026-08-27 09:00:00","#2143061",1,1897,1806.67,5
"2026-08-27 09:00:00","#2143051",1,1599,1522.86,1
"2026-08-27 09:00:00","#2143098",1,3848,3664.76,6
"2026-08-27 09:00:00","#2143086",1,1699,1618.1,1
"2026-08-27 09:00:00","#2143002",1,1499,1427.62,1
"2026-08-27 09:00:00","#2143032",1,1557.1,1370.58,1
"2026-08-27 09:00:00","#2142983",1,1499,1427.62,2
"2026-08-27 09:00:00","#2142972",1,1399,1332.38,1
"2026-08-27 09:00:00","#2143101",1,1499,1427.62,2
"2026-08-27 09:00:00","#2143024",1,1499,1427.62,2
"2026-08-27 09:00:00","#2142995",1,1257,1197.14,1
"2026-08-27 09:00:00","#2143014",1,1898,1807.62,4
"2026-08-27 09:00:00","#2143091",1,1499,1427.62,1
"2026-08-27 09:00:00","#2143076",1,3098,2950.48,4
"2026-08-27 09:00:00","#2143046",1,1898,1807.62,4
"2026-08-27 09:00:00","#2143058",1,1617,1427.62,2
"2026-08-27 09:00:00","#2143068",1,1499,1427.62,2
"2026-08-27 09:00:00","#2143050",1,1998,1902.86,4
"2026-08-27 09:00:00","#2143060",1,1499,1427.62,2
"2026-08-27 09:00:00","#2143099",1,1079,1027.62,1
"2026-08-27 09:00:00","#2143087",1,1499,1427.62,2
"2026-08-27 09:00:00","#2143035",1,1599,1522.86,1
"2026-08-27 09:00:00","#2142984",1,1499,1427.62,2
"2026-08-27 09:00:00","#2143005",1,1499,1427.62,1
"2026-08-27 09:00:00","#2143013",1,3897,3711.43,8
"2026-08-27 09:00:00","#2143023",1,1499,1427.62,2
"2026-08-27 09:00:00","#2142992",1,1699,1618.1,2
"2026-08-27 09:00:00","#2142975",1,1617,1427.62,2
"2026-08-27 09:00:00","#2143106",1,3091,2831.42,5
"2026-08-27 09:00:00","#2143041",1,1499,1427.62,2
"2026-08-27 09:00:00","#2143071",1,1699,1618.1,2
"2026-08-27 09:00:00","#2143088",1,2699,2570.48,3
"2026-08-27 09:00:00","#2143096",1,1648,1569.52,2
"2026-08-27 09:00:00","#2143080",1,1699,1618.1,2
"2026-08-27 09:00:00","#2143067",1,1998,1902.86,4
"2026-08-27 09:00:00","#2143057",1,1399,1332.38,1
"2026-08-27 09:00:00","#2143049",1,2069,1970.48,2
"2026-08-27 09:00:00","#2143079",1,599,570.48,1
"2026-08-27 10:00:00","#2143165",1,1848,1760,4
"2026-08-27 10:00:00","#2143155",1,1499,1427.62,2
"2026-08-27 10:00:00","#2143182",1,1499,1427.62,2
"2026-08-27 10:00:00","#2143194",1,1399,1332.38,1
"2026-08-27 10:00:00","#2143143",1,1190,1133.33,1
"2026-08-27 10:00:00","#2143173",1,1499,1427.62,1
"2026-08-27 10:00:00","#2143208",1,1499,1427.62,2
"2026-08-27 10:00:00","#2143238",1,3116,2855.24,4
"2026-08-27 10:00:00","#2143111",1,1499,1427.62,1
"2026-08-27 10:00:00","#2143226",1,5096,4853.33,10
"2026-08-27 10:00:00","#2143121",1,1617,1427.62,2
"2026-08-27 10:00:00","#2143216",1,1617,1427.62,1
"2026-08-27 10:00:00","#2143119",1,2069,1970.48,2
"2026-08-27 10:00:00","#2143129",1,1484,1413.33,1
"2026-08-27 10:00:00","#2143200",1,1349.1,1284.86,1
"2026-08-27 10:00:00","#2143137",1,1599,1522.86,1
"2026-08-27 10:00:00","#2143230",1,1399,1332.38,1
"2026-08-27 10:00:00","#2143107",1,3082,2935.24,5
"2026-08-27 10:00:00","#2143185",1,1499,1427.62,1
"2026-08-27 10:00:00","#2143152",1,1499,1427.62,1
"2026-08-27 10:00:00","#2143162",1,1898,1807.62,4
"2026-08-27 10:00:00","#2143174",1,1249,1189.52,1
"2026-08-27 10:00:00","#2143144",1,1717,1522.86,1
"2026-08-27 10:00:00","#2143193",1,1699,1618.1,2
"2026-08-27 10:00:00","#2143108",1,2998,2855.24,6
"2026-08-27 10:00:00","#2143138",1,1299,1237.14,1
"2026-08-27 10:00:00","#2143126",1,1599,1522.86,1
"2026-08-27 10:00:00","#2143211",1,1499,1427.62,2
"2026-08-27 10:00:00","#2143116",1,934.15,889.67,1
"2026-08-27 10:00:00","#2143221",1,1499,1427.62,2
"2026-08-27 10:00:00","#2143219",1,1799,1713.33,1
"2026-08-27 10:00:00","#2143229",1,2198,2093.33,4
"2026-08-27 10:00:00","#2143237",1,1649,1570.48,1
"2026-08-27 10:00:00","#2143207",1,1134,1080,1
"2026-08-27 10:00:00","#2143130",1,2998,2855.24,5
"2026-08-27 10:00:00","#2143184",1,1499,1427.62,2
"2026-08-27 10:00:00","#2143163",1,2436,2207.62,3
"2026-08-27 10:00:00","#2143153",1,1060,1009.52,1
"2026-08-27 10:00:00","#2143145",1,1617,1427.62,2
"2026-08-27 10:00:00","#2143175",1,2998,2855.24,4
"2026-08-27 10:00:00","#2143192",1,1699,1618.1,2
"2026-08-27 10:00:00","#2143139",1,1517,1332.38,1
"2026-08-27 10:00:00","#2143109",1,1349.1,1284.86,1
"2026-08-27 10:00:00","#2143117",1,1817,1618.1,2
"2026-08-27 10:00:00","#2143220",1,1998,1693.22,3
"2026-08-27 10:00:00","#2143127",1,1499,1427.62,1
"2026-08-27 10:00:00","#2143228",1,1617,1427.62,2
"2026-08-27 10:00:00","#2143218",1,1817,1618.1,2
"2026-08-27 10:00:00","#2143206",1,1699,1618.1,2
"2026-08-27 10:00:00","#2143131",1,1699,1618.1,2
"2026-08-27 10:00:00","#2143236",1,2187,1970.48,2
"2026-08-27 10:00:00","#2143154",1,1499,1427.62,2
"2026-08-27 10:00:00","#2143164",1,1817,1618.1,2
"2026-08-27 10:00:00","#2143183",1,1599,1522.86,1
"2026-08-27 10:00:00","#2143195",1,1867,1665.72,1
"2026-08-27 10:00:00","#2143172",1,2016,1807.62,4
"2026-08-27 10:00:00","#2143142",1,1599,1522.86,1
"2026-08-27 10:00:00","#2143239",1,1499,1427.62,1
"2026-08-27 10:00:00","#2143209",1,1109,938.19,1
"2026-08-27 10:00:00","#2143120",1,1599,1522.86,1
"2026-08-27 10:00:00","#2143217",1,1533,1460,1
"2026-08-27 10:00:00","#2143110",1,1617,1427.62,1
"2026-08-27 10:00:00","#2143227",1,1699,1618.1,2
"2026-08-27 10:00:00","#2143128",1,1517,1332.38,1
"2026-08-27 10:00:00","#2143118",1,1499,1427.62,2
"2026-08-27 10:00:00","#2143231",1,1109,943.81,1
"2026-08-27 10:00:00","#2143201",1,1699,1618.1,2
"2026-08-27 10:00:00","#2143136",1,84,80,1
"2026-08-27 10:00:00","#2143198",1,1399,1332.38,1
"2026-08-27 10:00:00","#2143151",1,1499,1427.62,2
"2026-08-27 10:00:00","#2143161",1,1699,1618.1,2
"2026-08-27 10:00:00","#2143159",1,1599,1522.86,1
"2026-08-27 10:00:00","#2143169",1,1509,1437.14,1
"2026-08-27 10:00:00","#2143177",1,1359.15,1294.43,1
"2026-08-27 10:00:00","#2143240",1,1699,1618.1,1
"2026-08-27 10:00:00","#2143147",1,1948,1855.24,4
"2026-08-27 10:00:00","#2143190",1,1599,1522.86,1
"2026-08-27 10:00:00","#2143125",1,1445,1376.2,1
"2026-08-27 10:00:00","#2143222",1,1499,1427.62,2
"2026-08-27 10:00:00","#2143115",1,5996,5710.48,9
"2026-08-27 10:00:00","#2143234",1,1499,1427.62,2
"2026-08-27 10:00:00","#2143133",1,1499,1427.62,2
"2026-08-27 10:00:00","#2143204",1,1699,1618.1,2
"2026-08-27 10:00:00","#2143148",1,1637,1446.67,1
"2026-08-27 10:00:00","#2143178",1,1584,1508.58,1
"2026-08-27 10:00:00","#2143166",1,1782,1697.14,3
"2026-08-27 10:00:00","#2143156",1,1717,1522.86,1
"2026-08-27 10:00:00","#2143181",1,1483.2,1412.57,2
"2026-08-27 10:00:00","#2143197",1,3198,3045.71,5
"2026-08-27 10:00:00","#2143140",1,1399,1332.38,1
"2026-08-27 10:00:00","#2143170",1,1069,1018.1,1
"2026-08-27 10:00:00","#2143225",1,1499,1427.62,2
"2026-08-27 10:00:00","#2143112",1,1499,1427.62,2
"2026-08-27 10:00:00","#2143215",1,1499,1427.62,1
"2026-08-27 10:00:00","#2143122",1,1499,1427.62,2
"2026-08-27 10:00:00","#2143134",1,1144,1089.52,1
"2026-08-27 10:00:00","#2143203",1,1486.4,1415.62,2
"2026-08-27 10:00:00","#2143233",1,2069,1970.48,2
"2026-08-27 10:00:00","#2143179",1,1699,1618.1,2
"2026-08-27 10:00:00","#2143149",1,3066,2807.62,5
"2026-08-27 10:00:00","#2143157",1,1766,1569.52,2
"2026-08-27 10:00:00","#2143167",1,1637,1446.67,1
"2026-08-27 10:00:00","#2143180",1,922,878.1,1
"2026-08-27 10:00:00","#2143196",1,1948,1855.24,3
"2026-08-27 10:00:00","#2143188",1,2578,2455.24,4
"2026-08-27 10:00:00","#2143171",1,3398,3236.19,4
"2026-08-27 10:00:00","#2143141",1,1499,1427.62,1
"2026-08-27 10:00:00","#2143214",1,1767,1570.48,1
"2026-08-27 10:00:00","#2143123",1,1599,1522.86,1
"2026-08-27 10:00:00","#2143224",1,1499,1427.62,2
"2026-08-27 10:00:00","#2143113",1,2069,1970.48,2
"2026-08-27 10:00:00","#2143232",1,3116,2855.24,5
"2026-08-27 10:00:00","#2143135",1,1519,1446.67,1
"2026-08-27 10:00:00","#2143202",1,1599,1522.86,1
"2026-08-27 10:00:00","#2143187",1,1499,1427.62,2
"2026-08-27 10:00:00","#2143199",1,1499,1427.62,2
"2026-08-27 10:00:00","#2143160",1,1699,1618.1,2
"2026-08-27 10:00:00","#2143150",1,1499,1427.62,2
"2026-08-27 10:00:00","#2143168",1,1367.1,1302,1
"2026-08-27 10:00:00","#2143158",1,3778.2,3598.29,5
"2026-08-27 10:00:00","#2143146",1,2567,2332.38,2
"2026-08-27 10:00:00","#2143176",1,1699,1618.1,2
"2026-08-27 10:00:00","#2143241",1,2998,2855.24,6
"2026-08-27 10:00:00","#2143191",1,1519,1446.67,1
"2026-08-27 10:00:00","#2143223",1,1549,1475.24,1
"2026-08-27 10:00:00","#2143114",1,1064,1013.34,1
"2026-08-27 10:00:00","#2143213",1,1699,1618.1,2
"2026-08-27 10:00:00","#2143124",1,1716,1521.9,2
"2026-08-27 10:00:00","#2143132",1,1698,1617.14,3
"2026-08-27 10:00:00","#2143205",1,1291.15,1229.67,1
"2026-08-27 10:00:00","#2143235",1,0,0,2
"2026-08-27 11:00:00","#2143300",1,1499,1427.62,2
"2026-08-27 11:00:00","#2143330",1,2916,2664.76,3
"2026-08-27 11:00:00","#2143308",1,1699,1618.1,2
"2026-08-27 11:00:00","#2143338",1,1617,1427.62,2
"2026-08-27 11:00:00","#2143326",1,991,943.81,1
"2026-08-27 11:00:00","#2143316",1,1998,1902.86,4
"2026-08-27 11:00:00","#2143251",1,3898,3712.38,6
"2026-08-27 11:00:00","#2143261",1,891.9,849.43,1
"2026-08-27 11:00:00","#2143298",1,1599,1522.86,1
"2026-08-27 11:00:00","#2143374",1,1699,1618.1,2
"2026-08-27 11:00:00","#2143286",1,1982,1887.62,3
"2026-08-27 11:00:00","#2143352",1,3048,2902.86,4
"2026-08-27 11:00:00","#2143362",1,3016,2760,5
"2026-08-27 11:00:00","#2143290",1,2689,2560.95,5
"2026-08-27 11:00:00","#2143277",1,1617,1427.62,2
"2026-08-27 11:00:00","#2143247",1,1617,1427.62,1
"2026-08-27 11:00:00","#2143259",1,580,552.38,1
"2026-08-27 11:00:00","#2143385",1,1499,1427.62,1
"2026-08-27 11:00:00","#2143269",1,1267,1094.29,1
"2026-08-27 11:00:00","#2143319",1,1898,1807.62,4
"2026-08-27 11:00:00","#2143329",1,1499,1427.62,2
"2026-08-27 11:00:00","#2143337",1,1399,1332.38,2
"2026-08-27 11:00:00","#2143307",1,4895,4661.9,9
"2026-08-27 11:00:00","#2143311",1,1499,1427.62,2
"2026-08-27 11:00:00","#2143373",1,1107,1054.29,1
"2026-08-27 11:00:00","#2143281",1,2648,2521.9,3
"2026-08-27 11:00:00","#2143266",1,1499,1427.62,1
"2026-08-27 11:00:00","#2143256",1,1848,1760,3
"2026-08-27 11:00:00","#2143248",1,3989,3799.04,7
"2026-08-27 11:00:00","#2143278",1,1699,1618.1,2
"2026-08-27 11:00:00","#2143270",1,3167,3016.19,5
"2026-08-27 11:00:00","#2143382",1,2998,2855.24,6
"2026-08-27 11:00:00","#2143365",1,1499,1427.62,1
"2026-08-27 11:00:00","#2143289",1,2998,2855.24,4
"2026-08-27 11:00:00","#2143355",1,1699,1618.1,2
"2026-08-27 11:00:00","#2143297",1,1717,1522.86,1
"2026-08-27 11:00:00","#2143328",1,2183,2079.05,3
"2026-08-27 11:00:00","#2143318",1,2800,2666.67,4
"2026-08-27 11:00:00","#2143306",1,2608,2483.81,3
"2026-08-27 11:00:00","#2143320",1,1699,1618.1,2
"2026-08-27 11:00:00","#2143310",1,1499,1427.62,2
"2026-08-27 11:00:00","#2143372",1,1228,1057.14,1
"2026-08-27 11:00:00","#2143342",1,2198,2093.34,4
"2026-08-27 11:00:00","#2143280",1,1584,1508.57,1
"2026-08-27 11:00:00","#2143257",1,1499,1427.62,2
"2026-08-27 11:00:00","#2143267",1,1499,1427.62,2
"2026-08-27 11:00:00","#2143279",1,1499,1427.62,1
"2026-08-27 11:00:00","#2143249",1,1998,1902.86,4
"2026-08-27 11:00:00","#2143271",1,1817,1618.1,2
"2026-08-27 11:00:00","#2143383",1,1499,1427.62,2
"2026-08-27 11:00:00","#2143354",1,1499,1427.62,2
"2026-08-27 11:00:00","#2143288",1,702,668.57,1
"2026-08-27 11:00:00","#2143296",1,1862.1,1773.43,2
"2026-08-27 11:00:00","#2143331",1,1998,1902.86,4
"2026-08-27 11:00:00","#2143339",1,1399,1332.38,1
"2026-08-27 11:00:00","#2143309",1,1999,1903.81,2
"2026-08-27 11:00:00","#2143317",1,1499,1427.62,2
"2026-08-27 11:00:00","#2143327",1,1499,1427.62,2
"2026-08-27 11:00:00","#2143260",1,2069,1970.48,2
"2026-08-27 11:00:00","#2143250",1,1999,1903.81,2
"2026-08-27 11:00:00","#2143345",1,2054,1956.19,2
"2026-08-27 11:00:00","#2143299",1,2028,1931.43,3
"2026-08-27 11:00:00","#2143375",1,2248,2140.95,3
"2026-08-27 11:00:00","#2143363",1,2286.24,2177.37,3
"2026-08-27 11:00:00","#2143353",1,3198,3045.71,5
"2026-08-27 11:00:00","#2143291",1,3398,3236.19,6
"2026-08-27 11:00:00","#2143246",1,0,0,1
"2026-08-27 11:00:00","#2143276",1,1559,1458.29,3
"2026-08-27 11:00:00","#2143384",1,1499,1427.62,2
"2026-08-27 11:00:00","#2143268",1,1817,1618.1,1
"2026-08-27 11:00:00","#2143258",1,3198,3045.71,6
"2026-08-27 11:00:00","#2143334",1,1499,1427.62,2
"2026-08-27 11:00:00","#2143304",1,1499,1427.62,2
"2026-08-27 11:00:00","#2143312",1,1109,943.81,1
"2026-08-27 11:00:00","#2143322",1,3198,3045.72,4
"2026-08-27 11:00:00","#2143282",1,1499,1427.62,2
"2026-08-27 11:00:00","#2143340",1,1617,1427.62,1
"2026-08-27 11:00:00","#2143370",1,1499,1427.62,2
"2026-08-27 11:00:00","#2143265",1,1499,1427.62,2
"2026-08-27 11:00:00","#2143255",1,1898,1807.62,4
"2026-08-27 11:00:00","#2143381",1,1433,1364.76,1
"2026-08-27 11:00:00","#2143243",1,1699,1618.1,1
"2026-08-27 11:00:00","#2143273",1,2098,1998.1,3
"2026-08-27 11:00:00","#2143348",1,1499,1427.62,2
"2026-08-27 11:00:00","#2143294",1,3948,3760,6
"2026-08-27 11:00:00","#2143378",1,1499,1427.62,2
"2026-08-27 11:00:00","#2143366",1,2808,2674.29,4
"2026-08-27 11:00:00","#2143356",1,2998,2855.24,6
"2026-08-27 11:00:00","#2143303",1,1157,989.52,1
"2026-08-27 11:00:00","#2143333",1,0,0,1
"2026-08-27 11:00:00","#2143325",1,1499,1427.62,2
"2026-08-27 11:00:00","#2143315",1,991,943.8,1
"2026-08-27 11:00:00","#2143252",1,2717,2475.24,2
"2026-08-27 11:00:00","#2143262",1,1499,1427.62,2
"2026-08-27 11:00:00","#2143359",1,899,856.19,1
"2026-08-27 11:00:00","#2143285",1,1399,1332.38,1
"2026-08-27 11:00:00","#2143377",1,2998,2855.24,4
"2026-08-27 11:00:00","#2143347",1,2349,2237.14,2
"2026-08-27 11:00:00","#2143293",1,1699,1618.1,2
"2026-08-27 11:00:00","#2143361",1,2256,2036.2,3
"2026-08-27 11:00:00","#2143386",1,1061.1,1010.58,1
"2026-08-27 11:00:00","#2143244",1,1499,1427.62,2
"2026-08-27 11:00:00","#2143332",1,1817,1618.1,2
"2026-08-27 11:00:00","#2143302",1,2069,1970.48,2
"2026-08-27 11:00:00","#2143314",1,2883,2745.71,4
"2026-08-27 11:00:00","#2143324",1,2898,2760,5
"2026-08-27 11:00:00","#2143263",1,1649,1570.48,1
"2026-08-27 11:00:00","#2143368",1,1617,1427.62,2
"2026-08-27 11:00:00","#2143284",1,1499,1427.62,1
"2026-08-27 11:00:00","#2143358",1,1349,1284.76,1
"2026-08-27 11:00:00","#2143346",1,1815,1728.57,2
"2026-08-27 11:00:00","#2143376",1,1499,1427.62,2
"2026-08-27 11:00:00","#2143292",1,256,216.94,1
"2026-08-27 11:00:00","#2143360",1,1399,1332.38,1
"2026-08-27 11:00:00","#2143350",1,549,522.86,1
"2026-08-27 11:00:00","#2143245",1,1898,1807.62,4
"2026-08-27 11:00:00","#2143275",1,3568,3398.1,5
"2026-08-27 11:00:00","#2143305",1,2449,2332.38,2
"2026-08-27 11:00:00","#2143335",1,1599,1522.86,1
"2026-08-27 11:00:00","#2143323",1,1817,1618.1,2
"2026-08-27 11:00:00","#2143313",1,1499,1427.62,2
"2026-08-27 11:00:00","#2143283",1,1699,1618.1,2
"2026-08-27 11:00:00","#2143341",1,1809,1722.86,2
"2026-08-27 11:00:00","#2143254",1,3098,2950.48,5
"2026-08-27 11:00:00","#2143264",1,1663.2,1584,2
"2026-08-27 11:00:00","#2143380",1,1699,1618.1,2
"2026-08-27 11:00:00","#2143272",1,1349.1,1284.86,1
"2026-08-27 11:00:00","#2143242",1,3018,2874.29,4
"2026-08-27 11:00:00","#2143295",1,3016,2760,5
"2026-08-27 11:00:00","#2143379",1,2499,2380,3
"2026-08-27 11:00:00","#2143349",1,1699,1618.1,2
"2026-08-27 11:00:00","#2143357",1,1499,1427.62,1
"2026-08-27 11:00:00","#2143367",1,1499,1427.62,2
"2026-08-27 12:00:00","#2143481",1,2398,2283.8,3
"2026-08-27 12:00:00","#2143543",1,2069,1970.48,2
"2026-08-27 12:00:00","#2143448",1,1484,1413.33,1
"2026-08-27 12:00:00","#2143466",1,2069,1970.48,2
"2026-08-27 12:00:00","#2143456",1,1998,1902.86,4
"2026-08-27 12:00:00","#2143392",1,4497,4282.86,6
"2026-08-27 12:00:00","#2143440",1,2187,1970.48,2
"2026-08-27 12:00:00","#2143470",1,1617,1427.62,2
"2026-08-27 12:00:00","#2143497",1,1637,1446.66,1
"2026-08-27 12:00:00","#2143565",1,3148,2998.1,5
"2026-08-27 12:00:00","#2143489",1,1662,1582.86,2
"2026-08-27 12:00:00","#2143555",1,1079,1027.62,1
"2026-08-27 12:00:00","#2143412",1,1499,1427.62,2
"2026-08-27 12:00:00","#2143422",1,1519,1446.67,1
"2026-08-27 12:00:00","#2143537",1,2297,2187.62,5
"2026-08-27 12:00:00","#2143507",1,1499,1427.62,1
"2026-08-27 12:00:00","#2143519",1,1617,1427.62,1
"2026-08-27 12:00:00","#2143529",1,1499,1427.62,1
"2026-08-27 12:00:00","#2143511",1,1727,1644.76,1
"2026-08-27 12:00:00","#2143521",1,1499,1427.62,2
"2026-08-27 12:00:00","#2143434",1,1517,1332.38,1
"2026-08-27 12:00:00","#2143404",1,1499,1427.62,1
"2026-08-27 12:00:00","#2143451",1,1599,1522.86,1
"2026-08-27 12:00:00","#2143461",1,1499,1427.62,2
"2026-08-27 12:00:00","#2143486",1,4267,4063.81,7
"2026-08-27 12:00:00","#2143490",1,3116,2855.24,5
"2026-08-27 12:00:00","#2143552",1,1898,1807.62,4
"2026-08-27 12:00:00","#2143562",1,1499,1427.62,2
"2026-08-27 12:00:00","#2143459",1,1499,1427.62,2
"2026-08-27 12:00:00","#2143395",1,2716,2474.28,4
"2026-08-27 12:00:00","#2143469",1,2066,1855.24,4
"2026-08-27 12:00:00","#2143447",1,899,856.19,1
"2026-08-27 12:00:00","#2143500",1,1599,1522.86,1
"2026-08-27 12:00:00","#2143530",1,1617,1427.62,2
"2026-08-27 12:00:00","#2143425",1,1799.1,1713.42,2
"2026-08-27 12:00:00","#2143415",1,1499,1427.62,1
"2026-08-27 12:00:00","#2143403",1,1499,1427.62,2
"2026-08-27 12:00:00","#2143433",1,3083,2936.2,4
"2026-08-27 12:00:00","#2143526",1,2098,1998.1,3
"2026-08-27 12:00:00","#2143516",1,2069,1970.48,2
"2026-08-27 12:00:00","#2143538",1,1848,1760,4
"2026-08-27 12:00:00","#2143460",1,1499,1427.62,2
"2026-08-27 12:00:00","#2143450",1,1817,1618.1,2
"2026-08-27 12:00:00","#2143487",1,1897,1806.67,5
"2026-08-27 12:00:00","#2143545",1,1699,1618.1,2
"2026-08-27 12:00:00","#2143499",1,0,0,1
"2026-08-27 12:00:00","#2143491",1,2149,2046.66,2
"2026-08-27 12:00:00","#2143563",1,2187,1970.48,2
"2026-08-27 12:00:00","#2143553",1,1499,1427.62,1
"2026-08-27 12:00:00","#2143468",1,1699,1618.1,1
"2026-08-27 12:00:00","#2143394",1,1998,1902.86,4
"2026-08-27 12:00:00","#2143458",1,1916,1824.76,2
"2026-08-27 12:00:00","#2143446",1,1259.1,1199.14,1
"2026-08-27 12:00:00","#2143476",1,1919,1827.62,2
"2026-08-27 12:00:00","#2143501",1,1817,1618.1,2
"2026-08-27 12:00:00","#2143414",1,1817,1618.1,1
"2026-08-27 12:00:00","#2143424",1,2968.2,2826.86,4
"2026-08-27 12:00:00","#2143432",1,2198,2093.33,4
"2026-08-27 12:00:00","#2143402",1,1637,1446.66,1
"2026-08-27 12:00:00","#2143517",1,1499,1427.62,2
"2026-08-27 12:00:00","#2143527",1,1817,1618.1,2
"2026-08-27 12:00:00","#2143539",1,2448,2331.43,3
"2026-08-27 12:00:00","#2143509",1,1499,1427.62,2
"2026-08-27 12:00:00","#2143480",1,1817,1618.1,2
"2026-08-27 12:00:00","#2143542",1,1912,1708.57,2
"2026-08-27 12:00:00","#2143479",1,1499,1427.62,2
"2026-08-27 12:00:00","#2143449",1,1684,1603.81,1
"2026-08-27 12:00:00","#2143457",1,899,856.19,1
"2026-08-27 12:00:00","#2143467",1,1699,1618.1,2
"2026-08-27 12:00:00","#2143393",1,1399,1332.38,2
"2026-08-27 12:00:00","#2143471",1,724,689.52,1
"2026-08-27 12:00:00","#2143441",1,1699,1618.1,2
"2026-08-27 12:00:00","#2143496",1,2069,1970.48,2
"2026-08-27 12:00:00","#2143554",1,1684,1603.81,1
"2026-08-27 12:00:00","#2143564",1,1484,1413.33,1
"2026-08-27 12:00:00","#2143488",1,1647,1456.19,1
"2026-08-27 12:00:00","#2143423",1,3198,3045.71,5
"2026-08-27 12:00:00","#2143413",1,2116,1902.86,4
"2026-08-27 12:00:00","#2143506",1,1548,1474.29,2
"2026-08-27 12:00:00","#2143536",1,1949,1856.19,2
"2026-08-27 12:00:00","#2143518",1,1517,1332.38,1
"2026-08-27 12:00:00","#2143520",1,1259.1,1199.14,1
"2026-08-27 12:00:00","#2143510",1,1517,1332.38,1
"2026-08-27 12:00:00","#2143405",1,971.1,924.86,1
"2026-08-27 12:00:00","#2143452",1,1599,1522.86,1
"2026-08-27 12:00:00","#2143462",1,0,0,1
"2026-08-27 12:00:00","#2143547",1,4497,4282.86,9
"2026-08-27 12:00:00","#2143559",1,1499,1427.62,2
"2026-08-27 12:00:00","#2143569",1,1866,1664.76,2
"2026-08-27 12:00:00","#2143485",1,1849,1760.95,2
"2026-08-27 12:00:00","#2143551",1,1648,1569.52,2
"2026-08-27 12:00:00","#2143561",1,1649,1570.48,1
"2026-08-27 12:00:00","#2143493",1,2616,2274.23,3
"2026-08-27 12:00:00","#2143388",1,1933,1840.95,3
"2026-08-27 12:00:00","#2143474",1,1614.05,1537.19,1
"2026-08-27 12:00:00","#2143444",1,1699,1618.1,2
"2026-08-27 12:00:00","#2143396",1,1917.1,1713.43,2
"2026-08-27 12:00:00","#2143503",1,1699,1618.1,1
"2026-08-27 12:00:00","#2143533",1,1484.1,1413.43,1
"2026-08-27 12:00:00","#2143408",1,1187,1018.1,1
"2026-08-27 12:00:00","#2143438",1,2498,2379.04,3
"2026-08-27 12:00:00","#2143426",1,1809,1722.86,2
"2026-08-27 12:00:00","#2143416",1,3848,3664.76,6
"2026-08-27 12:00:00","#2143400",1,2883,2745.72,4
"2026-08-27 12:00:00","#2143430",1,1499,1427.62,2
"2026-08-27 12:00:00","#2143525",1,1617,1427.62,2
"2026-08-27 12:00:00","#2143515",1,1817,1618.1,2
"2026-08-27 12:00:00","#2143540",1,1484,1413.33,1
"2026-08-27 12:00:00","#2143570",1,1499,1427.62,2
"2026-08-27 12:00:00","#2143482",1,2187,1970.48,2
"2026-08-27 12:00:00","#2143399",1,499,475.24,1
"2026-08-27 12:00:00","#2143465",1,2159.1,2056.29,2
"2026-08-27 12:00:00","#2143387",1,2181,2077.14,4
"2026-08-27 12:00:00","#2143473",1,2069,1970.48,2
"2026-08-27 12:00:00","#2143391",1,2567,2332.38,2
"2026-08-27 12:00:00","#2143566",1,1197,1027.62,1
"2026-08-27 12:00:00","#2143556",1,1149,1094.28,1
"2026-08-27 12:00:00","#2143494",1,3499,3332.38,3
"2026-08-27 12:00:00","#2143411",1,1699,1618.1,1
"2026-08-27 12:00:00","#2143421",1,1717,1522.86,1
"2026-08-27 12:00:00","#2143504",1,1499,1427.62,2
"2026-08-27 12:00:00","#2143512",1,1499,1427.62,2
"2026-08-27 12:00:00","#2143522",1,1187,1018.1,1
"2026-08-27 12:00:00","#2143419",1,1499,1427.62,2
"2026-08-27 12:00:00","#2143437",1,1898,1807.62,4
"2026-08-27 12:00:00","#2143407",1,1499,1427.62,1
"2026-08-27 12:00:00","#2143571",1,1499,1427.62,2
"2026-08-27 12:00:00","#2143541",1,2198,2093.33,3
"2026-08-27 12:00:00","#2143483",1,2467,2237.14,2
"2026-08-27 12:00:00","#2143464",1,991,943.81,1
"2026-08-27 12:00:00","#2143398",1,1207,1149.52,1
"2026-08-27 12:00:00","#2143472",1,1109,943.8,1
"2026-08-27 12:00:00","#2143442",1,1617,1427.62,1
"2026-08-27 12:00:00","#2143557",1,1617,1422,2
"2026-08-27 12:00:00","#2143567",1,1699,1618.1,2
"2026-08-27 12:00:00","#2143495",1,1867,1665.71,1
"2026-08-27 12:00:00","#2143549",1,1971,1877.14,3
"2026-08-27 12:00:00","#2143420",1,1617,1427.62,1
"2026-08-27 12:00:00","#2143410",1,3248,3093.34,4
"2026-08-27 12:00:00","#2143505",1,4167,3968.57,7
"2026-08-27 12:00:00","#2143535",1,699,665.72,1
"2026-08-27 12:00:00","#2143523",1,1499,1427.62,2
"2026-08-27 12:00:00","#2143513",1,2069,1970.48,2
"2026-08-27 12:00:00","#2143428",1,2069,1970.48,2
"2026-08-27 12:00:00","#2143418",1,902,859.05,1
"2026-08-27 12:00:00","#2143463",1,1517,1332.38,1
"2026-08-27 12:00:00","#2143453",1,1109,943.81,1
"2026-08-27 12:00:00","#2143546",1,2069,1970.48,2
"2026-08-27 12:00:00","#2143568",1,1499,1427.62,2
"2026-08-27 12:00:00","#2143484",1,1599,1522.86,1
"2026-08-27 12:00:00","#2143558",1,1998,1902.86,4
"2026-08-27 12:00:00","#2143560",1,2499,2380,3
"2026-08-27 12:00:00","#2143550",1,3348,3188.57,4
"2026-08-27 12:00:00","#2143492",1,1499,1427.62,1
"2026-08-27 12:00:00","#2143445",1,1274.15,1213.48,1
"2026-08-27 12:00:00","#2143475",1,1817,1618.1,2
"2026-08-27 12:00:00","#2143389",1,1617,1427.62,2
"2026-08-27 12:00:00","#2143397",1,1767,1570.48,1
"2026-08-27 12:00:00","#2143532",1,1948,1855.24,3
"2026-08-27 12:00:00","#2143502",1,1817,1618.1,2
"2026-08-27 12:00:00","#2143439",1,991,943.81,1
"2026-08-27 12:00:00","#2143417",1,2198,2093.33,4
"2026-08-27 12:00:00","#2143427",1,1499,1427.62,1
"2026-08-27 12:00:00","#2143431",1,1499,1427.62,2
"2026-08-27 12:00:00","#2143401",1,3709,3532.38,4
"2026-08-27 12:00:00","#2143524",1,1398,1331.43,2
"2026-08-27 13:00:00","#2143614",1,2567,2332.38,2
"2026-08-27 13:00:00","#2143624",1,1698,1617.14,3
"2026-08-27 13:00:00","#2143701",1,1499,1427.62,2
"2026-08-27 13:00:00","#2143709",1,2318,2207.62,3
"2026-08-27 13:00:00","#2143632",1,1223,1164.76,1
"2026-08-27 13:00:00","#2143602",1,1499,1427.62,2
"2026-08-27 13:00:00","#2143699",1,1499,1427.62,2
"2026-08-27 13:00:00","#2143687",1,1499,1427.62,2
"2026-08-27 13:00:00","#2143580",1,1699,1618.1,2
"2026-08-27 13:00:00","#2143650",1,2998,2855.24,5
"2026-08-27 13:00:00","#2143646",1,2999,2856.19,3
"2026-08-27 13:00:00","#2143676",1,3833,3650.48,5
"2026-08-27 13:00:00","#2143668",1,1499,1427.62,2
"2026-08-27 13:00:00","#2143658",1,3018,2874.29,5
"2026-08-27 13:00:00","#2143588",1,1617,1427.62,2
"2026-08-27 13:00:00","#2143691",1,2149,2046.66,2
"2026-08-27 13:00:00","#2143706",1,2069,1970.48,2
"2026-08-27 13:00:00","#2143623",1,2069,1970.48,2
"2026-08-27 13:00:00","#2143613",1,1599,1522.86,1
"2026-08-27 13:00:00","#2143605",1,1499,1427.62,2
"2026-08-27 13:00:00","#2143635",1,899,856.2,1
"2026-08-27 13:00:00","#2143710",1,2187,1970.48,2
"2026-08-27 13:00:00","#2143667",1,1648,1569.52,2
"2026-08-27 13:00:00","#2143649",1,1947,1854.28,5
"2026-08-27 13:00:00","#2143599",1,2069,1970.48,2
"2026-08-27 13:00:00","#2143587",1,1359.15,1294.43,1
"2026-08-27 13:00:00","#2143680",1,1499,1427.62,2
"2026-08-27 13:00:00","#2143688",1,3048,2902.86,5
"2026-08-27 13:00:00","#2143696",1,1499,1427.62,2
"2026-08-27 13:00:00","#2143576",1,1649,1570.48,1
"2026-08-27 13:00:00","#2143641",1,1998,1902.86,4
"2026-08-27 13:00:00","#2143612",1,1519,1446.67,1
"2026-08-27 13:00:00","#2143622",1,2127,2025.71,3
"2026-08-27 13:00:00","#2143634",1,599,570.48,1
"2026-08-27 13:00:00","#2143604",1,1499,1427.62,2
"2026-08-27 13:00:00","#2143711",1,3016,2760,5
"2026-08-27 13:00:00","#2143666",1,1669,1589.52,1
"2026-08-27 13:00:00","#2143656",1,1699,1618.1,2
"2026-08-27 13:00:00","#2143648",1,1749,1665.72,1
"2026-08-27 13:00:00","#2143678",1,2449,2332.38,2
"2026-08-27 13:00:00","#2143586",1,1499,1427.62,2
"2026-08-27 13:00:00","#2143689",1,1617,1427.62,2
"2026-08-27 13:00:00","#2143590",1,1149,1094.28,1
"2026-08-27 13:00:00","#2143697",1,1504,1432.38,1
"2026-08-27 13:00:00","#2143577",1,1399,1332.38,1
"2026-08-27 13:00:00","#2143625",1,1399,1332.38,2
"2026-08-27 13:00:00","#2143615",1,1817,1618.1,2
"2026-08-27 13:00:00","#2143708",1,1399,1332.38,2
"2026-08-27 13:00:00","#2143603",1,1699,1618.1,2
"2026-08-27 13:00:00","#2143633",1,1898,1807.62,4
"2026-08-27 13:00:00","#2143698",1,1499,1427.62,2
"2026-08-27 13:00:00","#2143581",1,2187,1970.48,2
"2026-08-27 13:00:00","#2143686",1,3398,3236.19,6
"2026-08-27 13:00:00","#2143661",1,1948,1855.24,4
"2026-08-27 13:00:00","#2143578",1,929,884.76,1
"2026-08-27 13:00:00","#2143677",1,1848,1760,3
"2026-08-27 13:00:00","#2143647",1,1848,1760,3
"2026-08-27 13:00:00","#2143659",1,1817,1618.1,2
"2026-08-27 13:00:00","#2143669",1,1617,1427.62,1
"2026-08-27 13:00:00","#2143589",1,1717,1522.86,3
"2026-08-27 13:00:00","#2143705",1,1948,1855.24,3
"2026-08-27 13:00:00","#2143606",1,1817,1618.1,1
"2026-08-27 13:00:00","#2143636",1,1499,1427.62,1
"2026-08-27 13:00:00","#2143628",1,991,943.8,1
"2026-08-27 13:00:00","#2143618",1,1780,1695.24,1
"2026-08-27 13:00:00","#2143713",1,2069,1970.48,2
"2026-08-27 13:00:00","#2143654",1,1649,1570.48,1
"2026-08-27 13:00:00","#2143664",1,1499,1427.62,2
"2026-08-27 13:00:00","#2143584",1,1898,1807.62,4
"2026-08-27 13:00:00","#2143695",1,1584,1508.57,1
"2026-08-27 13:00:00","#2143592",1,1499,1427.62,1
"2026-08-27 13:00:00","#2143672",1,1399,1332.38,2
"2026-08-27 13:00:00","#2143642",1,1617,1427.62,2
"2026-08-27 13:00:00","#2143575",1,1499,1427.62,2
"2026-08-27 13:00:00","#2143617",1,899,856.19,1
"2026-08-27 13:00:00","#2143627",1,2187,1970.48,2
"2026-08-27 13:00:00","#2143609",1,2115,1901.9,5
"2026-08-27 13:00:00","#2143702",1,899,856.19,1
"2026-08-27 13:00:00","#2143583",1,1529.1,1456.29,1
"2026-08-27 13:00:00","#2143663",1,3098,2950.48,4
"2026-08-27 13:00:00","#2143645",1,1499,1427.62,2
"2026-08-27 13:00:00","#2143572",1,0,0,1
"2026-08-27 13:00:00","#2143675",1,1499,1427.62,2
"2026-08-27 13:00:00","#2143595",1,1617,1422,1
"2026-08-27 13:00:00","#2143692",1,2998,2855.24,6
"2026-08-27 13:00:00","#2143626",1,1499,1427.62,2
"2026-08-27 13:00:00","#2143616",1,1499,1427.62,2
"2026-08-27 13:00:00","#2143608",1,1349.1,1284.86,1
"2026-08-27 13:00:00","#2143638",1,1699,1618.1,2
"2026-08-27 13:00:00","#2143703",1,2069,1970.48,2
"2026-08-27 13:00:00","#2143600",1,1499,1427.62,2
"2026-08-27 13:00:00","#2143630",1,1384,1318.1,1
"2026-08-27 13:00:00","#2143685",1,1484,1413.34,1
"2026-08-27 13:00:00","#2143652",1,1329.05,1265.77,1
"2026-08-27 13:00:00","#2143674",1,2187,1970.48,2
"2026-08-27 13:00:00","#2143644",1,249,237.14,1
"2026-08-27 13:00:00","#2143573",1,1149,1094.29,1
"2026-08-27 13:00:00","#2143693",1,1517,1332.38,1
"2026-08-27 13:00:00","#2143594",1,1399,1332.38,1
"2026-08-27 13:00:00","#2143611",1,2098,1998.1,3
"2026-08-27 13:00:00","#2143637",1,1149,1094.29,1
"2026-08-27 13:00:00","#2143607",1,1499,1427.62,1
"2026-08-27 13:00:00","#2143619",1,1519,1446.67,1
"2026-08-27 13:00:00","#2143629",1,1749,1665.71,1
"2026-08-27 13:00:00","#2143712",1,1369,1303.81,1
"2026-08-27 13:00:00","#2143665",1,1947,1854.29,4
"2026-08-27 13:00:00","#2143655",1,1437,1368.58,1
"2026-08-27 13:00:00","#2143593",1,1717,1522.86,1
"2026-08-27 13:00:00","#2143694",1,3198,3045.71,5
"2026-08-27 13:00:00","#2143643",1,1549,1475.24,1
"2026-08-27 13:00:00","#2143673",1,1947,1854.28,5
"2026-08-27 14:00:00","#2143828",1,2690,2561.9,4
"2026-08-27 14:00:00","#2143818",1,1064,1013.33,1
"2026-08-27 14:00:00","#2143806",1,2466,2236.2,3
"2026-08-27 14:00:00","#2143721",1,4767,4540,6
"2026-08-27 14:00:00","#2143836",1,2159.1,2056.29,2
"2026-08-27 14:00:00","#2143719",1,1399,1332.38,1
"2026-08-27 14:00:00","#2143729",1,1499,1427.62,2
"2026-08-27 14:00:00","#2143737",1,1499,1427.62,2
"2026-08-27 14:00:00","#2143872",1,1948,1855.24,4
"2026-08-27 14:00:00","#2143842",1,1617,1427.62,1
"2026-08-27 14:00:00","#2143782",1,2187,1964.86,2
"2026-08-27 14:00:00","#2143794",1,1897,1806.67,5
"2026-08-27 14:00:00","#2143773",1,1749,1665.71,1
"2026-08-27 14:00:00","#2143831",1,2814,2680,4
"2026-08-27 14:00:00","#2143801",1,1817,1618.1,2
"2026-08-27 14:00:00","#2143716",1,2923.2,2784,4
"2026-08-27 14:00:00","#2143839",1,1898,1807.62,3
"2026-08-27 14:00:00","#2143809",1,2898,2760,5
"2026-08-27 14:00:00","#2143730",1,1699,1618.1,1
"2026-08-27 14:00:00","#2143827",1,1499,1427.62,2
"2026-08-27 14:00:00","#2143785",1,1485.1,1302,1
"2026-08-27 14:00:00","#2143845",1,1699,1618.1,2
"2026-08-27 14:00:00","#2143762",1,1499,1427.62,1
"2026-08-27 14:00:00","#2143774",1,1499,1427.62,1
"2026-08-27 14:00:00","#2143744",1,4148,3950.48,5
"2026-08-27 14:00:00","#2143793",1,1499,1427.62,1
"2026-08-27 14:00:00","#2143739",1,1833,1745.71,3
"2026-08-27 14:00:00","#2143717",1,1699,1618.1,2
"2026-08-27 14:00:00","#2143800",1,2798,2664.76,3
"2026-08-27 14:00:00","#2143830",1,1549,1475.24,1
"2026-08-27 14:00:00","#2143727",1,1456,1386.67,1
"2026-08-27 14:00:00","#2143808",1,2308,2198.1,3
"2026-08-27 14:00:00","#2143838",1,1699,1618.1,2
"2026-08-27 14:00:00","#2143826",1,1499,1427.62,2
"2026-08-27 14:00:00","#2143731",1,1329.05,1265.76,1
"2026-08-27 14:00:00","#2143816",1,1499,1427.62,2
"2026-08-27 14:00:00","#2143874",1,1499,1427.62,2
"2026-08-27 14:00:00","#2143763",1,2716,2474.29,3
"2026-08-27 14:00:00","#2143844",1,1399,1332.38,1
"2026-08-27 14:00:00","#2143745",1,1898,1807.62,4
"2026-08-27 14:00:00","#2143852",1,1948,1855.24,4
"2026-08-27 14:00:00","#2143862",1,1399,1332.38,1
"2026-08-27 14:00:00","#2143775",1,1848,1760,3
"2026-08-27 14:00:00","#2143819",1,1499,1427.62,2
"2026-08-27 14:00:00","#2143829",1,3098,2950.48,4
"2026-08-27 14:00:00","#2143837",1,1699,1618.1,2
"2026-08-27 14:00:00","#2143720",1,1699,1618.1,2
"2026-08-27 14:00:00","#2143728",1,1999,1903.81,2
"2026-08-27 14:00:00","#2143821",1,1618,1540.95,2
"2026-08-27 14:00:00","#2143736",1,1767,1570.48,1
"2026-08-27 14:00:00","#2143754",1,3198,3045.71,4
"2026-08-27 14:00:00","#2143843",1,2148,1820.34,3
"2026-08-27 14:00:00","#2143873",1,2085,1873.33,4
"2026-08-27 14:00:00","#2143764",1,1599,1522.86,1
"2026-08-27 14:00:00","#2143783",1,1617,1427.62,2
"2026-08-27 14:00:00","#2143795",1,1948,1855.24,4
"2026-08-27 14:00:00","#2143865",1,1862.1,1773.42,2
"2026-08-27 14:00:00","#2143772",1,1485.1,1302,1
"2026-08-27 14:00:00","#2143742",1,4097,3797.09,7
"2026-08-27 14:00:00","#2143832",1,1499,1427.62,2
"2026-08-27 14:00:00","#2143802",1,1197,1027.62,1
"2026-08-27 14:00:00","#2143814",1,2998,2855.24,5
"2026-08-27 14:00:00","#2143733",1,2998,2855.24,5
"2026-08-27 14:00:00","#2143798",1,2333,2109.52,3
"2026-08-27 14:00:00","#2143868",1,1897,1806.67,5
"2026-08-27 14:00:00","#2143858",1,1919,1827.62,2
"2026-08-27 14:00:00","#2143751",1,1817,1618.1,2
"2026-08-27 14:00:00","#2143846",1,1617,1427.62,1
"2026-08-27 14:00:00","#2143761",1,1499,1427.62,1
"2026-08-27 14:00:00","#2143759",1,2260,2152.38,2
"2026-08-27 14:00:00","#2143769",1,1499,1427.62,2
"2026-08-27 14:00:00","#2143860",1,1499,1427.62,2
"2026-08-27 14:00:00","#2143777",1,3098,2950.48,4
"2026-08-27 14:00:00","#2143747",1,1949,1856.2,2
"2026-08-27 14:00:00","#2143790",1,4866,4634.28,7
"2026-08-27 14:00:00","#2143835",1,991,943.81,1
"2026-08-27 14:00:00","#2143722",1,899,856.19,1
"2026-08-27 14:00:00","#2143734",1,1359.15,1294.43,1
"2026-08-27 14:00:00","#2143813",1,1848,1760,3
"2026-08-27 14:00:00","#2143748",1,1637,1446.66,1
"2026-08-27 14:00:00","#2143766",1,1499,1427.62,2
"2026-08-27 14:00:00","#2143756",1,2825,2663.82,7
"2026-08-27 14:00:00","#2143841",1,1699,1618.1,2
"2026-08-27 14:00:00","#2143781",1,1425,1357.14,1
"2026-08-27 14:00:00","#2143797",1,1848,1760,3
"2026-08-27 14:00:00","#2143789",1,1499,1427.62,2
"2026-08-27 14:00:00","#2143857",1,1499,1427.62,2
"2026-08-27 14:00:00","#2143770",1,4398,4188.58,6
"2026-08-27 14:00:00","#2143723",1,1898,1807.62,4
"2026-08-27 14:00:00","#2143834",1,1966,1760,4
"2026-08-27 14:00:00","#2143804",1,1617,1427.62,2
"2026-08-27 14:00:00","#2143812",1,2187,1970.48,2
"2026-08-27 14:00:00","#2143779",1,1699,1618.1,2
"2026-08-27 14:00:00","#2143749",1,2316,2093.34,3
"2026-08-27 14:00:00","#2143840",1,1439.1,1370.57,1
"2026-08-27 14:00:00","#2143757",1,1699,1618.1,2
"2026-08-27 14:00:00","#2143767",1,1499,1427.62,2
"2026-08-27 14:00:00","#2143796",1,6001,5715.24,7
"2026-08-27 14:00:00","#2143848",1,1394.1,1327.71,1
"2026-08-27 14:00:00","#2143771",1,1817,1612.48,2
"2026-08-27 14:00:00","#2143866",1,1947,1854.29,5
"2026-08-27 14:00:00","#2143741",1,1519,1446.67,1
"2026-08-27 14:00:00","#2143803",1,1499,1427.62,2
"2026-08-27 14:00:00","#2143714",1,2998,2855.24,5
"2026-08-27 14:00:00","#2143724",1,1148,1093.33,2
"2026-08-27 14:00:00","#2143833",1,1225,1166.66,2
"2026-08-27 14:00:00","#2143732",1,1394.1,1327.71,1
"2026-08-27 14:00:00","#2143825",1,0,0,2
"2026-08-27 14:00:00","#2143815",1,1399,1332.38,1
"2026-08-27 14:00:00","#2143799",1,2399,2284.76,2
"2026-08-27 14:00:00","#2143869",1,3768,3588.58,4
"2026-08-27 14:00:00","#2143750",1,1499,1427.62,1
"2026-08-27 14:00:00","#2143768",1,2998,2855.24,6
"2026-08-27 14:00:00","#2143758",1,1648,1569.52,2
"2026-08-27 14:00:00","#2143851",1,0,0,1
"2026-08-27 14:00:00","#2143746",1,2998,2855.24,4
"2026-08-27 14:00:00","#2143776",1,2998,2855.24,5
"2026-08-27 14:00:00","#2143861",1,1858,1769.52,3
"2026-08-27 14:00:00","#2143791",1,2348,2236.19,3
"2026-08-27 15:00:00","#2143910",1,1499,1427.62,2
"2026-08-27 15:00:00","#2143906",1,1570.8,1496,2
"2026-08-27 15:00:00","#2143936",1,1817,1618.1,2
"2026-08-27 15:00:00","#2143928",1,1699,1618.1,1
"2026-08-27 15:00:00","#2143918",1,1699,1618.1,2
"2026-08-27 15:00:00","#2143896",1,991,943.81,1
"2026-08-27 15:00:00","#2143954",1,3767,3587.62,5
"2026-08-27 15:00:00","#2143964",1,1399,1332.38,1
"2026-08-27 15:00:00","#2143888",1,1948,1855.24,3
"2026-08-27 15:00:00","#2143983",1,1439.1,1370.57,1
"2026-08-27 15:00:00","#2144018",1,1499,1427.62,2
"2026-08-27 15:00:00","#2143879",1,549,522.86,1
"2026-08-27 15:00:00","#2143995",1,1267,1094.29,1
"2026-08-27 15:00:00","#2144020",1,1484.1,1413.42,1
"2026-08-27 15:00:00","#2144010",1,1799,1713.33,1
"2026-08-27 15:00:00","#2143927",1,1399,1332.38,1
"2026-08-27 15:00:00","#2143939",1,1699,1618.1,1
"2026-08-27 15:00:00","#2143909",1,1649,1570.48,1
"2026-08-27 15:00:00","#2143931",1,1848,1760,3
"2026-08-27 15:00:00","#2143901",1,1499,1427.62,2
"2026-08-27 15:00:00","#2143984",1,1499,1427.62,2
"2026-08-27 15:00:00","#2144001",1,3518,3350.48,4
"2026-08-27 15:00:00","#2143891",1,1699,1618.1,2
"2026-08-27 15:00:00","#2143963",1,1698,1617.14,3
"2026-08-27 15:00:00","#2143887",1,1499,1427.62,2
"2026-08-27 15:00:00","#2143945",1,1699,1618.1,1
"2026-08-27 15:00:00","#2143975",1,1699,1618.1,2
"2026-08-27 15:00:00","#2144017",1,1917,1713.33,1
"2026-08-27 15:00:00","#2143926",1,2069,1970.48,2
"2026-08-27 15:00:00","#2143916",1,3298,3140.95,4
"2026-08-27 15:00:00","#2143908",1,1717,1522.86,1
"2026-08-27 15:00:00","#2143938",1,1349,1284.76,1
"2026-08-27 15:00:00","#2144000",1,3048,2902.86,5
"2026-08-27 15:00:00","#2143985",1,1499,1427.62,2
"2026-08-27 15:00:00","#2143877",1,2998,2855.24,4
"2026-08-27 15:00:00","#2143890",1,1699,1618.1,2
"2026-08-27 15:00:00","#2143952",1,1399,1332.38,1
"2026-08-27 15:00:00","#2143962",1,1499,1427.62,2
"2026-08-27 15:00:00","#2143886",1,2048,1950.48,4
"2026-08-27 15:00:00","#2143898",1,1274.15,1213.48,1
"2026-08-27 15:00:00","#2143974",1,1519,1446.66,1
"2026-08-27 15:00:00","#2143993",1,1933,1840.95,3
"2026-08-27 15:00:00","#2144016",1,3398,3236.19,6
"2026-08-27 15:00:00","#2143921",1,1599,1522.86,1
"2026-08-27 15:00:00","#2143937",1,1499,1427.62,1
"2026-08-27 15:00:00","#2143907",1,1320,1257.14,1
"2026-08-27 15:00:00","#2143919",1,991,943.8,1
"2026-08-27 15:00:00","#2143889",1,1699,1618.1,2
"2026-08-27 15:00:00","#2143955",1,1999,1903.81,2
"2026-08-27 15:00:00","#2143982",1,1499,1427.62,2
"2026-08-27 15:00:00","#2144007",1,1499,1427.62,2
"2026-08-27 15:00:00","#2144019",1,1367.1,1302,1
"2026-08-27 15:00:00","#2144011",1,1699,1618.1,1
"2026-08-27 15:00:00","#2143878",1,2168,2064.76,3
"2026-08-27 15:00:00","#2144021",1,2499,2380,3
"2026-08-27 15:00:00","#2143994",1,1149,1094.29,1
"2026-08-27 15:00:00","#2143881",1,1799,1713.33,1
"2026-08-27 15:00:00","#2143943",1,1948,1855.24,4
"2026-08-27 15:00:00","#2143973",1,1699,1618.1,2
"2026-08-27 15:00:00","#2143924",1,1499,1427.62,2
"2026-08-27 15:00:00","#2143932",1,2283,2174.29,3
"2026-08-27 15:00:00","#2143902",1,1499,1427.62,2
"2026-08-27 15:00:00","#2143875",1,1713,1631.43,2
"2026-08-27 15:00:00","#2143999",1,1948,1855.24,3
"2026-08-27 15:00:00","#2143987",1,2449,2332.38,2
"2026-08-27 15:00:00","#2144002",1,1299,1237.14,1
"2026-08-27 15:00:00","#2143950",1,1848,1760,3
"2026-08-27 15:00:00","#2143946",1,3036,2779.04,5
"2026-08-27 15:00:00","#2143976",1,2467,2237.14,2
"2026-08-27 15:00:00","#2143968",1,1499,1427.62,2
"2026-08-27 15:00:00","#2143958",1,1886,1683.81,2
"2026-08-27 15:00:00","#2144014",1,2399,2284.76,2
"2026-08-27 15:00:00","#2143923",1,0,0,2
"2026-08-27 15:00:00","#2143913",1,2069,1970.48,2
"2026-08-27 15:00:00","#2143905",1,1599,1522.86,1
"2026-08-27 15:00:00","#2143935",1,1699,1618.1,1
"2026-08-27 15:00:00","#2143957",1,1599,1522.86,1
"2026-08-27 15:00:00","#2143967",1,1684,1603.81,1
"2026-08-27 15:00:00","#2143949",1,1617,1427.62,2
"2026-08-27 15:00:00","#2144005",1,1499,1427.62,2
"2026-08-27 15:00:00","#2143996",1,1898,1807.62,4
"2026-08-27 15:00:00","#2144023",1,1898,1807.62,4
"2026-08-27 15:00:00","#2143941",1,1599,1522.86,1
"2026-08-27 15:00:00","#2143883",1,1817,1618.1,2
"2026-08-27 15:00:00","#2143912",1,1898,1807.62,3
"2026-08-27 15:00:00","#2143934",1,1898,1807.62,3
"2026-08-27 15:00:00","#2143904",1,1499,1427.62,1
"2026-08-27 15:00:00","#2143956",1,1717,1522.86,1
"2026-08-27 15:00:00","#2143894",1,1699,1618.1,2
"2026-08-27 15:00:00","#2143978",1,2271,2162.86,2
"2026-08-27 15:00:00","#2144004",1,2259,2151.43,3
"2026-08-27 15:00:00","#2143989",1,1999,1903.81,2
"2026-08-27 15:00:00","#2144012",1,2567,2332.38,2
"2026-08-27 15:00:00","#2144022",1,2098,1956.24,4
"2026-08-27 15:00:00","#2143940",1,1499,1427.62,1
"2026-08-27 15:00:00","#2143882",1,1499,1427.62,2
"2026-08-27 15:00:00","#2143925",1,1599,1522.86,1
"2026-08-27 15:00:00","#2143915",1,1499,1427.62,2
"2026-08-27 15:00:00","#2143903",1,1499,1427.62,1
"2026-08-27 15:00:00","#2143933",1,1484,1413.34,1
"2026-08-27 15:00:00","#2143998",1,1848,1760,4
"2026-08-27 15:00:00","#2144003",1,2317,2094.29,2
"2026-08-27 15:00:00","#2143951",1,1499,1427.62,2
"2026-08-27 15:00:00","#2143961",1,1617,1427.62,2
"2026-08-27 15:00:00","#2143893",1,1699,1618.1,2
"2026-08-27 15:00:00","#2143977",1,2204.1,2099.14,2
"2026-08-27 15:00:00","#2143959",1,2069,1970.48,2
"2026-08-27 15:00:00","#2143969",1,1617,1427.62,2
"2026-08-27 15:00:00","#2143885",1,1917,1713.34,1
"2026-08-27 15:00:00","#2143990",1,1948,1855.24,3
"2026-08-27 16:00:00","#2144104",1,1399,1332.38,2
"2026-08-27 16:00:00","#2144134",1,1699,1618.1,2
"2026-08-27 16:00:00","#2144122",1,199,189.52,1
"2026-08-27 16:00:00","#2144029",1,1499,1427.62,2
"2026-08-27 16:00:00","#2144037",1,2232.1,2013.42,2
"2026-08-27 16:00:00","#2144140",1,2068.2,1969.72,3
"2026-08-27 16:00:00","#2144082",1,1817,1618.1,2
"2026-08-27 16:00:00","#2144055",1,1699,1618.1,2
"2026-08-27 16:00:00","#2144065",1,2998,2855.24,6
"2026-08-27 16:00:00","#2144073",1,1499,1427.62,1
"2026-08-27 16:00:00","#2144043",1,1637,1446.67,1
"2026-08-27 16:00:00","#2144156",1,1699,1618.1,2
"2026-08-27 16:00:00","#2144166",1,1998,1902.86,4
"2026-08-27 16:00:00","#2144094",1,2998,2855.24,5
"2026-08-27 16:00:00","#2144133",1,1299,1237.14,1
"2026-08-27 16:00:00","#2144103",1,1998,1902.86,4
"2026-08-27 16:00:00","#2144038",1,1933,1840.95,3
"2026-08-27 16:00:00","#2144026",1,1593,1404.76,2
"2026-08-27 16:00:00","#2144030",1,1966,1754.38,3
"2026-08-27 16:00:00","#2144115",1,1519,1446.67,1
"2026-08-27 16:00:00","#2144125",1,1883,1793.33,3
"2026-08-27 16:00:00","#2144062",1,1517,1332.38,1
"2026-08-27 16:00:00","#2144052",1,1599,1522.86,1
"2026-08-27 16:00:00","#2144169",1,2233,2126.67,3
"2026-08-27 16:00:00","#2144085",1,2617,2380,3
"2026-08-27 16:00:00","#2144161",1,1817,1618.1,1
"2026-08-27 16:00:00","#2144044",1,1376.1,1310.57,1
"2026-08-27 16:00:00","#2144074",1,3916,3729.52,8
"2026-08-27 16:00:00","#2144132",1,1848,1760,3
"2026-08-27 16:00:00","#2144027",1,1898,1807.62,4
"2026-08-27 16:00:00","#2144124",1,1499,1427.62,2
"2026-08-27 16:00:00","#2144114",1,1949.4,1856.57,5
"2026-08-27 16:00:00","#2144053",1,599,570.48,1
"2026-08-27 16:00:00","#2144146",1,1817,1618.1,2
"2026-08-27 16:00:00","#2144168",1,1499,1427.62,2
"2026-08-27 16:00:00","#2144084",1,1467.1,1284.86,1
"2026-08-27 16:00:00","#2144150",1,1277.1,1216.29,1
"2026-08-27 16:00:00","#2144160",1,1749,1665.71,1
"2026-08-27 16:00:00","#2144113",1,1617,1422,2
"2026-08-27 16:00:00","#2144123",1,1617,1422,2
"2026-08-27 16:00:00","#2144028",1,1587,1399.05,1
"2026-08-27 16:00:00","#2144036",1,1499,1427.62,1
"2026-08-27 16:00:00","#2144083",1,1817,1618.1,2
"2026-08-27 16:00:00","#2144064",1,1948,1855.24,4
"2026-08-27 16:00:00","#2144054",1,1549,1475.24,1
"2026-08-27 16:00:00","#2144042",1,1649,1570.48,1
"2026-08-27 16:00:00","#2144072",1,2754,2616,5
"2026-08-27 16:00:00","#2144167",1,1499,1427.62,2
"2026-08-27 16:00:00","#2144157",1,1499,1427.62,2
"2026-08-27 16:00:00","#2144149",1,1499,1427.62,2
"2026-08-27 16:00:00","#2144130",1,1399,1332.38,1
"2026-08-27 16:00:00","#2144100",1,3108,2960,4
"2026-08-27 16:00:00","#2144025",1,1817,1618.1,1
"2026-08-27 16:00:00","#2144116",1,1499,1427.62,2
"2026-08-27 16:00:00","#2144108",1,1399,1332.38,2
"2026-08-27 16:00:00","#2144061",1,1399,1332.38,1
"2026-08-27 16:00:00","#2144051",1,3028,2883.81,5
"2026-08-27 16:00:00","#2144086",1,1499,1427.62,1
"2026-08-27 16:00:00","#2144098",1,2998,2855.24,6
"2026-08-27 16:00:00","#2144090",1,1617,1427.62,2
"2026-08-27 16:00:00","#2144162",1,2998,2855.24,6
"2026-08-27 16:00:00","#2144152",1,1927,1722.86,2
"2026-08-27 16:00:00","#2144069",1,1439.1,1370.57,1
"2026-08-27 16:00:00","#2144059",1,1259.1,1199.14,1
"2026-08-27 16:00:00","#2144077",1,5756.4,5482.29,7
"2026-08-27 16:00:00","#2144107",1,5148,4519.99,6
"2026-08-27 16:00:00","#2144129",1,1948,1855.24,4
"2026-08-27 16:00:00","#2144119",1,1898,1807.62,3
"2026-08-27 16:00:00","#2144121",1,3116,2855.24,5
"2026-08-27 16:00:00","#2144111",1,1399,1332.38,1
"2026-08-27 16:00:00","#2144034",1,5097,4854.28,9
"2026-08-27 16:00:00","#2144081",1,1699,1618.1,2
"2026-08-27 16:00:00","#2144078",1,2148,2045.71,3
"2026-08-27 16:00:00","#2144048",1,999,846.61,1
"2026-08-27 16:00:00","#2144066",1,1499,1427.62,2
"2026-08-27 16:00:00","#2144070",1,1499,1427.62,2
"2026-08-27 16:00:00","#2144040",1,2916,2664.76,5
"2026-08-27 16:00:00","#2144097",1,1549,1475.24,1
"2026-08-27 16:00:00","#2144165",1,1599,1522.86,1
"2026-08-27 16:00:00","#2144089",1,3147,2997.14,6
"2026-08-27 16:00:00","#2144136",1,1699,1618.1,2
"2026-08-27 16:00:00","#2144106",1,1699,1618.1,2
"2026-08-27 16:00:00","#2144118",1,1529,1456.19,1
"2026-08-27 16:00:00","#2144128",1,1617,1427.62,2
"2026-08-27 16:00:00","#2144120",1,1499,1427.62,1
"2026-08-27 16:00:00","#2144035",1,1349,1284.76,1
"2026-08-27 16:00:00","#2144080",1,1549,1475.24,1
"2026-08-27 16:00:00","#2144142",1,1499,1427.62,2
"2026-08-27 16:00:00","#2144049",1,1897,1806.67,5
"2026-08-27 16:00:00","#2144067",1,2898,2760,5
"2026-08-27 16:00:00","#2144057",1,1499,1427.62,2
"2026-08-27 16:00:00","#2144041",1,2069,1970.48,2
"2026-08-27 16:00:00","#2144071",1,797,759.05,1
"2026-08-27 16:00:00","#2144096",1,1399,1332.38,1
"2026-08-27 16:00:00","#2144164",1,1699,1618.1,2
"2026-08-27 16:00:00","#2144101",1,2069,1970.48,2
"2026-08-27 16:00:00","#2144024",1,1848,1760,3
"2026-08-27 16:00:00","#2144032",1,1617,1427.62,2
"2026-08-27 16:00:00","#2144127",1,1599,1522.86,1
"2026-08-27 16:00:00","#2144117",1,1717,1635.24,1
"2026-08-27 16:00:00","#2144109",1,3160,2677.97,3
"2026-08-27 16:00:00","#2144139",1,1637,1446.67,1
"2026-08-27 16:00:00","#2144050",1,1499,1427.62,2
"2026-08-27 16:00:00","#2144087",1,1499,1427.62,2
"2026-08-27 16:00:00","#2144145",1,2069,1970.48,2
"2026-08-27 16:00:00","#2144153",1,1848,1760,3
"2026-08-27 16:00:00","#2144058",1,1568,1493.33,2
"2026-08-27 16:00:00","#2144068",1,1510,1438.1,1
"2026-08-27 16:00:00","#2144076",1,1399,1332.38,1
"2026-08-27 16:00:00","#2144046",1,1367.1,1302,1
"2026-08-27 17:00:00","#2144307",1,3968,3779.05,5
"2026-08-27 17:00:00","#2144212",1,2069,1970.48,2
"2026-08-27 17:00:00","#2144222",1,1499,1427.62,2
"2026-08-27 17:00:00","#2144204",1,1702,1508.58,1
"2026-08-27 17:00:00","#2144311",1,2118,2017.14,3
"2026-08-27 17:00:00","#2144266",1,1817,1612.48,1
"2026-08-27 17:00:00","#2144256",1,543,517.14,1
"2026-08-27 17:00:00","#2144198",1,1699,1618.1,1
"2026-08-27 17:00:00","#2144281",1,1699,1618.1,1
"2026-08-27 17:00:00","#2144289",1,1599,1522.86,1
"2026-08-27 17:00:00","#2144190",1,1717,1522.86,1
"2026-08-27 17:00:00","#2144240",1,2115,1901.9,5
"2026-08-27 17:00:00","#2144177",1,1702,1508.57,1
"2026-08-27 17:00:00","#2144270",1,599,570.48,1
"2026-08-27 17:00:00","#2144300",1,1517,1332.38,2
"2026-08-27 17:00:00","#2144308",1,854,813.33,1
"2026-08-27 17:00:00","#2144203",1,1699,1618.1,2
"2026-08-27 17:00:00","#2144298",1,1699,1618.1,2
"2026-08-27 17:00:00","#2144181",1,1499,1427.62,1
"2026-08-27 17:00:00","#2144251",1,1767,1682.86,1
"2026-08-27 17:00:00","#2144261",1,1349,1284.76,1
"2026-08-27 17:00:00","#2144178",1,2998,2855.24,6
"2026-08-27 17:00:00","#2144277",1,2259,2151.43,2
"2026-08-27 17:00:00","#2144259",1,1517,1332.38,1
"2026-08-27 17:00:00","#2144189",1,2849,2706.24,5
"2026-08-27 17:00:00","#2144290",1,1499,1427.62,2
"2026-08-27 17:00:00","#2144197",1,2998,2855.24,5
"2026-08-27 17:00:00","#2144214",1,5996,5710.48,11
"2026-08-27 17:00:00","#2144224",1,1499,1427.62,1
"2026-08-27 17:00:00","#2144317",1,2699.1,2570.57,2
"2026-08-27 17:00:00","#2144232",1,2499,2380,2
"2026-08-27 17:00:00","#2144202",1,1817,1618.1,1
"2026-08-27 17:00:00","#2144299",1,1699,1618.1,2
"2026-08-27 17:00:00","#2144287",1,1599,1522.86,1
"2026-08-27 17:00:00","#2144180",1,1502,1318.1,1
"2026-08-27 17:00:00","#2144260",1,1717,1522.86,1
"2026-08-27 17:00:00","#2144250",1,1499,1427.62,2
"2026-08-27 17:00:00","#2144276",1,1622,1432.38,1
"2026-08-27 17:00:00","#2144268",1,1817,1618.1,2
"2026-08-27 17:00:00","#2144196",1,7395,7042.86,10
"2026-08-27 17:00:00","#2144223",1,1617,1427.62,2
"2026-08-27 17:00:00","#2144213",1,1617,1427.62,1
"2026-08-27 17:00:00","#2144235",1,1699,1618.1,1
"2026-08-27 17:00:00","#2144310",1,1617,1427.62,2
"2026-08-27 17:00:00","#2144267",1,1349,1284.76,1
"2026-08-27 17:00:00","#2144279",1,2078,1979.05,3
"2026-08-27 17:00:00","#2144249",1,1649,1570.48,1
"2026-08-27 17:00:00","#2144199",1,1529,1456.19,1
"2026-08-27 17:00:00","#2144187",1,1320,1257.14,1
"2026-08-27 17:00:00","#2144288",1,2099.25,1999.29,2
"2026-08-27 17:00:00","#2144296",1,1483.2,1412.57,2
"2026-08-27 17:00:00","#2144191",1,2249,2141.9,2
"2026-08-27 17:00:00","#2144271",1,2490,2259.05,3
"2026-08-27 17:00:00","#2144176",1,0,0,1
"2026-08-27 17:00:00","#2144226",1,1499,1427.62,2
"2026-08-27 17:00:00","#2144208",1,6897,6568.57,7
"2026-08-27 17:00:00","#2144238",1,1499,1427.62,2
"2026-08-27 17:00:00","#2144303",1,1799,1713.33,1
"2026-08-27 17:00:00","#2144315",1,1499,1427.62,1
"2026-08-27 17:00:00","#2144230",1,1817,1618.1,1
"2026-08-27 17:00:00","#2144182",1,2407,2292.38,5
"2026-08-27 17:00:00","#2144252",1,2044,1946.67,3
"2026-08-27 17:00:00","#2144262",1,1499,1427.62,1
"2026-08-27 17:00:00","#2144274",1,1817,1618.1,2
"2026-08-27 17:00:00","#2144244",1,1599,1522.86,1
"2026-08-27 17:00:00","#2144293",1,1699,1618.1,2
"2026-08-27 17:00:00","#2144194",1,1999,1903.81,2
"2026-08-27 17:00:00","#2144211",1,0,0,1
"2026-08-27 17:00:00","#2144219",1,3018,2874.29,5
"2026-08-27 17:00:00","#2144229",1,1499,1427.62,2
"2026-08-27 17:00:00","#2144312",1,1499,1427.62,2
"2026-08-27 17:00:00","#2144265",1,1617,1427.62,2
"2026-08-27 17:00:00","#2144282",1,1517,1332.38,1
"2026-08-27 17:00:00","#2144185",1,1399,1332.38,1
"2026-08-27 17:00:00","#2144193",1,0,0,1
"2026-08-27 17:00:00","#2144294",1,483,460,1
"2026-08-27 17:00:00","#2144273",1,1617,1427.62,2
"2026-08-27 17:00:00","#2144305",1,1399,1332.38,1
"2026-08-27 17:00:00","#2144220",1,1444.15,1375.38,1
"2026-08-27 17:00:00","#2144210",1,699,665.71,1
"2026-08-27 17:00:00","#2144206",1,1948,1855.24,3
"2026-08-27 17:00:00","#2144236",1,3148,2998.1,4
"2026-08-27 17:00:00","#2144228",1,3018,2874.29,5
"2026-08-27 17:00:00","#2144254",1,2667,2540,4
"2026-08-27 17:00:00","#2144184",1,1617,1427.62,2
"2026-08-27 17:00:00","#2144295",1,1717,1522.86,1
"2026-08-27 17:00:00","#2144272",1,1499,1427.62,2
"2026-08-27 17:00:00","#2144175",1,1499,1427.62,2
"2026-08-27 17:00:00","#2144242",1,1499,1427.62,2
"2026-08-27 17:00:00","#2144217",1,3198,3045.71,4
"2026-08-27 17:00:00","#2144227",1,2016,1807.62,4
"2026-08-27 17:00:00","#2144239",1,2998,2855.24,6
"2026-08-27 17:00:00","#2144209",1,2005,1909.52,2
"2026-08-27 17:00:00","#2144302",1,1519,1446.67,1
"2026-08-27 17:00:00","#2144314",1,1699,1618.1,2
"2026-08-27 17:00:00","#2144231",1,2349,2237.14,2
"2026-08-27 17:00:00","#2144201",1,1499,1427.62,2
"2026-08-27 17:00:00","#2144284",1,2519.2,2286.86,3
"2026-08-27 17:00:00","#2144263",1,2499,2380,3
"2026-08-27 17:00:00","#2144253",1,1898,1807.62,3
"2026-08-27 17:00:00","#2144245",1,499,475.24,1
"2026-08-27 17:00:00","#2144275",1,2998,2855.24,5
"2026-08-27 17:00:00","#2144195",1,3198,3045.71,5
"2026-08-27 17:00:00","#2144292",1,1617,1427.62,1
"2026-08-27 18:00:00","#2144461",1,0,0,1
"2026-08-27 18:00:00","#2144364",1,1637,1441.05,1
"2026-08-27 18:00:00","#2144354",1,3198,3045.71,5
"2026-08-27 18:00:00","#2144486",1,1599,1522.86,1
"2026-08-27 18:00:00","#2144342",1,1699,1618.1,2
"2026-08-27 18:00:00","#2144477",1,1499,1427.62,1
"2026-08-27 18:00:00","#2144447",1,1699,1618.1,2
"2026-08-27 18:00:00","#2144320",1,0,0,1
"2026-08-27 18:00:00","#2144425",1,1617,1422,2
"2026-08-27 18:00:00","#2144318",1,1617,1422,1
"2026-08-27 18:00:00","#2144363",1,1699,1618.1,2
"2026-08-27 18:00:00","#2144481",1,1499,1427.62,1
"2026-08-27 18:00:00","#2144466",1,1584,1508.57,1
"2026-08-27 18:00:00","#2144456",1,1109,943.8,1
"2026-08-27 18:00:00","#2144478",1,1637,1446.67,1
"2026-08-27 18:00:00","#2144440",1,1517,1326.76,1
"2026-08-27 18:00:00","#2144392",1,5207,4959.05,6
"2026-08-27 18:00:00","#2144375",1,1499,1427.62,2
"2026-08-27 18:00:00","#2144345",1,1591.2,1515.43,2
"2026-08-27 18:00:00","#2144412",1,1848,1760,3
"2026-08-27 18:00:00","#2144422",1,1384,1318.1,1
"2026-08-27 18:00:00","#2144339",1,1897,1806.67,5
"2026-08-27 18:00:00","#2144327",1,1349.1,1284.86,1
"2026-08-27 18:00:00","#2144331",1,1529,1456.19,1
"2026-08-27 18:00:00","#2144404",1,1649,1570.48,1
"2026-08-27 18:00:00","#2144385",1,1898,1807.62,3
"2026-08-27 18:00:00","#2144449",1,1259.1,1199.14,1
"2026-08-27 18:00:00","#2144393",1,1499,1427.62,2
"2026-08-27 18:00:00","#2144344",1,1499,1427.62,1
"2026-08-27 18:00:00","#2144374",1,1599,1522.86,1
"2026-08-27 18:00:00","#2144338",1,991,943.81,1
"2026-08-27 18:00:00","#2144435",1,1499,1427.62,2
"2026-08-27 18:00:00","#2144450",1,2467,2237.14,2
"2026-08-27 18:00:00","#2144355",1,1617,1427.62,2
"2026-08-27 18:00:00","#2144487",1,1399,1332.38,1
"2026-08-27 18:00:00","#2144373",1,1809,1722.86,2
"2026-08-27 18:00:00","#2144343",1,1599,1522.86,1
"2026-08-27 18:00:00","#2144446",1,2298,2188.57,4
"2026-08-27 18:00:00","#2144476",1,1034,984.76,1
"2026-08-27 18:00:00","#2144468",1,1948,1855.24,3
"2026-08-27 18:00:00","#2144394",1,1637,1446.67,1
"2026-08-27 18:00:00","#2144402",1,1898,1807.62,4
"2026-08-27 18:00:00","#2144319",1,1699,1618.1,1
"2026-08-27 18:00:00","#2144350",1,1799,1713.34,1
"2026-08-27 18:00:00","#2144360",1,1862.1,1773.43,2
"2026-08-27 18:00:00","#2144387",1,1499,1427.62,2
"2026-08-27 18:00:00","#2144399",1,1699,1618.1,2
"2026-08-27 18:00:00","#2144465",1,1699,1618.1,2
"2026-08-27 18:00:00","#2144455",1,3197,3044.76,7
"2026-08-27 18:00:00","#2144443",1,3588,3417.14,4
"2026-08-27 18:00:00","#2144473",1,1699,1618.1,2
"2026-08-27 18:00:00","#2144368",1,1617,1427.62,2
"2026-08-27 18:00:00","#2144376",1,0,0,1
"2026-08-27 18:00:00","#2144346",1,3398,3236.19,6
"2026-08-27 18:00:00","#2144411",1,1599,1522.86,1
"2026-08-27 18:00:00","#2144437",1,1149,1094.29,1
"2026-08-27 18:00:00","#2144407",1,1999,1903.81,2
"2026-08-27 18:00:00","#2144419",1,1899,1808.58,2
"2026-08-27 18:00:00","#2144429",1,2098,1998.1,4
"2026-08-27 18:00:00","#2144380",1,1359.15,1294.43,1
"2026-08-27 18:00:00","#2144462",1,1669,1589.52,1
"2026-08-27 18:00:00","#2144349",1,1149,1094.28,1
"2026-08-27 18:00:00","#2144485",1,1499,1427.62,2
"2026-08-27 18:00:00","#2144379",1,1717,1522.86,1
"2026-08-27 18:00:00","#2144341",1,1499,1427.62,2
"2026-08-27 18:00:00","#2144371",1,1749,1665.71,1
"2026-08-27 18:00:00","#2144388",1,0,0,2
"2026-08-27 18:00:00","#2144474",1,1499,1427.62,2
"2026-08-27 18:00:00","#2144444",1,832,792.38,1
"2026-08-27 18:00:00","#2144323",1,1648,1569.52,2
"2026-08-27 18:00:00","#2144426",1,991,943.81,1
"2026-08-27 18:00:00","#2144416",1,2116,1902.86,4
"2026-08-27 18:00:00","#2144408",1,1846.24,1758.32,3
"2026-08-27 18:00:00","#2144400",1,1499,1427.62,2
"2026-08-27 18:00:00","#2144430",1,3098,2950.48,4
"2026-08-27 18:00:00","#2144335",1,1549,1475.24,1
"2026-08-27 18:00:00","#2144381",1,1399,1332.38,1
"2026-08-27 18:00:00","#2144463",1,1699,1618.1,2
"2026-08-27 18:00:00","#2144378",1,1649,1570.48,1
"2026-08-27 18:00:00","#2144484",1,2066,1855.24,4
"2026-08-27 18:00:00","#2144370",1,2069,1970.48,2
"2026-08-27 18:00:00","#2144445",1,3098,2950.48,5
"2026-08-27 18:00:00","#2144475",1,1617,1427.62,2
"2026-08-27 18:00:00","#2144322",1,1996,1900.95,5
"2026-08-27 18:00:00","#2144417",1,813,774.29,1
"2026-08-27 18:00:00","#2144427",1,1699,1618.1,2
"2026-08-27 18:00:00","#2144439",1,1817,1618.1,1
"2026-08-27 18:00:00","#2144431",1,1499,1427.62,1
"2026-08-27 18:00:00","#2144401",1,1517,1332.38,1
"2026-08-27 18:00:00","#2144483",1,1499,1427.62,2
"2026-08-27 18:00:00","#2144361",1,1499,1427.62,2
"2026-08-27 18:00:00","#2144351",1,1499,1427.62,1
"2026-08-27 18:00:00","#2144386",1,1617,1427.62,1
"2026-08-27 18:00:00","#2144390",1,1499,1427.62,2
"2026-08-27 18:00:00","#2144472",1,1649,1570.48,1
"2026-08-27 18:00:00","#2144442",1,0,0,1
"2026-08-27 18:00:00","#2144359",1,0,0,1
"2026-08-27 18:00:00","#2144347",1,6667,6349.52,6
"2026-08-27 18:00:00","#2144420",1,1637,1446.66,1
"2026-08-27 18:00:00","#2144410",1,1499,1427.62,2
"2026-08-27 18:00:00","#2144333",1,991,943.8,1
"2026-08-27 18:00:00","#2144406",1,1499,1427.62,2
"2026-08-27 18:00:00","#2144436",1,549,522.86,1
"2026-08-27 18:00:00","#2144428",1,1499,1427.62,2
"2026-08-27 18:00:00","#2144418",1,1549,1475.24,1
"2026-08-27 19:00:00","#2144518",1,1599,1522.86,1
"2026-08-27 19:00:00","#2144528",1,4636,4415.24,5
"2026-08-27 19:00:00","#2144601",1,1399,1332.38,1
"2026-08-27 19:00:00","#2144536",1,2668,2540.96,3
"2026-08-27 19:00:00","#2144609",1,1486.65,1415.86,1
"2026-08-27 19:00:00","#2144510",1,2390,2276.19,3
"2026-08-27 19:00:00","#2144520",1,1499,1427.62,2
"2026-08-27 19:00:00","#2144617",1,2187,1970.48,2
"2026-08-27 19:00:00","#2144542",1,1549,1475.24,1
"2026-08-27 19:00:00","#2144645",1,1499,1427.62,2
"2026-08-27 19:00:00","#2144572",1,2050.2,1952.57,3
"2026-08-27 19:00:00","#2144583",1,1699,1618.1,2
"2026-08-27 19:00:00","#2144564",1,1599,1522.86,1
"2026-08-27 19:00:00","#2144653",1,1499,1427.62,2
"2026-08-27 19:00:00","#2144488",1,1617,1427.62,1
"2026-08-27 19:00:00","#2144496",1,1917,1713.33,2
"2026-08-27 19:00:00","#2144628",1,0,0,2
"2026-08-27 19:00:00","#2144501",1,1848,1760,4
"2026-08-27 19:00:00","#2144606",1,1549,1475.24,1
"2026-08-27 19:00:00","#2144531",1,1399,1332.38,1
"2026-08-27 19:00:00","#2144539",1,1617,1427.62,1
"2026-08-27 19:00:00","#2144527",1,1460,1390.48,1
"2026-08-27 19:00:00","#2144517",1,1484,1413.33,1
"2026-08-27 19:00:00","#2144620",1,1499,1427.62,2
"2026-08-27 19:00:00","#2144499",1,549,522.86,1
"2026-08-27 19:00:00","#2144642",1,1549,1475.24,1
"2026-08-27 19:00:00","#2144672",1,1599,1522.86,1
"2026-08-27 19:00:00","#2144545",1,1649,1570.48,1
"2026-08-27 19:00:00","#2144553",1,159,151.43,1
"2026-08-27 19:00:00","#2144664",1,1517,1332.38,1
"2026-08-27 19:00:00","#2144563",1,1699,1618.1,2
"2026-08-27 19:00:00","#2144654",1,2069,1970.48,2
"2026-08-27 19:00:00","#2144491",1,1499,1427.62,1
"2026-08-27 19:00:00","#2144629",1,2349,2237.14,2
"2026-08-27 19:00:00","#2144619",1,1817,1618.1,2
"2026-08-27 19:00:00","#2144607",1,1897,1806.67,5
"2026-08-27 19:00:00","#2144530",1,1399,1332.38,1
"2026-08-27 19:00:00","#2144500",1,10887,9226.27,4
"2026-08-27 19:00:00","#2144516",1,1499,1427.62,1
"2026-08-27 19:00:00","#2144621",1,1999,1903.8,2
"2026-08-27 19:00:00","#2144593",1,1499,1427.62,2
"2026-08-27 19:00:00","#2144574",1,2467,2237.14,2
"2026-08-27 19:00:00","#2144552",1,1599,1522.86,1
"2026-08-27 19:00:00","#2144585",1,3018,2874.29,5
"2026-08-27 19:00:00","#2144519",1,1499,1427.62,2
"2026-08-27 19:00:00","#2144630",1,2208,2102.86,3
"2026-08-27 19:00:00","#2144507",1,426,405.72,1
"2026-08-27 19:00:00","#2144600",1,1499,1427.62,2
"2026-08-27 19:00:00","#2144638",1,1499,1427.62,2
"2026-08-27 19:00:00","#2144521",1,1817,1618.1,2
"2026-08-27 19:00:00","#2144616",1,1449,1380,1
"2026-08-27 19:00:00","#2144511",1,1499,1427.62,2
"2026-08-27 19:00:00","#2144644",1,4186,3986.67,8
"2026-08-27 19:00:00","#2144573",1,1584,1508.58,1
"2026-08-27 19:00:00","#2144594",1,1484,1413.34,1
"2026-08-27 19:00:00","#2144582",1,1898,1807.62,4
"2026-08-27 19:00:00","#2144555",1,499,475.24,1
"2026-08-27 19:00:00","#2144662",1,1649,1570.48,1
"2026-08-27 19:00:00","#2144565",1,0,0,2
"2026-08-27 19:00:00","#2144489",1,1439.1,1370.58,1
"2026-08-27 19:00:00","#2144497",1,1499,1427.62,2
"2026-08-27 19:00:00","#2144532",1,224.1,213.43,1
"2026-08-27 19:00:00","#2144613",1,2998,2855.24,5
"2026-08-27 19:00:00","#2144524",1,1649,1570.48,1
"2026-08-27 19:00:00","#2144591",1,1499,1427.62,2
"2026-08-27 19:00:00","#2144568",1,3183,3031.43,4
"2026-08-27 19:00:00","#2144576",1,1817,1618.1,1
"2026-08-27 19:00:00","#2144671",1,1948,1855.24,4
"2026-08-27 19:00:00","#2144492",1,1499,1427.62,2
"2026-08-27 19:00:00","#2144550",1,1699,1618.1,2
"2026-08-27 19:00:00","#2144560",1,1699,1618.1,2
"2026-08-27 19:00:00","#2144587",1,2117,1903.81,2
"2026-08-27 19:00:00","#2144535",1,2384,2270.48,2
"2026-08-27 19:00:00","#2144632",1,620,590.48,1
"2026-08-27 19:00:00","#2144624",1,1699,1618.1,2
"2026-08-27 19:00:00","#2144614",1,3804,3622.86,9
"2026-08-27 19:00:00","#2144541",1,1519,1446.67,1
"2026-08-27 19:00:00","#2144571",1,1649,1570.48,1
"2026-08-27 19:00:00","#2144646",1,1833,1745.71,3
"2026-08-27 19:00:00","#2144588",1,1519,1446.67,1
"2026-08-27 19:00:00","#2144580",1,1499,1427.62,2
"2026-08-27 19:00:00","#2144549",1,1599,1522.86,1
"2026-08-27 19:00:00","#2144495",1,2198,2093.33,4
"2026-08-27 19:00:00","#2144650",1,991,943.81,1
"2026-08-27 19:00:00","#2144567",1,1848,1760,3
"2026-08-27 19:00:00","#2144660",1,991,943.81,1
"2026-08-27 19:00:00","#2144557",1,991,943.81,1
"2026-08-27 19:00:00","#2144504",1,1517,1332.38,1
"2026-08-27 19:00:00","#2144522",1,1499,1427.62,2
"2026-08-27 19:00:00","#2144625",1,3036,2779.05,4
"2026-08-27 19:00:00","#2144512",1,1699,1618.1,1
"2026-08-27 19:00:00","#2144659",1,991,943.81,1
"2026-08-27 19:00:00","#2144570",1,1499,1427.62,2
"2026-08-27 19:00:00","#2144540",1,1817,1618.1,1
"2026-08-27 19:00:00","#2144597",1,1795,1709.52,2
"2026-08-27 19:00:00","#2144494",1,1699,1618.1,2
"2026-08-27 19:00:00","#2144578",1,1499,1427.62,2
"2026-08-27 19:00:00","#2144556",1,2751,2620,5
"2026-08-27 19:00:00","#2144651",1,1499,1427.62,2
"2026-08-27 19:00:00","#2144533",1,1667,1475.24,1
"2026-08-27 19:00:00","#2144604",1,2467,2237.14,2
"2026-08-27 19:00:00","#2144503",1,2554,2432.38,2
"2026-08-27 19:00:00","#2144634",1,2806.2,2672.57,4
"2026-08-27 19:00:00","#2144622",1,1484,1413.33,1
"2026-08-27 19:00:00","#2144515",1,1617,1427.62,2
"2026-08-27 19:00:00","#2144612",1,2200,2095.24,3
"2026-08-27 19:00:00","#2144525",1,1529,1456.19,1
"2026-08-27 19:00:00","#2144569",1,2499,2380,3
"2026-08-27 19:00:00","#2144559",1,1499,1427.62,2
"2026-08-27 19:00:00","#2144547",1,1599,1522.86,1
"2026-08-27 19:00:00","#2144670",1,1998,1902.86,4
"2026-08-27 19:00:00","#2144577",1,3048,2902.86,4
"2026-08-27 19:00:00","#2144678",1,5167,4920.96,7
"2026-08-27 19:00:00","#2144656",1,1299,1237.14,1
"2026-08-27 19:00:00","#2144561",1,1499,1427.62,1
"2026-08-27 19:00:00","#2144551",1,1499,1427.62,1
"2026-08-27 19:00:00","#2144586",1,1310,1247.62,1
"2026-08-27 20:00:00","#2144882",1,1499,1427.62,2
"2026-08-27 20:00:00","#2144795",1,1225,1166.67,1
"2026-08-27 20:00:00","#2144680",1,1999,1903.81,2
"2026-08-27 20:00:00","#2144855",1,1499,1427.62,2
"2026-08-27 20:00:00","#2144742",1,1699,1618.1,1
"2026-08-27 20:00:00","#2144772",1,1399,1332.38,1
"2026-08-27 20:00:00","#2144865",1,1898,1807.62,4
"2026-08-27 20:00:00","#2144696",1,1187,1018.1,1
"2026-08-27 20:00:00","#2144764",1,1499,1427.62,2
"2026-08-27 20:00:00","#2144873",1,1717,1522.86,1
"2026-08-27 20:00:00","#2144754",1,1499,1427.62,1
"2026-08-27 20:00:00","#2144783",1,1617,1427.62,2
"2026-08-27 20:00:00","#2144821",1,1529,1456.19,1
"2026-08-27 20:00:00","#2144811",1,2798,2664.76,4
"2026-08-27 20:00:00","#2144728",1,1499,1427.62,2
"2026-08-27 20:00:00","#2144807",1,1109,943.81,1
"2026-08-27 20:00:00","#2144720",1,1499,1427.62,1
"2026-08-27 20:00:00","#2144819",1,1917,1713.33,1
"2026-08-27 20:00:00","#2144687",1,1499,1427.62,2
"2026-08-27 20:00:00","#2144775",1,1602.1,1413.43,1
"2026-08-27 20:00:00","#2144699",1,1599,1522.86,1
"2026-08-27 20:00:00","#2144745",1,1599,1522.86,1
"2026-08-27 20:00:00","#2144792",1,1351,1286.66,1
"2026-08-27 20:00:00","#2144691",1,2099,1999.05,2
"2026-08-27 20:00:00","#2144844",1,1109,943.81,1
"2026-08-27 20:00:00","#2144753",1,1329.05,1265.77,1
"2026-08-27 20:00:00","#2144763",1,2998,2855.24,5
"2026-08-27 20:00:00","#2144701",1,1348.05,1283.85,1
"2026-08-27 20:00:00","#2144731",1,2187,1970.48,2
"2026-08-27 20:00:00","#2144826",1,1799.1,1713.43,2
"2026-08-27 20:00:00","#2144808",1,1617,1427.62,2
"2026-08-27 20:00:00","#2144830",1,2069,1970.48,2
"2026-08-27 20:00:00","#2144717",1,3900,3714.29,7
"2026-08-27 20:00:00","#2144709",1,3198,3045.71,4
"2026-08-27 20:00:00","#2144686",1,1499,1427.62,2
"2026-08-27 20:00:00","#2144744",1,2069,1970.48,2
"2026-08-27 20:00:00","#2144853",1,2349,2237.14,2
"2026-08-27 20:00:00","#2144863",1,1499,1427.62,2
"2026-08-27 20:00:00","#2144774",1,1499,1427.62,1
"2026-08-27 20:00:00","#2144698",1,991,943.81,1
"2026-08-27 20:00:00","#2144793",1,1499,1427.62,2
"2026-08-27 20:00:00","#2144690",1,1499,1427.62,2
"2026-08-27 20:00:00","#2144875",1,1499,1427.62,2
"2026-08-27 20:00:00","#2144730",1,1699,1618.1,2
"2026-08-27 20:00:00","#2144809",1,1599,1522.86,1
"2026-08-27 20:00:00","#2144839",1,1499,1427.62,2
"2026-08-27 20:00:00","#2144716",1,2918,2779.05,4
"2026-08-27 20:00:00","#2144801",1,1599,1522.86,1
"2026-08-27 20:00:00","#2144831",1,1794,1708.58,1
"2026-08-27 20:00:00","#2144708",1,2069,1970.48,2
"2026-08-27 20:00:00","#2144794",1,1499,1427.62,2
"2026-08-27 20:00:00","#2144883",1,1999,1903.81,2
"2026-08-27 20:00:00","#2144864",1,1499,1427.62,2
"2026-08-27 20:00:00","#2144773",1,991,943.81,1
"2026-08-27 20:00:00","#2144854",1,1519,1446.66,1
"2026-08-27 20:00:00","#2144697",1,1310,1247.62,1
"2026-08-27 20:00:00","#2144755",1,1499,1427.62,1
"2026-08-27 20:00:00","#2144842",1,1927,1722.86,2
"2026-08-27 20:00:00","#2144872",1,1499,1427.62,2
"2026-08-27 20:00:00","#2144689",1,2016,1807.62,4
"2026-08-27 20:00:00","#2144810",1,1784,1699.05,2
"2026-08-27 20:00:00","#2144820",1,2136,2034.29,2
"2026-08-27 20:00:00","#2144729",1,1499,1427.62,2
"2026-08-27 20:00:00","#2144719",1,1499,1427.62,2
"2026-08-27 20:00:00","#2144836",1,1778,1693.33,2
"2026-08-27 20:00:00","#2144721",1,1699,1618.1,2
"2026-08-27 20:00:00","#2144711",1,1799,1713.33,5
"2026-08-27 20:00:00","#2144806",1,249,237.14,1
"2026-08-27 20:00:00","#2144818",1,2069,1970.48,2
"2026-08-27 20:00:00","#2144776",1,2069,1970.48,2
"2026-08-27 20:00:00","#2144684",1,1499,1427.62,2
"2026-08-27 20:00:00","#2144799",1,1998,1902.86,4
"2026-08-27 20:00:00","#2144750",1,1499,1427.62,2
"2026-08-27 20:00:00","#2144847",1,1499,1427.62,2
"2026-08-27 20:00:00","#2144877",1,1385,1319.05,1
"2026-08-27 20:00:00","#2144760",1,1467,1284.76,1
"2026-08-27 20:00:00","#2144859",1,34,32.38,3
"2026-08-27 20:00:00","#2144815",1,1699,1618.1,2
"2026-08-27 20:00:00","#2144732",1,1157,989.52,1
"2026-08-27 20:00:00","#2144714",1,1799,1713.34,1
"2026-08-27 20:00:00","#2144788",1,1249,1189.52,1
"2026-08-27 20:00:00","#2144796",1,2565,2330.48,5
"2026-08-27 20:00:00","#2144881",1,1699,1618.1,2
"2026-08-27 20:00:00","#2144771",1,1898,1807.62,4
"2026-08-27 20:00:00","#2144878",1,1499,1427.62,2
"2026-08-27 20:00:00","#2144767",1,1039,989.52,1
"2026-08-27 20:00:00","#2144757",1,1499,1427.62,2
"2026-08-27 20:00:00","#2144779",1,2349,2237.14,2
"2026-08-27 20:00:00","#2144780",1,1499,1427.62,2
"2026-08-27 20:00:00","#2144822",1,1599,1522.86,1
"2026-08-27 20:00:00","#2144735",1,1079,1027.62,1
"2026-08-27 20:00:00","#2144705",1,2069,1970.48,2
"2026-08-27 20:00:00","#2144812",1,2667,2540,5
"2026-08-27 20:00:00","#2144713",1,1318,1142.86,1
"2026-08-27 20:00:00","#2144804",1,1499,1427.62,2
"2026-08-27 20:00:00","#2144723",1,1817,1618.1,1
"2026-08-27 20:00:00","#2144880",1,1499,1427.62,2
"2026-08-27 20:00:00","#2144770",1,1499,1427.62,2
"2026-08-27 20:00:00","#2144867",1,1499,1427.62,2
"2026-08-27 20:00:00","#2144857",1,1149,1094.29,1
"2026-08-27 20:00:00","#2144849",1,1599,1522.86,1
"2026-08-27 20:00:00","#2144879",1,1499,1427.62,2
"2026-08-27 20:00:00","#2144682",1,1615,1534.1,2
"2026-08-27 20:00:00","#2144841",1,1269,1208.57,1
"2026-08-27 20:00:00","#2144756",1,3049,2903.8,3
"2026-08-27 20:00:00","#2144871",1,2998,2855.24,4
"2026-08-27 20:00:00","#2144778",1,1499,1427.62,2
"2026-08-27 20:00:00","#2144748",1,1499,1427.62,2
"2026-08-27 20:00:00","#2144813",1,1499,1427.62,2
"2026-08-27 20:00:00","#2144704",1,4548,4331.43,6
"2026-08-27 20:00:00","#2144835",1,238,226.67,1
"2026-08-27 20:00:00","#2144805",1,1617,1427.62,1
"2026-08-27 20:00:00","#2144712",1,1484,1413.33,1
"2026-08-27 20:00:00","#2144850",1,4389,4180,6
"2026-08-27 20:00:00","#2144747",1,1499,1427.62,2
"2026-08-27 20:00:00","#2144860",1,1328,1264.76,2
"2026-08-27 20:00:00","#2144685",1,2998,2855.24,4
"2026-08-27 20:00:00","#2144769",1,2069,1970.48,2
"2026-08-27 20:00:00","#2144786",1,1699,1618.1,2
"2026-08-27 20:00:00","#2144846",1,2384,2270.48,2
"2026-08-27 20:00:00","#2144751",1,1948,1855.24,4
"2026-08-27 20:00:00","#2144858",1,0,0,2
"2026-08-27 20:00:00","#2144868",1,1699,1618.1,2
"2026-08-27 20:00:00","#2144693",1,1399,1332.38,1
"2026-08-27 20:00:00","#2144733",1,1699,1618.1,2
"2026-08-27 20:00:00","#2144824",1,1499,1427.62,2
"2026-08-27 20:00:00","#2144703",1,1499,1427.62,1
"2026-08-27 20:00:00","#2144802",1,1734,1651.42,2
"2026-08-27 20:00:00","#2144715",1,1440,1371.43,1
"2026-08-27 20:00:00","#2144832",1,1499,1427.62,2
"2026-08-27 21:00:00","#2144933",1,799,760.95,1
"2026-08-27 21:00:00","#2145082",1,1617,1427.62,1
"2026-08-27 21:00:00","#2144903",1,3098,2950.48,4
"2026-08-27 21:00:00","#2145065",1,934.15,889.67,1
"2026-08-27 21:00:00","#2145055",1,1637,1559.05,1
"2026-08-27 21:00:00","#2145043",1,1499,1427.62,2
"2026-08-27 21:00:00","#2145073",1,1699,1618.1,2
"2026-08-27 21:00:00","#2144990",1,1923,1831.42,2
"2026-08-27 21:00:00","#2145021",1,1399,1332.38,1
"2026-08-27 21:00:00","#2144969",1,1699,1618.1,2
"2026-08-27 21:00:00","#2144885",1,1699,1618.1,1
"2026-08-27 21:00:00","#2144959",1,1817,1618.1,1
"2026-08-27 21:00:00","#2145104",1,1599,1522.86,1
"2026-08-27 21:00:00","#2144947",1,1933,1840.95,3
"2026-08-27 21:00:00","#2144961",1,1517,1332.38,1
"2026-08-27 21:00:00","#2144951",1,2069,1970.48,2
"2026-08-27 21:00:00","#2144986",1,1902,1699.05,1
"2026-08-27 21:00:00","#2145037",1,1599,1522.86,1
"2026-08-27 21:00:00","#2145007",1,1614.05,1537.19,1
"2026-08-27 21:00:00","#2145029",1,2001,1787.71,3
"2026-08-27 21:00:00","#2144998",1,1533,1460,1
"2026-08-27 21:00:00","#2145052",1,991,943.81,1
"2026-08-27 21:00:00","#2145062",1,1948,1855.24,4
"2026-08-27 21:00:00","#2144934",1,1570.8,1496,3
"2026-08-27 21:00:00","#2145085",1,1699,1618.1,1
"2026-08-27 21:00:00","#2145093",1,1499,1427.62,1
"2026-08-27 21:00:00","#2145074",1,1229,1170.48,1
"2026-08-27 21:00:00","#2144940",1,4138,3940.95,5
"2026-08-27 21:00:00","#2145026",1,1399,1332.38,1
"2026-08-27 21:00:00","#2145016",1,1039,989.52,1
"2026-08-27 21:00:00","#2145008",1,1998,1902.86,4
"2026-08-27 21:00:00","#2145038",1,1617,1427.62,1
"2026-08-27 21:00:00","#2144989",1,1499,1427.62,2
"2026-08-27 21:00:00","#2145000",1,2578,2455.24,3
"2026-08-27 21:00:00","#2145030",1,1528,1342.86,1
"2026-08-27 21:00:00","#2144894",1,1499,1427.62,2
"2026-08-27 21:00:00","#2144948",1,1996.65,1901.57,2
"2026-08-27 21:00:00","#2144956",1,1848,1760,4
"2026-08-27 21:00:00","#2145063",1,1617,1427.62,2
"2026-08-27 21:00:00","#2144935",1,2114.1,2013.43,2
"2026-08-27 21:00:00","#2144905",1,1484,1413.33,1
"2026-08-27 21:00:00","#2145092",1,1399,1332.38,1
"2026-08-27 21:00:00","#2145045",1,2187,1970.48,2
"2026-08-27 21:00:00","#2145102",1,2999,2856.19,3
"2026-08-27 21:00:00","#2144996",1,2348,2236.19,3
"2026-08-27 21:00:00","#2144988",1,1948,1855.24,4
"2026-08-27 21:00:00","#2145039",1,2490,2371.42,3
"2026-08-27 21:00:00","#2145031",1,2467,2237.14,2
"2026-08-27 21:00:00","#2144980",1,1799,1713.33,3
"2026-08-27 21:00:00","#2145001",1,1917,1713.33,1
"2026-08-27 21:00:00","#2144949",1,1499,1427.62,2
"2026-08-27 21:00:00","#2144979",1,1599,1522.86,1
"2026-08-27 21:00:00","#2144957",1,1499,1427.62,2
"2026-08-27 21:00:00","#2144902",1,1699,1618.1,2
"2026-08-27 21:00:00","#2145083",1,1599,1522.86,1
"2026-08-27 21:00:00","#2145054",1,1752,1550.57,1
"2026-08-27 21:00:00","#2145064",1,1717,1522.86,1
"2026-08-27 21:00:00","#2145072",1,2048,1950.48,3
"2026-08-27 21:00:00","#2145042",1,1499,1427.62,2
"2026-08-27 21:00:00","#2144924",1,789,751.43,1
"2026-08-27 21:00:00","#2145020",1,2499,2380,3
"2026-08-27 21:00:00","#2145105",1,2326,2102.86,4
"2026-08-27 21:00:00","#2144958",1,899,856.19,1
"2026-08-27 21:00:00","#2144968",1,1858,1769.52,2
"2026-08-27 21:00:00","#2144976",1,1499,1427.62,2
"2026-08-27 21:00:00","#2144946",1,1499,1427.62,2
"2026-08-27 21:00:00","#2144892",1,4497,4282.86,9
"2026-08-27 21:00:00","#2144950",1,1584,1508.57,1
"2026-08-27 21:00:00","#2144960",1,1599,1522.86,1
"2026-08-27 21:00:00","#2145006",1,1499,1427.62,1
"2026-08-27 21:00:00","#2144987",1,1699,1618.1,2
"2026-08-27 21:00:00","#2145028",1,1617,1427.62,1
"2026-08-27 21:00:00","#2145018",1,1499,1427.62,2
"2026-08-27 21:00:00","#2145051",1,1109,943.8,1
"2026-08-27 21:00:00","#2145061",1,2069,1970.48,2
"2026-08-27 21:00:00","#2145098",1,1499,1427.62,1
"2026-08-27 21:00:00","#2144929",1,1898,1807.62,4
"2026-08-27 21:00:00","#2144937",1,4198,3998.1,6
"2026-08-27 21:00:00","#2144921",1,1119.2,1065.9,1
"2026-08-27 21:00:00","#2145090",1,1499,1427.62,1
"2026-08-27 21:00:00","#2144911",1,1898,1807.62,4
"2026-08-27 21:00:00","#2145077",1,1484,1413.33,1
"2026-08-27 21:00:00","#2145047",1,1499,1427.62,2
"2026-08-27 21:00:00","#2145059",1,3568,3398.1,5
"2026-08-27 21:00:00","#2145069",1,1999,1903.81,2
"2026-08-27 21:00:00","#2144973",1,5097,4854.28,9
"2026-08-27 21:00:00","#2144943",1,1499,1427.62,2
"2026-08-27 21:00:00","#2144994",1,1948,1855.24,4
"2026-08-27 21:00:00","#2145015",1,1499,1427.62,2
"2026-08-27 21:00:00","#2145003",1,1499,1427.62,1
"2026-08-27 21:00:00","#2144982",1,1499,1427.62,2
"2026-08-27 21:00:00","#2145033",1,1699,1618.1,1
"2026-08-27 21:00:00","#2145108",1,1499,1427.62,2
"2026-08-27 21:00:00","#2144955",1,1499,1427.62,2
"2026-08-27 21:00:00","#2144965",1,991,943.81,1
"2026-08-27 21:00:00","#2144889",1,1699,1618.1,2
"2026-08-27 21:00:00","#2144930",1,4017,3825.71,7
"2026-08-27 21:00:00","#2145081",1,1439.1,1370.58,1
"2026-08-27 21:00:00","#2144900",1,5246,4996.2,8
"2026-08-27 21:00:00","#2145066",1,1499,1427.62,1
"2026-08-27 21:00:00","#2145056",1,1499,1427.62,2
"2026-08-27 21:00:00","#2145048",1,1499,1427.62,2
"2026-08-27 21:00:00","#2145078",1,3048,2902.86,4
"2026-08-27 21:00:00","#2145070",1,249,237.14,1
"2026-08-27 21:00:00","#2145089",1,181,172.38,1
"2026-08-27 21:00:00","#2144938",1,2069,1970.48,2
"2026-08-27 21:00:00","#2144908",1,1499,1427.62,2
"2026-08-27 21:00:00","#2144916",1,1499,1427.62,2
"2026-08-27 21:00:00","#2144926",1,1617,1427.62,1
"2026-08-27 21:00:00","#2145097",1,1449,1380,1
"2026-08-27 21:00:00","#2144993",1,2490,2371.43,4
"2026-08-27 21:00:00","#2145022",1,1699,1618.1,2
"2026-08-27 21:00:00","#2144974",1,1499,1427.62,2
"2026-08-27 21:00:00","#2144886",1,2051,1840.96,3
"2026-08-27 21:00:00","#2145107",1,1599,1522.86,1
"2026-08-27 21:00:00","#2144985",1,2187,1970.48,2
"2026-08-27 21:00:00","#2145004",1,1349.1,1284.86,1
"2026-08-27 21:00:00","#2144901",1,5,4.76,1
"2026-08-27 21:00:00","#2145080",1,1699,1618.1,2
"2026-08-27 21:00:00","#2144931",1,2467,2237.14,2
"2026-08-27 21:00:00","#2145057",1,1549,1475.24,1
"2026-08-27 21:00:00","#2145067",1,1599,1522.86,1
"2026-08-27 21:00:00","#2145079",1,1444.15,1375.38,1
"2026-08-27 21:00:00","#2145049",1,2001,1905.72,2
"2026-08-27 21:00:00","#2145071",1,1499,1427.62,2
"2026-08-27 21:00:00","#2145041",1,1799,1713.33,1
"2026-08-27 21:00:00","#2144939",1,1599,1522.86,1
"2026-08-27 21:00:00","#2145088",1,1599,1522.86,1
"2026-08-27 21:00:00","#2145096",1,6765,6442.86,9
"2026-08-27 21:00:00","#2144927",1,2798,2664.76,3
"2026-08-27 21:00:00","#2144917",1,3116,2855.24,6
"2026-08-27 21:00:00","#2145023",1,1848,1760,3
"2026-08-27 21:00:00","#2145013",1,1499,1427.62,1
"2026-08-27 21:00:00","#2144899",1,1717,1522.86,1
"2026-08-27 21:00:00","#2144975",1,1699,1618.1,2
"2026-08-27 21:00:00","#2145106",1,2016,1807.62,4
"2026-08-27 21:00:00","#2144887",1,1499,1427.62,2
"2026-08-27 21:00:00","#2144953",1,1599,1522.86,1
"2026-08-27 21:00:00","#2144963",1,2331,2220,3
"2026-08-27 21:00:00","#2145005",1,1499,1427.62,2
"2026-08-27 21:00:00","#2144984",1,1844,1756.19,3
"2026-08-27 21:00:00","#2145060",1,1499,1427.62,2
"2026-08-27 21:00:00","#2145099",1,1499,1427.62,2
"2026-08-27 21:00:00","#2145087",1,1599,1522.86,1
"2026-08-27 21:00:00","#2144906",1,2399,2284.76,2
"2026-08-27 21:00:00","#2145091",1,1599,1522.86,1
"2026-08-27 21:00:00","#2144920",1,3767,3587.62,6
"2026-08-27 21:00:00","#2145046",1,1499,1427.62,2
"2026-08-27 21:00:00","#2145068",1,2998,2855.24,5
"2026-08-27 21:00:00","#2145058",1,1848,1760,3
"2026-08-27 21:00:00","#2144942",1,4597,4378.1,8
"2026-08-27 21:00:00","#2144972",1,1499,1427.62,2
"2026-08-27 21:00:00","#2145101",1,1699,1618.1,1
"2026-08-27 21:00:00","#2145014",1,1299,1237.14,1
"2026-08-27 21:00:00","#2145024",1,1948,1855.24,3
"2026-08-27 21:00:00","#2144995",1,1499,1427.62,2
"2026-08-27 21:00:00","#2145032",1,1374,1308.57,1
"2026-08-27 21:00:00","#2144983",1,1699,1618.1,2
"2026-08-27 21:00:00","#2145002",1,475,452.38,1
"2026-08-27 21:00:00","#2144964",1,1848,1760,3
"2026-08-27 21:00:00","#2144954",1,1932,1840,4
"2026-08-27 21:00:00","#2145109",1,1648,1569.52,2
"2026-08-27 22:00:00","#2145167",1,1499,1427.62,2
"2026-08-27 22:00:00","#2145157",1,4452.3,3938.21,6
"2026-08-27 22:00:00","#2145149",1,1617,1427.62,2
"2026-08-27 22:00:00","#2145179",1,1998,1902.86,4
"2026-08-27 22:00:00","#2145180",1,1399,1332.38,1
"2026-08-27 22:00:00","#2145188",1,1617,1427.62,2
"2026-08-27 22:00:00","#2145196",1,1348,1283.8,2
"2026-08-27 22:00:00","#2145141",1,1717,1522.86,1
"2026-08-27 22:00:00","#2145246",1,143,136.19,1
"2026-08-27 22:00:00","#2145171",1,1898,1807.62,4
"2026-08-27 22:00:00","#2145113",1,1499,1427.62,2
"2026-08-27 22:00:00","#2145224",1,1499,1427.62,2
"2026-08-27 22:00:00","#2145123",1,1882,1792.38,4
"2026-08-27 22:00:00","#2145214",1,2248,2140.95,4
"2026-08-27 22:00:00","#2145202",1,1684,1603.81,1
"2026-08-27 22:00:00","#2145135",1,2187,1970.48,2
"2026-08-27 22:00:00","#2145232",1,1663.2,1584,2
"2026-08-27 22:00:00","#2145199",1,1425,1353.62,1
"2026-08-27 22:00:00","#2145187",1,1947,1854.29,5
"2026-08-27 22:00:00","#2145150",1,2198,2093.33,3
"2026-08-27 22:00:00","#2145160",1,1499,1427.62,1
"2026-08-27 22:00:00","#2145241",1,1998,1871.48,4
"2026-08-27 22:00:00","#2145176",1,0,0,1
"2026-08-27 22:00:00","#2145158",1,1499,1427.62,2
"2026-08-27 22:00:00","#2145191",1,909,865.72,1
"2026-08-27 22:00:00","#2145213",1,1699,1618.1,2
"2026-08-27 22:00:00","#2145114",1,2048,1950.48,4
"2026-08-27 22:00:00","#2145223",1,1999,1903.81,2
"2026-08-27 22:00:00","#2145235",1,1189.15,1132.52,1
"2026-08-27 22:00:00","#2145205",1,2517,2284.76,2
"2026-08-27 22:00:00","#2145132",1,1502,1318.1,1
"2026-08-27 22:00:00","#2145198",1,2069,1970.48,2
"2026-08-27 22:00:00","#2145186",1,2508,2270.57,3
"2026-08-27 22:00:00","#2145161",1,1499,1427.62,2
"2026-08-27 22:00:00","#2145151",1,1499,1427.62,1
"2026-08-27 22:00:00","#2145147",1,1997,1901.9,5
"2026-08-27 22:00:00","#2145240",1,1686,1605.71,2
"2026-08-27 22:00:00","#2145177",1,2117,1903.81,2
"2026-08-27 22:00:00","#2145169",1,1484,1413.33,1
"2026-08-27 22:00:00","#2145159",1,1998,1902.86,4
"2026-08-27 22:00:00","#2145190",1,1699,1618.1,2
"2026-08-27 22:00:00","#2145115",1,2298,2188.57,4
"2026-08-27 22:00:00","#2145222",1,1124.25,1070.71,1
"2026-08-27 22:00:00","#2145125",1,1499,1427.62,2
"2026-08-27 22:00:00","#2145212",1,1499,1427.62,2
"2026-08-27 22:00:00","#2145204",1,2069,1970.48,2
"2026-08-27 22:00:00","#2145133",1,2517,2284.76,2
"2026-08-27 22:00:00","#2145234",1,1898,1807.62,4
"2026-08-27 22:00:00","#2145156",1,1699,1618.1,2
"2026-08-27 22:00:00","#2145166",1,1599,1522.86,1
"2026-08-27 22:00:00","#2145178",1,1617,1427.62,1
"2026-08-27 22:00:00","#2145181",1,3898,3712.38,6
"2026-08-27 22:00:00","#2145189",1,1291.15,1229.67,1
"2026-08-27 22:00:00","#2145197",1,1249,1189.52,1
"2026-08-27 22:00:00","#2145170",1,1599,1522.86,1
"2026-08-27 22:00:00","#2145140",1,1109,943.81,1
"2026-08-27 22:00:00","#2145122",1,2097,1997.14,4
"2026-08-27 22:00:00","#2145215",1,1499,1427.62,2
"2026-08-27 22:00:00","#2145112",1,1767,1570.48,1
"2026-08-27 22:00:00","#2145225",1,1617,1427.62,2
"2026-08-27 22:00:00","#2145233",1,2998,2855.24,6
"2026-08-27 22:00:00","#2145203",1,1499,1427.62,1
"2026-08-27 22:00:00","#2145134",1,1917,1713.33,1
"2026-08-27 22:00:00","#2145184",1,599,570.48,1
"2026-08-27 22:00:00","#2145153",1,3846,3662.86,9
"2026-08-27 22:00:00","#2145163",1,1717,1522.86,1
"2026-08-27 22:00:00","#2145175",1,1617,1427.62,1
"2026-08-27 22:00:00","#2145242",1,1784,1699.05,1
"2026-08-27 22:00:00","#2145145",1,1499,1427.62,2
"2026-08-27 22:00:00","#2145192",1,1948,1855.24,4
"2026-08-27 22:00:00","#2145210",1,1699,1618.1,1
"2026-08-27 22:00:00","#2145127",1,1329.05,1265.76,1
"2026-08-27 22:00:00","#2145220",1,1617,1427.62,2
"2026-08-27 22:00:00","#2145117",1,1617,1422,2
"2026-08-27 22:00:00","#2145139",1,1499,1427.62,1
"2026-08-27 22:00:00","#2145236",1,4099,3903.81,6
"2026-08-27 22:00:00","#2145131",1,1499,1427.62,1
"2026-08-27 22:00:00","#2145206",1,809.25,770.71,1
"2026-08-27 22:00:00","#2145218",1,1499,1427.62,2
"2026-08-27 22:00:00","#2145228",1,1699,1618.1,2
"2026-08-27 22:00:00","#2145164",1,1767,1564.86,1
"2026-08-27 22:00:00","#2145154",1,1699,1618.1,2
"2026-08-27 22:00:00","#2145183",1,899,856.19,1
"2026-08-27 22:00:00","#2145195",1,1,0.95,1
"2026-08-27 22:00:00","#2145142",1,3594,3422.86,8
"2026-08-27 22:00:00","#2145172",1,1499,1427.62,1
"2026-08-27 22:00:00","#2145245",1,1927,1722.86,2
"2026-08-27 22:00:00","#2145227",1,1384,1318.1,1
"2026-08-27 22:00:00","#2145110",1,1698,1617.14,2
"2026-08-27 22:00:00","#2145217",1,484,460.95,1
"2026-08-27 22:00:00","#2145120",1,1617,1427.62,2
"2026-08-27 22:00:00","#2145209",1,1617,1427.62,2
"2026-08-27 22:00:00","#2145239",1,1399,1332.38,2
"2026-08-27 22:00:00","#2145136",1,1897,1806.66,5
"2026-08-27 22:00:00","#2145201",1,1,0.95,1
"2026-08-27 22:00:00","#2145231",1,2237,2130.48,2
"2026-08-27 22:00:00","#2145118",1,789,751.43,1
"2026-08-27 22:00:00","#2145155",1,1499,1427.62,2
"2026-08-27 22:00:00","#2145165",1,1499,1427.62,2
"2026-08-27 22:00:00","#2145182",1,699,665.71,1
"2026-08-27 22:00:00","#2145194",1,1998,1902.86,4
"2026-08-27 22:00:00","#2145173",1,1817,1618.1,1
"2026-08-27 22:00:00","#2145244",1,1499,1427.62,2
"2026-08-27 22:00:00","#2145143",1,2069,1970.48,2
"2026-08-27 22:00:00","#2145216",1,1499,1427.62,1
"2026-08-27 22:00:00","#2145121",1,3198,3045.72,4
"2026-08-27 22:00:00","#2145226",1,2467,2237.14,2
"2026-08-27 22:00:00","#2145111",1,1499,1427.62,2
"2026-08-27 22:00:00","#2145238",1,1898,1807.62,4
"2026-08-27 22:00:00","#2145208",1,1499,1427.62,2
"2026-08-27 22:00:00","#2145230",1,2049,1951.43,2
"2026-08-27 22:00:00","#2145137",1,3016,2760,4
"2026-08-27 22:00:00","#2145200",1,1699,1618.1,2
"2026-08-27 22:00:00","#2145129",1,1998,1902.86,4
"2026-08-27 22:00:00","#2145119",1,1817,1618.1,1
"2026-08-27 22:00:00","#2145185",1,1399,1332.38,1
"2026-08-27 22:00:00","#2145162",1,1407.12,1340.11,1
"2026-08-27 22:00:00","#2145152",1,1399,1332.38,1
"2026-08-27 22:00:00","#2145144",1,2187,1970.48,2
"2026-08-27 22:00:00","#2145174",1,1999,1903.81,2
"2026-08-27 22:00:00","#2145243",1,4947,4711.43,6
"2026-08-27 22:00:00","#2145193",1,2878.2,2741.14,4
"2026-08-27 22:00:00","#2145221",1,1499,1427.62,1
"2026-08-27 22:00:00","#2145211",1,1499,1427.62,2
"2026-08-27 22:00:00","#2145126",1,1599,1522.86,1
"2026-08-27 22:00:00","#2145138",1,1274.15,1213.47,1
"2026-08-27 22:00:00","#2145130",1,1499,1427.62,2
"2026-08-27 22:00:00","#2145207",1,2136,2034.29,2
"2026-08-27 22:00:00","#2145237",1,1499,1427.62,1
"2026-08-27 22:00:00","#2145229",1,2998,2855.24,6
"2026-08-27 22:00:00","#2145219",1,479,456.19,1
"2026-08-27 23:00:00","#2145251",1,2198,2093.33,4
"2026-08-27 23:00:00","#2145261",1,2998,2855.24,6
"2026-08-27 23:00:00","#2145298",1,3098,2950.48,4
"2026-08-27 23:00:00","#2145374",1,1999,1903.81,2
"2026-08-27 23:00:00","#2145344",1,1982,1887.62,3
"2026-08-27 23:00:00","#2145286",1,1349.1,1284.86,1
"2026-08-27 23:00:00","#2145352",1,1809,1722.86,2
"2026-08-27 23:00:00","#2145362",1,1898,1807.62,4
"2026-08-27 23:00:00","#2145290",1,1867,1665.71,1
"2026-08-27 23:00:00","#2145277",1,1599,1522.86,1
"2026-08-27 23:00:00","#2145247",1,1499,1427.62,2
"2026-08-27 23:00:00","#2145259",1,1848,1760,4
"2026-08-27 23:00:00","#2145269",1,2165,1949.52,4
"2026-08-27 23:00:00","#2145300",1,1424.05,1356.23,1
"2026-08-27 23:00:00","#2145330",1,3198,3045.71,5
"2026-08-27 23:00:00","#2145308",1,3048,2902.86,5
"2026-08-27 23:00:00","#2145338",1,1684,1603.81,1
"2026-08-27 23:00:00","#2145326",1,1617,1427.62,1
"2026-08-27 23:00:00","#2145316",1,1499,1427.62,2
"2026-08-27 23:00:00","#2145343",1,1617,1427.62,1
"2026-08-27 23:00:00","#2145373",1,2218,2112.38,3
"2026-08-27 23:00:00","#2145281",1,1637,1446.67,1
"2026-08-27 23:00:00","#2145266",1,1557.1,1370.57,1
"2026-08-27 23:00:00","#2145256",1,3298,3140.96,5
"2026-08-27 23:00:00","#2145248",1,1898,1807.62,4
"2026-08-27 23:00:00","#2145278",1,2069,1970.48,2
"2026-08-27 23:00:00","#2145270",1,1998,1902.86,4
"2026-08-27 23:00:00","#2145365",1,1484,1413.33,1
"2026-08-27 23:00:00","#2145289",1,1898,1807.62,4
"2026-08-27 23:00:00","#2145355",1,2316,2093.33,4
"2026-08-27 23:00:00","#2145297",1,2249,2141.9,2
"2026-08-27 23:00:00","#2145319",1,1799,1713.33,1
"2026-08-27 23:00:00","#2145329",1,1149,1094.28,1
"2026-08-27 23:00:00","#2145337",1,3098,2950.48,5
"2026-08-27 23:00:00","#2145307",1,1499,1427.62,2
"2026-08-27 23:00:00","#2145311",1,1966,1760,4
"2026-08-27 23:00:00","#2145321",1,1784,1699.04,1
"2026-08-27 23:00:00","#2145372",1,1499,1427.62,2
"2026-08-27 23:00:00","#2145342",1,1499,1427.62,2
"2026-08-27 23:00:00","#2145280",1,1499,1427.62,1
"2026-08-27 23:00:00","#2145257",1,1817,1618.1,2
"2026-08-27 23:00:00","#2145267",1,1499,1427.62,2
"2026-08-27 23:00:00","#2145279",1,1817,1618.1,2
"2026-08-27 23:00:00","#2145249",1,4297,4092.38,8
"2026-08-27 23:00:00","#2145271",1,2048,1950.48,4
"2026-08-27 23:00:00","#2145354",1,1699,1618.1,2
"2026-08-27 23:00:00","#2145364",1,1599,1522.86,1
"2026-08-27 23:00:00","#2145288",1,2069,1970.48,2
"2026-08-27 23:00:00","#2145296",1,2416,2188.57,4
"2026-08-27 23:00:00","#2145328",1,1717,1522.86,1
"2026-08-27 23:00:00","#2145318",1,2349,2237.14,2
"2026-08-27 23:00:00","#2145306",1,1499,1427.62,2
"2026-08-27 23:00:00","#2145336",1,1599,1522.86,1
"2026-08-27 23:00:00","#2145320",1,1749,1665.71,1
"2026-08-27 23:00:00","#2145310",1,3997,3806.67,7
"2026-08-27 23:00:00","#2145260",1,2098,1998.1,4
"2026-08-27 23:00:00","#2145250",1,599,570.48,1
"2026-08-27 23:00:00","#2145345",1,1599,1522.86,1
"2026-08-27 23:00:00","#2145299",1,1499,1427.62,2
"2026-08-27 23:00:00","#2145375",1,2349,2237.14,2
"2026-08-27 23:00:00","#2145287",1,1499,1427.62,2
"2026-08-27 23:00:00","#2145363",1,1499,1427.62,1
"2026-08-27 23:00:00","#2145353",1,1617,1427.62,2
"2026-08-27 23:00:00","#2145291",1,1699,1618.1,2
"2026-08-27 23:00:00","#2145276",1,1727,1644.76,3
"2026-08-27 23:00:00","#2145268",1,1699,1618.1,2
"2026-08-27 23:00:00","#2145258",1,1499,1427.62,1
"2026-08-27 23:00:00","#2145331",1,1316.65,1253.95,1
"2026-08-27 23:00:00","#2145301",1,1499,1427.62,2
"2026-08-27 23:00:00","#2145339",1,1767,1570.48,1
"2026-08-27 23:00:00","#2145309",1,1999,1903.81,2
"2026-08-27 23:00:00","#2145317",1,1748,1664.76,2
"2026-08-27 23:00:00","#2145327",1,1984,1889.52,2
"2026-08-27 23:00:00","#2145282",1,1699.15,1618.24,1
"2026-08-27 23:00:00","#2145340",1,4017,3825.71,7
"2026-08-27 23:00:00","#2145370",1,1913,1709.52,2
"2026-08-27 23:00:00","#2145265",1,2016,1807.62,4
"2026-08-27 23:00:00","#2145255",1,1517,1332.38,1
"2026-08-27 23:00:00","#2145273",1,1599,1522.86,1
"2026-08-27 23:00:00","#2145348",1,1617,1427.62,2
"2026-08-27 23:00:00","#2145294",1,743.25,707.85,1
"2026-08-27 23:00:00","#2145378",1,2069,1970.48,2
"2026-08-27 23:00:00","#2145366",1,1699,1618.1,2
"2026-08-27 23:00:00","#2145356",1,1898,1807.62,4
"2026-08-27 23:00:00","#2145334",1,1898,1807.62,4
"2026-08-27 23:00:00","#2145304",1,1549,1475.24,1
"2026-08-27 23:00:00","#2145312",1,1717,1522.86,1
"2026-08-27 23:00:00","#2145322",1,7595,7233.33,8
"2026-08-27 23:00:00","#2145252",1,1499,1427.62,1
"2026-08-27 23:00:00","#2145262",1,1499,1427.62,2
"2026-08-27 23:00:00","#2145359",1,1414,1346.67,1
"2026-08-27 23:00:00","#2145369",1,1817,1618.1,2
"2026-08-27 23:00:00","#2145285",1,1499,1427.62,2
"2026-08-27 23:00:00","#2145377",1,3668,3493.33,4
"2026-08-27 23:00:00","#2145347",1,2998,2855.24,6
"2026-08-27 23:00:00","#2145293",1,2334,2222.86,2
"2026-08-27 23:00:00","#2145351",1,1617,1427.62,2
"2026-08-27 23:00:00","#2145361",1,1802,1603.81,1
"2026-08-27 23:00:00","#2145274",1,1499,1427.62,2
"2026-08-27 23:00:00","#2145303",1,3198,3045.71,4
"2026-08-27 23:00:00","#2145333",1,0,0,1
"2026-08-27 23:00:00","#2145325",1,1519,1446.67,1
"2026-08-27 23:00:00","#2145315",1,3249,3094.29,3
"2026-08-27 23:00:00","#2145263",1,1099,1046.67,1
"2026-08-27 23:00:00","#2145253",1,1599,1522.86,1
"2026-08-27 23:00:00","#2145368",1,2467,2237.14,2
"2026-08-27 23:00:00","#2145284",1,1484,1413.34,1
"2026-08-27 23:00:00","#2145358",1,1649,1570.48,1
"2026-08-27 23:00:00","#2145346",1,1499,1427.62,2
"2026-08-27 23:00:00","#2145376",1,1699,1618.1,2
"2026-08-27 23:00:00","#2145292",1,1499,1427.62,1
"2026-08-27 23:00:00","#2145360",1,1817,1618.1,2
"2026-08-27 23:00:00","#2145350",1,3198,3045.71,5
"2026-08-27 23:00:00","#2145275",1,2334,2222.86,2
"2026-08-27 23:00:00","#2145332",1,1949,1856.2,2
"2026-08-27 23:00:00","#2145302",1,1499,1427.62,2
"2026-08-27 23:00:00","#2145314",1,1484,1413.33,1
"2026-08-27 23:00:00","#2145324",1,2467,2237.14,2
"2026-08-27 23:00:00","#2145283",1,1998,1902.86,4
"2026-08-27 23:00:00","#2145371",1,1699,1618.1,2
"2026-08-27 23:00:00","#2145341",1,3117,2856.19,3
"2026-08-27 23:00:00","#2145254",1,1848,1760,3
"2026-08-27 23:00:00","#2145264",1,1983,1847.02,3
"2026-08-27 23:00:00","#2145272",1,2948,2807.62,4
"2026-08-27 23:00:00","#2145295",1,1499,1427.62,2
"2026-08-27 23:00:00","#2145349",1,1783.8,1698.86,2
"2026-08-27 23:00:00","#2145357",1,2568,2445.71,4
"2026-08-27 23:00:00","#2145367",1,1717,1522.86,1
"2026-08-27 23:00:00","#2145305",1,4597,4378.1,7
"2026-08-27 23:00:00","#2145335",1,1499,1427.62,2
"2026-08-27 23:00:00","#2145323",1,1999,1903.81,2
"2026-08-27 23:00:00","#2145313",1,2187,1970.48,2
