"Hour","Order name","Orders","Total sales","Net sales","Quantity ordered","Hour (yesterday)","Orders (yesterday)","Total sales (yesterday)","Net sales (yesterday)","Quantity ordered (yesterday)","Orders (yesterday) ","Total sales (yesterday) ","Net sales (yesterday) ","Quantity ordered (yesterday) "
"2026-08-28 00:00:00","#2142718",0,0,0,0,"2026-08-27 00:00:00",1,3398,3236.2,6,-100,-100,-100,-100
"2026-08-28 00:00:00","#2142692",0,0,0,0,"2026-08-27 00:00:00",1,1817,1618.1,2,-100,-100,-100,-100
"2026-08-28 00:00:00","#2145416",1,4497,4282.86,9,"2026-08-27 00:00:00",0,0,0,0,,,,
"2026-08-28 00:00:00","#2145391",1,1699,1618.1,2,"2026-08-27 00:00:00",0,0,0,0,,,,
"2026-08-28 00:00:00","#2142721",0,0,0,0,"2026-08-27 00:00:00",1,1617,1427.62,2,-100,-100,-100,-100
"2026-08-28 00:00:00","#2142711",0,0,0,0,"2026-08-27 00:00:00",1,1817,1618.1,2,-100,-100,-100,-100
"2026-08-28 00:00:00","#2142660",0,0,0,0,"2026-08-27 00:00:00",1,1617,1427.62,2,-100,-100,-100,-100
"2026-08-28 00:00:00","#2142707",0,0,0,0,"2026-08-27 00:00:00",1,1499,1427.62,1,-100,-100,-100,-100
"2026-08-28 00:00:00","#2142668",0,0,0,0,"2026-08-27 00:00:00",1,1837,1637.14,2,-100,-100,-100,-100
"2026-08-28 00:00:00","#2142658",0,0,0,0,"2026-08-27 00:00:00",1,1499,1427.62,2,-100,-100,-100,-100
"2026-08-28 00:00:00","#2142729",0,0,0,0,"2026-08-27 00:00:00",1,1617,1427.62,2,-100,-100,-100,-100
"2026-08-28 00:00:00","#2142676",0,0,0,0,"2026-08-27 00:00:00",1,3183,3031.42,4,-100,-100,-100,-100
"2026-08-28 00:00:00","#2142719",0,0,0,0,"2026-08-27 00:00:00",1,4196,3996.19,8,-100,-100,-100,-100
"2026-08-28 00:00:00","#2145443",1,1617,1427.62,1,"2026-08-27 00:00:00",0,0,0,0,,,,
"2026-08-28 00:00:00","#2142691",0,0,0,0,"2026-08-27 00:00:00",1,1499,1427.62,2,-100,-100,-100,-100
"2026-08-28 00:00:00","#2145388",1,1884,1794.29,2,"2026-08-27 00:00:00",0,0,0,0,,,,
"2026-08-28 00:00:00","#2145396",1,1499,1427.62,2,"2026-08-27 00:00:00",0,0,0,0,,,,
"2026-08-28 00:00:00","#2145411",1,1499,1427.62,2,"2026-08-27 00:00:00",0,0,0,0,,,,
"2026-08-28 00:00:00","#2145421",1,2608,2371.43,4,"2026-08-27 00:00:00",0,0,0,0,,,,
"2026-08-28 00:00:00","#2145419",1,2286,2177.14,2,"2026-08-27 00:00:00",0,0,0,0,,,,
"2026-08-28 00:00:00","#2145429",1,1499,1427.62,2,"2026-08-27 00:00:00",0,0,0,0,,,,
"2026-08-28 00:00:00","#2145437",1,1948,1855.24,3,"2026-08-27 00:00:00",0,0,0,0,,,,
"2026-08-28 00:00:00","#2145407",1,1584,1508.57,1,"2026-08-27 00:00:00",0,0,0,0,,,,
"2026-08-28 00:00:00","#2145379",1,1499,1427.62,2,"2026-08-27 00:00:00",0,0,0,0,,,,
"2026-08-28 00:00:00","#2145380",1,1817,1618.1,1,"2026-08-27 00:00:00",0,0,0,0,,,,
"2026-08-28 00:00:00","#2142716",0,0,0,0,"2026-08-27 00:00:00",1,1384,1318.1,1,-100,-100,-100,-100
"2026-08-28 00:00:00","#2142679",0,0,0,0,"2026-08-27 00:00:00",1,1348,1283.81,1,-100,-100,-100,-100
"2026-08-28 00:00:00","#2142726",0,0,0,0,"2026-08-27 00:00:00",1,1499,1427.62,1,-100,-100,-100,-100
"2026-08-28 00:00:00","#2142657",0,0,0,0,"2026-08-27 00:00:00",1,1599,1522.86,1,-100,-100,-100,-100
"2026-08-28 00:00:00","#2142667",0,0,0,0,"2026-08-27 00:00:00",1,1617,1427.62,1,-100,-100,-100,-100
"2026-08-28 00:00:00","#2142708",0,0,0,0,"2026-08-27 00:00:00",1,2349,2237.14,2,-100,-100,-100,-100
"2026-08-28 00:00:00","#2145452",1,1599,1522.86,1,"2026-08-27 00:00:00",0,0,0,0,,,,
"2026-08-28 00:00:00","#2145462",1,1484,1413.33,1,"2026-08-27 00:00:00",0,0,0,0,,,,
"2026-08-28 00:00:00","#2142680",0,0,0,0,"2026-08-27 00:00:00",1,4297,4092.38,5,-100,-100,-100,-100
"2026-08-28 00:00:00","#2142696",0,0,0,0,"2026-08-27 00:00:00",1,899,856.19,1,-100,-100,-100,-100
"2026-08-28 00:00:00","#2145444",1,3848,3664.76,5,"2026-08-27 00:00:00",0,0,0,0,,,,
"2026-08-28 00:00:00","#2142688",0,0,0,0,"2026-08-27 00:00:00",1,1817,1618.1,2,-100,-100,-100,-100
"2026-08-28 00:00:00","#2142730",0,0,0,0,"2026-08-27 00:00:00",1,1699,1618.1,2,-100,-100,-100,-100
"2026-08-28 00:00:00","#2142700",0,0,0,0,"2026-08-27 00:00:00",1,2199,2094.28,2,-100,-100,-100,-100
"2026-08-28 00:00:00","#2142671",0,0,0,0,"2026-08-27 00:00:00",1,1584,1508.57,1,-100,-100,-100,-100
"2026-08-28 00:00:00","#2145408",1,1499,1427.62,2,"2026-08-27 00:00:00",0,0,0,0,,,,
"2026-08-28 00:00:00","#2145438",1,1817,1618.1,1,"2026-08-27 00:00:00",0,0,0,0,,,,
"2026-08-28 00:00:00","#2145465",1,1439.1,1370.58,1,"2026-08-27 00:00:00",0,0,0,0,,,,
"2026-08-28 00:00:00","#2145455",1,2065,1854.28,5,"2026-08-27 00:00:00",0,0,0,0,,,,
"2026-08-28 00:00:00","#2142699",0,0,0,0,"2026-08-27 00:00:00",1,1699,1618.1,2,-100,-100,-100,-100
"2026-08-28 00:00:00","#2145399",1,1484,1413.34,1,"2026-08-27 00:00:00",0,0,0,0,,,,
"2026-08-28 00:00:00","#2145387",1,2667,2422,2,"2026-08-27 00:00:00",0,0,0,0,,,,
"2026-08-28 00:00:00","#2145400",1,1557.1,1370.58,1,"2026-08-27 00:00:00",0,0,0,0,,,,
"2026-08-28 00:00:00","#2145430",1,2998,2855.24,5,"2026-08-27 00:00:00",0,0,0,0,,,,
"2026-08-28 00:00:00","#2142727",0,0,0,0,"2026-08-27 00:00:00",1,10394,9899.05,12,-100,-100,-100,-100
"2026-08-28 00:00:00","#2142678",0,0,0,0,"2026-08-27 00:00:00",1,1499,1427.62,1,-100,-100,-100,-100
"2026-08-28 00:00:00","#2142717",0,0,0,0,"2026-08-27 00:00:00",1,1817,1618.1,2,-100,-100,-100,-100
"2026-08-28 00:00:00","#2142709",0,0,0,0,"2026-08-27 00:00:00",1,1916,1712.38,2,-100,-100,-100,-100
"2026-08-28 00:00:00","#2142666",0,0,0,0,"2026-08-27 00:00:00",1,709,675.24,1,-100,-100,-100,-100
"2026-08-28 00:00:00","#2142681",0,0,0,0,"2026-08-27 00:00:00",1,1499,1427.62,2,-100,-100,-100,-100
"2026-08-28 00:00:00","#2145463",1,1499,1427.62,1,"2026-08-27 00:00:00",0,0,0,0,,,,
"2026-08-28 00:00:00","#2145453",1,3203,3050.48,4,"2026-08-27 00:00:00",0,0,0,0,,,,
"2026-08-28 00:00:00","#2145445",1,1617,1427.62,1,"2026-08-27 00:00:00",0,0,0,0,,,,
"2026-08-28 00:00:00","#2142697",0,0,0,0,"2026-08-27 00:00:00",1,4598,4379.04,5,-100,-100,-100,-100
"2026-08-28 00:00:00","#2142689",0,0,0,0,"2026-08-27 00:00:00",1,192,182.86,1,-100,-100,-100,-100
"2026-08-28 00:00:00","#2142701",0,0,0,0,"2026-08-27 00:00:00",1,1109,943.81,1,-100,-100,-100,-100
"2026-08-28 00:00:00","#2142731",0,0,0,0,"2026-08-27 00:00:00",1,1299,1237.14,1,-100,-100,-100,-100
"2026-08-28 00:00:00","#2142670",0,0,0,0,"2026-08-27 00:00:00",1,1599,1522.86,1,-100,-100,-100,-100
"2026-08-28 00:00:00","#2145439",1,1699,1618.1,2,"2026-08-27 00:00:00",0,0,0,0,,,,
"2026-08-28 00:00:00","#2145409",1,2198,2093.34,3,"2026-08-27 00:00:00",0,0,0,0,,,,
"2026-08-28 00:00:00","#2145417",1,2367,2141.9,2,"2026-08-27 00:00:00",0,0,0,0,,,,
"2026-08-28 00:00:00","#2145427",1,199,189.52,4,"2026-08-27 00:00:00",0,0,0,0,,,,
"2026-08-28 00:00:00","#2145390",1,2998,2855.24,5,"2026-08-27 00:00:00",0,0,0,0,,,,
"2026-08-28 00:00:00","#2145398",1,1949,1856.19,2,"2026-08-27 00:00:00",0,0,0,0,,,,
"2026-08-28 00:00:00","#2145386",1,1499,1427.62,2,"2026-08-27 00:00:00",0,0,0,0,,,,
"2026-08-28 00:00:00","#2145431",1,1599,1522.86,1,"2026-08-27 00:00:00",0,0,0,0,,,,
"2026-08-28 00:00:00","#2145401",1,1499,1427.62,1,"2026-08-27 00:00:00",0,0,0,0,,,,
"2026-08-28 00:00:00","#2145454",1,991,943.81,1,"2026-08-27 00:00:00",0,0,0,0,,,,
"2026-08-28 00:00:00","#2142686",0,0,0,0,"2026-08-27 00:00:00",1,2187,1970.48,2,-100,-100,-100,-100
"2026-08-28 00:00:00","#2145464",1,2097,1997.14,5,"2026-08-27 00:00:00",0,0,0,0,,,,
"2026-08-28 00:00:00","#2142698",0,0,0,0,"2026-08-27 00:00:00",1,1817,1618.1,1,-100,-100,-100,-100
"2026-08-28 00:00:00","#2142710",0,0,0,0,"2026-08-27 00:00:00",1,3727.1,3549.62,5,-100,-100,-100,-100
"2026-08-28 00:00:00","#2142720",0,0,0,0,"2026-08-27 00:00:00",1,1898,1807.62,3,-100,-100,-100,-100
"2026-08-28 00:00:00","#2142661",0,0,0,0,"2026-08-27 00:00:00",1,1699,1618.1,2,-100,-100,-100,-100
"2026-08-28 00:00:00","#2142659",0,0,0,0,"2026-08-27 00:00:00",1,1499,1427.62,2,-100,-100,-100,-100
"2026-08-28 00:00:00","#2142669",0,0,0,0,"2026-08-27 00:00:00",1,1617,1427.62,2,-100,-100,-100,-100
"2026-08-28 00:00:00","#2142706",0,0,0,0,"2026-08-27 00:00:00",1,1699,1618.1,2,-100,-100,-100,-100
"2026-08-28 00:00:00","#2142687",0,0,0,0,"2026-08-27 00:00:00",1,1499,1427.62,1,-100,-100,-100,-100
"2026-08-28 00:00:00","#2145426",1,1617,1427.62,1,"2026-08-27 00:00:00",0,0,0,0,,,,
"2026-08-28 00:00:00","#2142728",0,0,0,0,"2026-08-27 00:00:00",1,1547,1473.33,3,-100,-100,-100,-100
"2026-08-28 00:00:00","#2142690",0,0,0,0,"2026-08-27 00:00:00",1,2652,2413.33,2,-100,-100,-100,-100
"2026-08-28 00:00:00","#2145442",1,2998,2855.24,4,"2026-08-27 00:00:00",0,0,0,0,,,,
"2026-08-28 00:00:00","#2145389",1,2097,1934.4,5,"2026-08-27 00:00:00",0,0,0,0,,,,
"2026-08-28 00:00:00","#2145397",1,1499,1427.62,2,"2026-08-27 00:00:00",0,0,0,0,,,,
"2026-08-28 00:00:00","#2145420",1,1399,1332.38,1,"2026-08-27 00:00:00",0,0,0,0,,,,
"2026-08-28 00:00:00","#2145410",1,1699,1618.1,2,"2026-08-27 00:00:00",0,0,0,0,,,,
"2026-08-28 00:00:00","#2145428",1,1109,943.81,1,"2026-08-27 00:00:00",0,0,0,0,,,,
"2026-08-28 00:00:00","#2145418",1,1499,1427.62,2,"2026-08-27 00:00:00",0,0,0,0,,,,
"2026-08-28 00:00:00","#2145406",1,3038,2893.33,4,"2026-08-27 00:00:00",0,0,0,0,,,,
"2026-08-28 00:00:00","#2145436",1,1499,1427.62,1,"2026-08-27 00:00:00",0,0,0,0,,,,
"2026-08-28 00:00:00","#2145381",1,1617,1427.62,2,"2026-08-27 00:00:00",0,0,0,0,,,,
"2026-08-28 00:00:00","#2142664",0,0,0,0,"2026-08-27 00:00:00",1,1699,1618.1,2,-100,-100,-100,-100
"2026-08-28 00:00:00","#2142715",0,0,0,0,"2026-08-27 00:00:00",1,2998,2855.24,4,-100,-100,-100,-100
"2026-08-28 00:00:00","#2142725",0,0,0,0,"2026-08-27 00:00:00",1,1399,1332.38,1,-100,-100,-100,-100
"2026-08-28 00:00:00","#2145451",1,4197,3997.14,6,"2026-08-27 00:00:00",0,0,0,0,,,,
"2026-08-28 00:00:00","#2142683",0,0,0,0,"2026-08-27 00:00:00",1,1999,1903.81,1,-100,-100,-100,-100
"2026-08-28 00:00:00","#2145461",1,1848,1760,3,"2026-08-27 00:00:00",0,0,0,0,,,,
"2026-08-28 00:00:00","#2145459",1,1948,1855.24,4,"2026-08-27 00:00:00",0,0,0,0,,,,
"2026-08-28 00:00:00","#2142695",0,0,0,0,"2026-08-27 00:00:00",1,2878.2,2741.14,4,-100,-100,-100,-100
"2026-08-28 00:00:00","#2145447",1,1898,1807.62,3,"2026-08-27 00:00:00",0,0,0,0,,,,
"2026-08-28 00:00:00","#2142672",0,0,0,0,"2026-08-27 00:00:00",1,1499,1427.62,1,-100,-100,-100,-100
"2026-08-28 00:00:00","#2142733",0,0,0,0,"2026-08-27 00:00:00",1,4298,4093.34,5,-100,-100,-100,-100
"2026-08-28 00:00:00","#2142703",0,0,0,0,"2026-08-27 00:00:00",1,1817,1618.1,1,-100,-100,-100,-100
"2026-08-28 00:00:00","#2145425",1,1499,1427.62,1,"2026-08-27 00:00:00",0,0,0,0,,,,
"2026-08-28 00:00:00","#2145415",1,1699,1618.1,2,"2026-08-27 00:00:00",0,0,0,0,,,,
"2026-08-28 00:00:00","#2145392",1,1637,1446.66,1,"2026-08-27 00:00:00",0,0,0,0,,,,
"2026-08-28 00:00:00","#2145384",1,1887.3,1797.43,4,"2026-08-27 00:00:00",0,0,0,0,,,,
"2026-08-28 00:00:00","#2145403",1,2413,2298.1,3,"2026-08-27 00:00:00",0,0,0,0,,,,
"2026-08-28 00:00:00","#2145433",1,1499,1427.62,1,"2026-08-27 00:00:00",0,0,0,0,,,,
"2026-08-28 00:00:00","#2145448",1,2318,2207.62,3,"2026-08-27 00:00:00",0,0,0,0,,,,
"2026-08-28 00:00:00","#2142684",0,0,0,0,"2026-08-27 00:00:00",1,1499,1427.62,2,-100,-100,-100,-100
"2026-08-28 00:00:00","#2145466",1,1157,989.52,1,"2026-08-27 00:00:00",0,0,0,0,,,,
"2026-08-28 00:00:00","#2145456",1,1499,1427.62,2,"2026-08-27 00:00:00",0,0,0,0,,,,
"2026-08-28 00:00:00","#2142663",0,0,0,0,"2026-08-27 00:00:00",1,1699,1618.1,2,-100,-100,-100,-100
"2026-08-28 00:00:00","#2142722",0,0,0,0,"2026-08-27 00:00:00",1,1499,1427.62,1,-100,-100,-100,-100
"2026-08-28 00:00:00","#2142712",0,0,0,0,"2026-08-27 00:00:00",1,2697,2568.57,5,-100,-100,-100,-100
"2026-08-28 00:00:00","#2142675",0,0,0,0,"2026-08-27 00:00:00",1,1917,1713.33,1,-100,-100,-100,-100
"2026-08-28 00:00:00","#2145385",1,1699,1618.1,2,"2026-08-27 00:00:00",0,0,0,0,,,,
"2026-08-28 00:00:00","#2145432",1,5377,5120.95,7,"2026-08-27 00:00:00",0,0,0,0,,,,
"2026-08-28 00:00:00","#2145402",1,1453,1383.81,1,"2026-08-27 00:00:00",0,0,0,0,,,,
"2026-08-28 00:00:00","#2145395",1,1499,1427.62,2,"2026-08-27 00:00:00",0,0,0,0,,,,
"2026-08-28 00:00:00","#2145412",1,1617,1427.62,2,"2026-08-27 00:00:00",0,0,0,0,,,,
"2026-08-28 00:00:00","#2145422",1,1810,1723.81,2,"2026-08-27 00:00:00",0,0,0,0,,,,
"2026-08-28 00:00:00","#2145434",1,118,0,3,"2026-08-27 00:00:00",0,0,0,0,,,,
"2026-08-28 00:00:00","#2145404",1,1517,1332.38,1,"2026-08-27 00:00:00",0,0,0,0,,,,
"2026-08-28 00:00:00","#2145383",1,4497,4282.86,9,"2026-08-27 00:00:00",0,0,0,0,,,,
"2026-08-28 00:00:00","#2145449",1,1999,1903.81,2,"2026-08-27 00:00:00",0,0,0,0,,,,
"2026-08-28 00:00:00","#2145457",1,991,943.81,1,"2026-08-27 00:00:00",0,0,0,0,,,,
"2026-08-28 00:00:00","#2142685",0,0,0,0,"2026-08-27 00:00:00",1,1895,1804.76,2,-100,-100,-100,-100
"2026-08-28 00:00:00","#2142662",0,0,0,0,"2026-08-27 00:00:00",1,1426,1358.1,1,-100,-100,-100,-100
"2026-08-28 00:00:00","#2142713",0,0,0,0,"2026-08-27 00:00:00",1,1817,1618.1,1,-100,-100,-100,-100
"2026-08-28 00:00:00","#2142723",0,0,0,0,"2026-08-27 00:00:00",1,1699,1618.1,2,-100,-100,-100,-100
"2026-08-28 00:00:00","#2142674",0,0,0,0,"2026-08-27 00:00:00",1,1699,1618.1,2,-100,-100,-100,-100
"2026-08-28 00:00:00","#2142705",0,0,0,0,"2026-08-27 00:00:00",1,1481,1410.48,1,-100,-100,-100,-100
"2026-08-28 00:00:00","#2142693",0,0,0,0,"2026-08-27 00:00:00",1,1634,1556.19,1,-100,-100,-100,-100
"2026-08-28 00:00:00","#2145441",1,1649,1570.48,1,"2026-08-27 00:00:00",0,0,0,0,,,,
"2026-08-28 00:00:00","#2145394",1,2069,1970.48,2,"2026-08-27 00:00:00",0,0,0,0,,,,
"2026-08-28 00:00:00","#2145423",1,2100,1887.62,3,"2026-08-27 00:00:00",0,0,0,0,,,,
"2026-08-28 00:00:00","#2145413",1,1499,1427.62,2,"2026-08-27 00:00:00",0,0,0,0,,,,
"2026-08-28 00:00:00","#2145405",1,1499,1427.62,2,"2026-08-27 00:00:00",0,0,0,0,,,,
"2026-08-28 00:00:00","#2145435",1,1667,1475.24,1,"2026-08-27 00:00:00",0,0,0,0,,,,
"2026-08-28 00:00:00","#2145382",1,1617,1427.62,1,"2026-08-27 00:00:00",0,0,0,0,,,,
"2026-08-28 00:00:00","#2142665",0,0,0,0,"2026-08-27 00:00:00",1,1842.3,1754.57,4,-100,-100,-100,-100
"2026-08-28 00:00:00","#2142724",0,0,0,0,"2026-08-27 00:00:00",1,1349.1,1284.86,1,-100,-100,-100,-100
"2026-08-28 00:00:00","#2142714",0,0,0,0,"2026-08-27 00:00:00",1,1817,1618.1,2,-100,-100,-100,-100
"2026-08-28 00:00:00","#2142682",0,0,0,0,"2026-08-27 00:00:00",1,1599,1522.86,1,-100,-100,-100,-100
"2026-08-28 00:00:00","#2145460",1,1499,1427.62,2,"2026-08-27 00:00:00",0,0,0,0,,,,
"2026-08-28 00:00:00","#2145450",1,1848,1760,4,"2026-08-27 00:00:00",0,0,0,0,,,,
"2026-08-28 00:00:00","#2145458",1,2069,1970.48,2,"2026-08-27 00:00:00",0,0,0,0,,,,
"2026-08-28 00:00:00","#2145446",1,2508,2276.2,3,"2026-08-27 00:00:00",0,0,0,0,,,,
"2026-08-28 00:00:00","#2142694",0,0,0,0,"2026-08-27 00:00:00",1,1499,1427.62,2,-100,-100,-100,-100
"2026-08-28 00:00:00","#2142673",0,0,0,0,"2026-08-27 00:00:00",1,1849,1760.95,4,-100,-100,-100,-100
"2026-08-28 00:00:00","#2142702",0,0,0,0,"2026-08-27 00:00:00",1,2208,2102.86,4,-100,-100,-100,-100
"2026-08-28 00:00:00","#2142732",0,0,0,0,"2026-08-27 00:00:00",1,1617,1427.62,2,-100,-100,-100,-100
"2026-08-28 00:00:00","#2145414",1,0,0,1,"2026-08-27 00:00:00",0,0,0,0,,,,
"2026-08-28 00:00:00","#2145424",1,1187,1018.1,1,"2026-08-27 00:00:00",0,0,0,0,,,,
"2026-08-28 00:00:00","#2145393",1,1499,1427.62,1,"2026-08-27 00:00:00",0,0,0,0,,,,
"2026-08-28 00:00:00","#2142704",0,0,0,0,"2026-08-27 00:00:00",1,1817,1618.1,2,-100,-100,-100,-100
"2026-08-28 00:00:00","#2145440",1,3118,2969.52,4,"2026-08-27 00:00:00",0,0,0,0,,,,
"2026-08-28 00:00:00","#2142677",0,0,0,0,"2026-08-27 00:00:00",1,1717,1522.86,1,-100,-100,-100,-100
"2026-08-28 01:00:00","#2145498",1,792,754.29,1,"2026-08-27 01:00:00",0,0,0,0,,,,
"2026-08-28 01:00:00","#2145493",1,1499,1427.62,1,"2026-08-27 01:00:00",0,0,0,0,,,,
"2026-08-28 01:00:00","#2145510",1,2998,2855.24,5,"2026-08-27 01:00:00",0,0,0,0,,,,
"2026-08-28 01:00:00","#2145477",1,2889,2751.43,6,"2026-08-27 01:00:00",0,0,0,0,,,,
"2026-08-28 01:00:00","#2145506",1,2999,2856.19,3,"2026-08-27 01:00:00",0,0,0,0,,,,
"2026-08-28 01:00:00","#2145469",1,1817,1618.1,2,"2026-08-27 01:00:00",0,0,0,0,,,,
"2026-08-28 01:00:00","#2145490",1,2335,2223.81,3,"2026-08-27 01:00:00",0,0,0,0,,,,
"2026-08-28 01:00:00","#2142761",0,0,0,0,"2026-08-27 01:00:00",1,1499,1427.62,2,-100,-100,-100,-100
"2026-08-28 01:00:00","#2142751",0,0,0,0,"2026-08-27 01:00:00",1,1617,1427.62,2,-100,-100,-100,-100
"2026-08-28 01:00:00","#2142769",0,0,0,0,"2026-08-27 01:00:00",1,2940,2800,3,-100,-100,-100,-100
"2026-08-28 01:00:00","#2142759",0,0,0,0,"2026-08-27 01:00:00",1,1599,1522.86,1,-100,-100,-100,-100
"2026-08-28 01:00:00","#2142747",0,0,0,0,"2026-08-27 01:00:00",1,2249,2141.9,2,-100,-100,-100,-100
"2026-08-28 01:00:00","#2145509",1,2549,2427.62,2,"2026-08-27 01:00:00",0,0,0,0,,,,
"2026-08-28 01:00:00","#2145478",1,1833,1745.71,3,"2026-08-27 01:00:00",0,0,0,0,,,,
"2026-08-28 01:00:00","#2145481",1,249,237.14,1,"2026-08-27 01:00:00",0,0,0,0,,,,
"2026-08-28 01:00:00","#2145489",1,2947,2806.67,6,"2026-08-27 01:00:00",0,0,0,0,,,,
"2026-08-28 01:00:00","#2142734",0,0,0,0,"2026-08-27 01:00:00",1,2998,2855.24,6,-100,-100,-100,-100
"2026-08-28 01:00:00","#2145497",1,4198,3998.1,6,"2026-08-27 01:00:00",0,0,0,0,,,,
"2026-08-28 01:00:00","#2145470",1,1499,1427.62,1,"2026-08-27 01:00:00",0,0,0,0,,,,
"2026-08-28 01:00:00","#2145501",1,1399,1332.38,1,"2026-08-27 01:00:00",0,0,0,0,,,,
"2026-08-28 01:00:00","#2142748",0,0,0,0,"2026-08-27 01:00:00",1,1967,1760.95,2,-100,-100,-100,-100
"2026-08-28 01:00:00","#2145486",1,2483,2364.76,3,"2026-08-27 01:00:00",0,0,0,0,,,,
"2026-08-28 01:00:00","#2142766",0,0,0,0,"2026-08-27 01:00:00",1,1599,1522.86,1,-100,-100,-100,-100
"2026-08-28 01:00:00","#2142770",0,0,0,0,"2026-08-27 01:00:00",1,4498,4283.81,5,-100,-100,-100,-100
"2026-08-28 01:00:00","#2142740",0,0,0,0,"2026-08-27 01:00:00",1,494.1,470.57,1,-100,-100,-100,-100
"2026-08-28 01:00:00","#2145508",1,1699,1618.1,2,"2026-08-27 01:00:00",0,0,0,0,,,,
"2026-08-28 01:00:00","#2145467",1,1887.3,1797.43,4,"2026-08-27 01:00:00",0,0,0,0,,,,
"2026-08-28 01:00:00","#2145479",1,1569,1494.28,1,"2026-08-27 01:00:00",0,0,0,0,,,,
"2026-08-28 01:00:00","#2145480",1,1880,1790.48,2,"2026-08-27 01:00:00",0,0,0,0,,,,
"2026-08-28 01:00:00","#2142735",0,0,0,0,"2026-08-27 01:00:00",1,3898,3712.38,6,-100,-100,-100,-100
"2026-08-28 01:00:00","#2145488",1,1499,1427.62,2,"2026-08-27 01:00:00",0,0,0,0,,,,
"2026-08-28 01:00:00","#2145496",1,1948,1855.24,4,"2026-08-27 01:00:00",0,0,0,0,,,,
"2026-08-28 01:00:00","#2145471",1,1817,1618.1,2,"2026-08-27 01:00:00",0,0,0,0,,,,
"2026-08-28 01:00:00","#2145500",1,1499,1427.62,2,"2026-08-27 01:00:00",0,0,0,0,,,,
"2026-08-28 01:00:00","#2142749",0,0,0,0,"2026-08-27 01:00:00",1,1395,1328.57,1,-100,-100,-100,-100
"2026-08-28 01:00:00","#2142767",0,0,0,0,"2026-08-27 01:00:00",1,1699,1618.1,2,-100,-100,-100,-100
"2026-08-28 01:00:00","#2142757",0,0,0,0,"2026-08-27 01:00:00",1,4497,4282.86,9,-100,-100,-100,-100
"2026-08-28 01:00:00","#2142741",0,0,0,0,"2026-08-27 01:00:00",1,1499,1427.62,2,-100,-100,-100,-100
"2026-08-28 01:00:00","#2142771",0,0,0,0,"2026-08-27 01:00:00",1,2117,1903.81,2,-100,-100,-100,-100
"2026-08-28 01:00:00","#2145499",1,1499,1427.62,2,"2026-08-27 01:00:00",0,0,0,0,,,,
"2026-08-28 01:00:00","#2145487",1,1617,1422,2,"2026-08-27 01:00:00",0,0,0,0,,,,
"2026-08-28 01:00:00","#2145511",1,1499,1427.62,2,"2026-08-27 01:00:00",0,0,0,0,,,,
"2026-08-28 01:00:00","#2145476",1,1809,1722.86,2,"2026-08-27 01:00:00",0,0,0,0,,,,
"2026-08-28 01:00:00","#2145468",1,2069,1970.48,2,"2026-08-27 01:00:00",0,0,0,0,,,,
"2026-08-28 01:00:00","#2145507",1,1499,1427.62,1,"2026-08-27 01:00:00",0,0,0,0,,,,
"2026-08-28 01:00:00","#2145491",1,1499,1427.62,2,"2026-08-27 01:00:00",0,0,0,0,,,,
"2026-08-28 01:00:00","#2142750",0,0,0,0,"2026-08-27 01:00:00",1,1699,1618.1,2,-100,-100,-100,-100
"2026-08-28 01:00:00","#2142760",0,0,0,0,"2026-08-27 01:00:00",1,1499,1427.62,2,-100,-100,-100,-100
"2026-08-28 01:00:00","#2142758",0,0,0,0,"2026-08-27 01:00:00",1,3258,3102.86,5,-100,-100,-100,-100
"2026-08-28 01:00:00","#2142768",0,0,0,0,"2026-08-27 01:00:00",1,1359.15,1294.43,1,-100,-100,-100,-100
"2026-08-28 01:00:00","#2142746",0,0,0,0,"2026-08-27 01:00:00",1,1698,1617.14,3,-100,-100,-100,-100
"2026-08-28 01:00:00","#2145482",1,5847,5568.58,7,"2026-08-27 01:00:00",0,0,0,0,,,,
"2026-08-28 01:00:00","#2145494",1,2563,2440.95,3,"2026-08-27 01:00:00",0,0,0,0,,,,
"2026-08-28 01:00:00","#2142737",0,0,0,0,"2026-08-27 01:00:00",1,2538,2417.14,4,-100,-100,-100,-100
"2026-08-28 01:00:00","#2145502",1,1637,1446.67,1,"2026-08-27 01:00:00",0,0,0,0,,,,
"2026-08-28 01:00:00","#2145473",1,1499,1427.62,1,"2026-08-27 01:00:00",0,0,0,0,,,,
"2026-08-28 01:00:00","#2142755",0,0,0,0,"2026-08-27 01:00:00",1,134,127.62,1,-100,-100,-100,-100
"2026-08-28 01:00:00","#2142765",0,0,0,0,"2026-08-27 01:00:00",1,1473,1402.86,1,-100,-100,-100,-100
"2026-08-28 01:00:00","#2142743",0,0,0,0,"2026-08-27 01:00:00",1,1617,1427.62,2,-100,-100,-100,-100
"2026-08-28 01:00:00","#2142738",0,0,0,0,"2026-08-27 01:00:00",1,1548,1474.29,2,-100,-100,-100,-100
"2026-08-28 01:00:00","#2145485",1,269,256.19,1,"2026-08-27 01:00:00",0,0,0,0,,,,
"2026-08-28 01:00:00","#2145505",1,1584,1508.57,1,"2026-08-27 01:00:00",0,0,0,0,,,,
"2026-08-28 01:00:00","#2145474",1,1617,1427.62,2,"2026-08-27 01:00:00",0,0,0,0,,,,
"2026-08-28 01:00:00","#2142742",0,0,0,0,"2026-08-27 01:00:00",1,1499,1427.62,2,-100,-100,-100,-100
"2026-08-28 01:00:00","#2142762",0,0,0,0,"2026-08-27 01:00:00",1,1699,1618.1,2,-100,-100,-100,-100
"2026-08-28 01:00:00","#2142752",0,0,0,0,"2026-08-27 01:00:00",1,1499,1427.62,2,-100,-100,-100,-100
"2026-08-28 01:00:00","#2142744",0,0,0,0,"2026-08-27 01:00:00",1,3997,3806.67,7,-100,-100,-100,-100
"2026-08-28 01:00:00","#2145484",1,1599,1522.86,1,"2026-08-27 01:00:00",0,0,0,0,,,,
"2026-08-28 01:00:00","#2142739",0,0,0,0,"2026-08-27 01:00:00",1,1617,1427.62,2,-100,-100,-100,-100
"2026-08-28 01:00:00","#2145504",1,1749,1665.71,1,"2026-08-27 01:00:00",0,0,0,0,,,,
"2026-08-28 01:00:00","#2145475",1,1617,1422,1,"2026-08-27 01:00:00",0,0,0,0,,,,
"2026-08-28 01:00:00","#2145492",1,1848,1760,4,"2026-08-27 01:00:00",0,0,0,0,,,,
"2026-08-28 01:00:00","#2142753",0,0,0,0,"2026-08-27 01:00:00",1,3098,2950.48,5,-100,-100,-100,-100
"2026-08-28 01:00:00","#2142763",0,0,0,0,"2026-08-27 01:00:00",1,1599,1522.86,1,-100,-100,-100,-100
"2026-08-28 01:00:00","#2142745",0,0,0,0,"2026-08-27 01:00:00",1,1499,1427.62,2,-100,-100,-100,-100
"2026-08-28 01:00:00","#2145483",1,1291.15,1229.67,1,"2026-08-27 01:00:00",0,0,0,0,,,,
"2026-08-28 01:00:00","#2145495",1,1599,1522.86,1,"2026-08-27 01:00:00",0,0,0,0,,,,
"2026-08-28 01:00:00","#2142736",0,0,0,0,"2026-08-27 01:00:00",1,1057,1006.66,1,-100,-100,-100,-100
"2026-08-28 01:00:00","#2145503",1,1699,1618.1,2,"2026-08-27 01:00:00",0,0,0,0,,,,
"2026-08-28 01:00:00","#2145472",1,1699,1618.1,2,"2026-08-27 01:00:00",0,0,0,0,,,,
"2026-08-28 01:00:00","#2142764",0,0,0,0,"2026-08-27 01:00:00",1,1499,1427.62,1,-100,-100,-100,-100
"2026-08-28 01:00:00","#2142754",0,0,0,0,"2026-08-27 01:00:00",1,1948,1855.24,4,-100,-100,-100,-100
"2026-08-28 01:00:00","#2142756",0,0,0,0,"2026-08-27 01:00:00",1,1499,1427.62,2,-100,-100,-100,-100
"2026-08-28 02:00:00","#2145524",1,1817,1618.1,2,"2026-08-27 02:00:00",0,0,0,0,,,,
"2026-08-28 02:00:00","#2145530",1,1499,1427.62,2,"2026-08-27 02:00:00",0,0,0,0,,,,
"2026-08-28 02:00:00","#2142773",0,0,0,0,"2026-08-27 02:00:00",1,1584,1508.57,1,-100,-100,-100,-100
"2026-08-28 02:00:00","#2145513",1,4797,4568.57,8,"2026-08-27 02:00:00",0,0,0,0,,,,
"2026-08-28 02:00:00","#2145523",1,3098,2950.48,4,"2026-08-27 02:00:00",0,0,0,0,,,,
"2026-08-28 02:00:00","#2142774",0,0,0,0,"2026-08-27 02:00:00",1,2187,1970.48,2,-100,-100,-100,-100
"2026-08-28 02:00:00","#2145522",1,2016,1807.62,4,"2026-08-27 02:00:00",0,0,0,0,,,,
"2026-08-28 02:00:00","#2145514",1,1499,1427.62,2,"2026-08-27 02:00:00",0,0,0,0,,,,
"2026-08-28 02:00:00","#2142775",0,0,0,0,"2026-08-27 02:00:00",1,1519,1446.66,1,-100,-100,-100,-100
"2026-08-28 02:00:00","#2145515",1,1699,1618.1,2,"2026-08-27 02:00:00",0,0,0,0,,,,
"2026-08-28 02:00:00","#2145525",1,3448,3283.81,4,"2026-08-27 02:00:00",0,0,0,0,,,,
"2026-08-28 02:00:00","#2142772",0,0,0,0,"2026-08-27 02:00:00",1,2566,2331.43,3,-100,-100,-100,-100
"2026-08-28 02:00:00","#2145520",1,2467,2237.14,2,"2026-08-27 02:00:00",0,0,0,0,,,,
"2026-08-28 02:00:00","#2145518",1,1499,1427.62,2,"2026-08-27 02:00:00",0,0,0,0,,,,
"2026-08-28 02:00:00","#2145528",1,1617,1427.62,1,"2026-08-27 02:00:00",0,0,0,0,,,,
"2026-08-28 02:00:00","#2142777",0,0,0,0,"2026-08-27 02:00:00",1,1149,1094.29,1,-100,-100,-100,-100
"2026-08-28 02:00:00","#2145527",1,2069,1970.48,2,"2026-08-27 02:00:00",0,0,0,0,,,,
"2026-08-28 02:00:00","#2145517",1,1499,1427.62,2,"2026-08-27 02:00:00",0,0,0,0,,,,
"2026-08-28 02:00:00","#2145531",1,1484,1413.34,1,"2026-08-27 02:00:00",0,0,0,0,,,,
"2026-08-28 02:00:00","#2142778",0,0,0,0,"2026-08-27 02:00:00",1,1617,1427.62,1,-100,-100,-100,-100
"2026-08-28 02:00:00","#2145516",1,5087,4844.76,7,"2026-08-27 02:00:00",0,0,0,0,,,,
"2026-08-28 02:00:00","#2145526",1,991,943.81,1,"2026-08-27 02:00:00",0,0,0,0,,,,
"2026-08-28 02:00:00","#2142776",0,0,0,0,"2026-08-27 02:00:00",1,1699,1618.1,1,-100,-100,-100,-100
"2026-08-28 02:00:00","#2142779",0,0,0,0,"2026-08-27 02:00:00",1,1584,1508.57,1,-100,-100,-100,-100
"2026-08-28 02:00:00","#2145521",1,1499,1427.62,2,"2026-08-27 02:00:00",0,0,0,0,,,,
"2026-08-28 02:00:00","#2145529",1,1848,1760,3,"2026-08-27 02:00:00",0,0,0,0,,,,
"2026-08-28 02:00:00","#2145519",1,1599,1522.86,1,"2026-08-27 02:00:00",0,0,0,0,,,,
"2026-08-28 02:00:00","#2145512",1,1617,1427.62,1,"2026-08-27 02:00:00",0,0,0,0,,,,
"2026-08-28 03:00:00","#2145536",1,1622,1544.76,2,"2026-08-27 03:00:00",0,0,0,0,,,,
"2026-08-28 03:00:00","#2142786",0,0,0,0,"2026-08-27 03:00:00",1,1617,1427.62,2,-100,-100,-100,-100
"2026-08-28 03:00:00","#2145542",1,1898,1807.62,4,"2026-08-27 03:00:00",0,0,0,0,,,,
"2026-08-28 03:00:00","#2142790",0,0,0,0,"2026-08-27 03:00:00",1,1517,1332.38,1,-100,-100,-100,-100
"2026-08-28 03:00:00","#2145539",1,1499,1427.62,2,"2026-08-27 03:00:00",0,0,0,0,,,,
"2026-08-28 03:00:00","#2142781",0,0,0,0,"2026-08-27 03:00:00",1,1499,1427.62,1,-100,-100,-100,-100
"2026-08-28 03:00:00","#2142789",0,0,0,0,"2026-08-27 03:00:00",1,1499,1427.62,2,-100,-100,-100,-100
"2026-08-28 03:00:00","#2145538",1,1499,1427.62,2,"2026-08-27 03:00:00",0,0,0,0,,,,
"2026-08-28 03:00:00","#2142780",0,0,0,0,"2026-08-27 03:00:00",1,5567.4,5302.29,7,-100,-100,-100,-100
"2026-08-28 03:00:00","#2145537",1,599,570.48,1,"2026-08-27 03:00:00",0,0,0,0,,,,
"2026-08-28 03:00:00","#2142787",0,0,0,0,"2026-08-27 03:00:00",1,1549,1475.24,1,-100,-100,-100,-100
"2026-08-28 03:00:00","#2142791",0,0,0,0,"2026-08-27 03:00:00",1,1767,1570.48,1,-100,-100,-100,-100
"2026-08-28 03:00:00","#2145532",1,3147,2997.14,5,"2026-08-27 03:00:00",0,0,0,0,,,,
"2026-08-28 03:00:00","#2142782",0,0,0,0,"2026-08-27 03:00:00",1,1484,1413.33,1,-100,-100,-100,-100
"2026-08-28 03:00:00","#2142794",0,0,0,0,"2026-08-27 03:00:00",1,2187,1970.48,2,-100,-100,-100,-100
"2026-08-28 03:00:00","#2145535",1,1499,1427.62,2,"2026-08-27 03:00:00",0,0,0,0,,,,
"2026-08-28 03:00:00","#2142785",0,0,0,0,"2026-08-27 03:00:00",1,2166,1950.48,4,-100,-100,-100,-100
"2026-08-28 03:00:00","#2145541",1,2399,2284.76,2,"2026-08-27 03:00:00",0,0,0,0,,,,
"2026-08-28 03:00:00","#2142793",0,0,0,0,"2026-08-27 03:00:00",1,1699,1618.1,1,-100,-100,-100,-100
"2026-08-28 03:00:00","#2145534",1,1599,1522.86,1,"2026-08-27 03:00:00",0,0,0,0,,,,
"2026-08-28 03:00:00","#2142784",0,0,0,0,"2026-08-27 03:00:00",1,1699,1618.1,2,-100,-100,-100,-100
"2026-08-28 03:00:00","#2142792",0,0,0,0,"2026-08-27 03:00:00",1,2000,1904.76,2,-100,-100,-100,-100
"2026-08-28 03:00:00","#2145540",1,1848,1760,3,"2026-08-27 03:00:00",0,0,0,0,,,,
"2026-08-28 03:00:00","#2145533",1,1817,1618.1,2,"2026-08-27 03:00:00",0,0,0,0,,,,
"2026-08-28 04:00:00","#2142801",0,0,0,0,"2026-08-27 04:00:00",1,1367,1189.52,1,-100,-100,-100,-100
"2026-08-28 04:00:00","#2142796",0,0,0,0,"2026-08-27 04:00:00",1,1499,1427.62,2,-100,-100,-100,-100
"2026-08-28 04:00:00","#2145544",1,2334,2222.86,2,"2026-08-27 04:00:00",0,0,0,0,,,,
"2026-08-28 04:00:00","#2142799",0,0,0,0,"2026-08-27 04:00:00",1,2069,1970.48,2,-100,-100,-100,-100
"2026-08-28 04:00:00","#2145543",1,3045,2580.5,3,"2026-08-27 04:00:00",0,0,0,0,,,,
"2026-08-28 04:00:00","#2142798",0,0,0,0,"2026-08-27 04:00:00",1,1617,1427.62,2,-100,-100,-100,-100
"2026-08-28 04:00:00","#2142800",0,0,0,0,"2026-08-27 04:00:00",1,1699,1618.1,2,-100,-100,-100,-100
"2026-08-28 04:00:00","#2145545",1,2656,2417.14,4,"2026-08-27 04:00:00",0,0,0,0,,,,
"2026-08-28 04:00:00","#2142797",0,0,0,0,"2026-08-27 04:00:00",1,3330,3171.43,4,-100,-100,-100,-100
"2026-08-28 04:00:00","#2145548",1,1684,1603.81,1,"2026-08-27 04:00:00",0,0,0,0,,,,
"2026-08-28 04:00:00","#2142802",0,0,0,0,"2026-08-27 04:00:00",1,3848,3664.76,6,-100,-100,-100,-100
"2026-08-28 04:00:00","#2142795",0,0,0,0,"2026-08-27 04:00:00",1,1817,1612.48,2,-100,-100,-100,-100
"2026-08-28 04:00:00","#2145547",1,249,237.14,1,"2026-08-27 04:00:00",0,0,0,0,,,,
"2026-08-28 04:00:00","#2142803",0,0,0,0,"2026-08-27 04:00:00",1,2998,2855.24,6,-100,-100,-100,-100
"2026-08-28 04:00:00","#2145546",1,2316,2093.33,3,"2026-08-27 04:00:00",0,0,0,0,,,,
"2026-08-28 04:00:00","#2142804",0,0,0,0,"2026-08-27 04:00:00",1,2999,2856.2,3,-100,-100,-100,-100
"2026-08-28 05:00:00","#2145556",1,1499,1427.62,2,"2026-08-27 05:00:00",0,0,0,0,,,,
"2026-08-28 05:00:00","#2142805",0,0,0,0,"2026-08-27 05:00:00",1,1699,1618.1,1,-100,-100,-100,-100
"2026-08-28 05:00:00","#2142813",0,0,0,0,"2026-08-27 05:00:00",1,1499,1427.62,2,-100,-100,-100,-100
"2026-08-28 05:00:00","#2145551",1,1499,1427.62,2,"2026-08-27 05:00:00",0,0,0,0,,,,
"2026-08-28 05:00:00","#2145550",1,2298,2188.57,3,"2026-08-27 05:00:00",0,0,0,0,,,,
"2026-08-28 05:00:00","#2145549",1,1647,1456.19,1,"2026-08-27 05:00:00",0,0,0,0,,,,
"2026-08-28 05:00:00","#2142812",0,0,0,0,"2026-08-27 05:00:00",1,1499,1427.62,1,-100,-100,-100,-100
"2026-08-28 05:00:00","#2145552",1,2498,2379.05,4,"2026-08-27 05:00:00",0,0,0,0,,,,
"2026-08-28 05:00:00","#2142809",0,0,0,0,"2026-08-27 05:00:00",1,3116,2855.24,5,-100,-100,-100,-100
"2026-08-28 05:00:00","#2145555",1,4098,3902.86,6,"2026-08-27 05:00:00",0,0,0,0,,,,
"2026-08-28 05:00:00","#2142806",0,0,0,0,"2026-08-27 05:00:00",1,1699,1618.1,2,-100,-100,-100,-100
"2026-08-28 05:00:00","#2142810",0,0,0,0,"2026-08-27 05:00:00",1,2069,1970.48,2,-100,-100,-100,-100
"2026-08-28 05:00:00","#2145554",1,2069,1970.48,2,"2026-08-27 05:00:00",0,0,0,0,,,,
"2026-08-28 05:00:00","#2142807",0,0,0,0,"2026-08-27 05:00:00",1,1499,1427.62,2,-100,-100,-100,-100
"2026-08-28 05:00:00","#2142811",0,0,0,0,"2026-08-27 05:00:00",1,1948,1855.24,4,-100,-100,-100,-100
"2026-08-28 05:00:00","#2145553",1,2434,2318.1,2,"2026-08-27 05:00:00",0,0,0,0,,,,
"2026-08-28 05:00:00","#2142808",0,0,0,0,"2026-08-27 05:00:00",1,3095,2835.24,5,-100,-100,-100,-100
"2026-08-28 06:00:00","#2145562",1,1599,1522.86,1,"2026-08-27 06:00:00",0,0,0,0,,,,
"2026-08-28 06:00:00","#2142825",0,0,0,0,"2026-08-27 06:00:00",1,1699,1618.1,1,-100,-100,-100,-100
"2026-08-28 06:00:00","#2142827",0,0,0,0,"2026-08-27 06:00:00",1,4598,4379.05,5,-100,-100,-100,-100
"2026-08-28 06:00:00","#2145574",1,907,751.42,1,"2026-08-27 06:00:00",0,0,0,0,,,,
"2026-08-28 06:00:00","#2142828",0,0,0,0,"2026-08-27 06:00:00",1,1699,1618.1,2,-100,-100,-100,-100
"2026-08-28 06:00:00","#2142818",0,0,0,0,"2026-08-27 06:00:00",1,1399,1332.38,1,-100,-100,-100,-100
"2026-08-28 06:00:00","#2145565",1,2187,1970.48,2,"2026-08-27 06:00:00",0,0,0,0,,,,
"2026-08-28 06:00:00","#2145573",1,1699,1618.1,2,"2026-08-27 06:00:00",0,0,0,0,,,,
"2026-08-28 06:00:00","#2142820",0,0,0,0,"2026-08-27 06:00:00",1,1998,1902.86,4,-100,-100,-100,-100
"2026-08-28 06:00:00","#2142829",0,0,0,0,"2026-08-27 06:00:00",1,1699,1618.1,2,-100,-100,-100,-100
"2026-08-28 06:00:00","#2145564",1,1982,1887.62,4,"2026-08-27 06:00:00",0,0,0,0,,,,
"2026-08-28 06:00:00","#2142831",0,0,0,0,"2026-08-27 06:00:00",1,1220,1161.9,1,-100,-100,-100,-100
"2026-08-28 06:00:00","#2142821",0,0,0,0,"2026-08-27 06:00:00",1,2069,1970.48,2,-100,-100,-100,-100
"2026-08-28 06:00:00","#2145563",1,1499,1427.62,2,"2026-08-27 06:00:00",0,0,0,0,,,,
"2026-08-28 06:00:00","#2142830",0,0,0,0,"2026-08-27 06:00:00",1,1617,1427.62,1,-100,-100,-100,-100
"2026-08-28 06:00:00","#2142826",0,0,0,0,"2026-08-27 06:00:00",1,2248,2140.96,4,-100,-100,-100,-100
"2026-08-28 06:00:00","#2142816",0,0,0,0,"2026-08-27 06:00:00",1,1849,1760.96,2,-100,-100,-100,-100
"2026-08-28 06:00:00","#2145575",1,2549,2427.62,2,"2026-08-27 06:00:00",0,0,0,0,,,,
"2026-08-28 06:00:00","#2145578",1,1589,1513.33,1,"2026-08-27 06:00:00",0,0,0,0,,,,
"2026-08-28 06:00:00","#2145566",1,2998,2855.24,6,"2026-08-27 06:00:00",0,0,0,0,,,,
"2026-08-28 06:00:00","#2145570",1,1499,1427.62,2,"2026-08-27 06:00:00",0,0,0,0,,,,
"2026-08-28 06:00:00","#2142823",0,0,0,0,"2026-08-27 06:00:00",1,1617,1427.62,2,-100,-100,-100,-100
"2026-08-28 06:00:00","#2145561",1,1864,1775.24,4,"2026-08-27 06:00:00",0,0,0,0,,,,
"2026-08-28 06:00:00","#2142832",0,0,0,0,"2026-08-27 06:00:00",1,1699,1618.1,2,-100,-100,-100,-100
"2026-08-28 06:00:00","#2142814",0,0,0,0,"2026-08-27 06:00:00",1,991,943.8,1,-100,-100,-100,-100
"2026-08-28 06:00:00","#2142824",0,0,0,0,"2026-08-27 06:00:00",1,1848,1760,4,-100,-100,-100,-100
"2026-08-28 06:00:00","#2145559",1,1519,1446.67,1,"2026-08-27 06:00:00",0,0,0,0,,,,
"2026-08-28 06:00:00","#2145569",1,2098,1998.1,4,"2026-08-27 06:00:00",0,0,0,0,,,,
"2026-08-28 06:00:00","#2145577",1,1499,1427.62,1,"2026-08-27 06:00:00",0,0,0,0,,,,
"2026-08-28 06:00:00","#2145560",1,4138,3940.95,5,"2026-08-27 06:00:00",0,0,0,0,,,,
"2026-08-28 06:00:00","#2142833",0,0,0,0,"2026-08-27 06:00:00",1,989.1,942,1,-100,-100,-100,-100
"2026-08-28 06:00:00","#2142822",0,0,0,0,"2026-08-27 06:00:00",1,1699,1618.1,2,-100,-100,-100,-100
"2026-08-28 06:00:00","#2142815",0,0,0,0,"2026-08-27 06:00:00",1,1699,1618.1,2,-100,-100,-100,-100
"2026-08-28 06:00:00","#2145568",1,4001.4,3810.86,7,"2026-08-27 06:00:00",0,0,0,0,,,,
"2026-08-28 06:00:00","#2145558",1,1948,1855.24,4,"2026-08-27 06:00:00",0,0,0,0,,,,
"2026-08-28 06:00:00","#2145576",1,2349,2237.14,2,"2026-08-27 06:00:00",0,0,0,0,,,,
"2026-08-28 06:00:00","#2142834",0,0,0,0,"2026-08-27 06:00:00",1,1617,1427.62,1,-100,-100,-100,-100
"2026-08-28 06:00:00","#2145557",1,2069,1970.48,2,"2026-08-27 06:00:00",0,0,0,0,,,,
"2026-08-28 06:00:00","#2145567",1,1109,943.81,1,"2026-08-27 06:00:00",0,0,0,0,,,,
"2026-08-28 06:00:00","#2145571",1,3368,3207.62,4,"2026-08-27 06:00:00",0,0,0,0,,,,
"2026-08-28 06:00:00","#2145572",1,1602,1413.34,1,"2026-08-27 06:00:00",0,0,0,0,,,,
"2026-08-28 07:00:00","#2142835",0,0,0,0,"2026-08-27 07:00:00",1,3726,3548.57,6,-100,-100,-100,-100
"2026-08-28 07:00:00","#2142864",0,0,0,0,"2026-08-27 07:00:00",1,2069,1970.48,2,,,,
"2026-08-28 07:00:00","#2142841",0,0,0,0,"2026-08-27 07:00:00",1,1817,1618.1,2,,,,
"2026-08-28 07:00:00","#2142879",0,0,0,0,"2026-08-27 07:00:00",1,1499,1427.62,2,,,,
"2026-08-28 07:00:00","#2142849",0,0,0,0,"2026-08-27 07:00:00",1,1699,1618.1,2,,,,
"2026-08-28 07:00:00","#2142857",0,0,0,0,"2026-08-27 07:00:00",1,2248,2140.95,3,,,,
"2026-08-28 07:00:00","#2142867",0,0,0,0,"2026-08-27 07:00:00",1,1998,1902.86,4,,,,
"2026-08-28 07:00:00","#2142868",0,0,0,0,"2026-08-27 07:00:00",1,1427,1359.05,1,,,,
"2026-08-28 07:00:00","#2142858",0,0,0,0,"2026-08-27 07:00:00",1,1617,1427.62,1,,,,
"2026-08-28 07:00:00","#2142846",0,0,0,0,"2026-08-27 07:00:00",1,1699,1618.1,2,,,,
"2026-08-28 07:00:00","#2142876",0,0,0,0,"2026-08-27 07:00:00",1,1499,1427.62,2,,,,
"2026-08-28 07:00:00","#2142860",0,0,0,0,"2026-08-27 07:00:00",1,1717,1522.86,1,,,,
"2026-08-28 07:00:00","#2145581",1,1699,1618.1,1,"2026-08-27 07:00:00",0,0,0,0,,,,
"2026-08-28 07:00:00","#2142859",0,0,0,0,"2026-08-27 07:00:00",1,2552,2318.1,2,,,,
"2026-08-28 07:00:00","#2142869",0,0,0,0,"2026-08-27 07:00:00",1,2083,1983.81,3,,,,
"2026-08-28 07:00:00","#2142847",0,0,0,0,"2026-08-27 07:00:00",1,1399,1332.38,1,,,,
"2026-08-28 07:00:00","#2142851",0,0,0,0,"2026-08-27 07:00:00",1,1617,1427.62,2,,,,
"2026-08-28 07:00:00","#2142861",0,0,0,0,"2026-08-27 07:00:00",1,1399,1332.38,1,,,,
"2026-08-28 07:00:00","#2145580",1,919.2,875.43,1,"2026-08-27 07:00:00",0,0,0,0,,,,
"2026-08-28 07:00:00","#2145579",1,1499,1427.62,1,"2026-08-27 07:00:00",0,0,0,0,,,,
"2026-08-28 07:00:00","#2142840",0,0,0,0,"2026-08-27 07:00:00",1,2208,2102.86,4,,,,
"2026-08-28 07:00:00","#2142870",0,0,0,0,"2026-08-27 07:00:00",1,5097,4854.29,9,,,,
"2026-08-28 07:00:00","#2142848",0,0,0,0,"2026-08-27 07:00:00",1,1898,1807.62,4,,,,
"2026-08-28 07:00:00","#2142878",0,0,0,0,"2026-08-27 07:00:00",1,2187,1970.48,2,,,,
"2026-08-28 07:00:00","#2142866",0,0,0,0,"2026-08-27 07:00:00",1,2187,1970.48,2,,,,
"2026-08-28 07:00:00","#2142856",0,0,0,0,"2026-08-27 07:00:00",1,1599,1522.86,1,,,,
"2026-08-28 07:00:00","#2142839",0,0,0,0,"2026-08-27 07:00:00",1,1499,1427.62,2,-100,-100,-100,-100
"2026-08-28 07:00:00","#2142845",0,0,0,0,"2026-08-27 07:00:00",1,1549,1475.24,1,,,,
"2026-08-28 07:00:00","#2142875",0,0,0,0,"2026-08-27 07:00:00",1,1351,1286.67,1,,,,
"2026-08-28 07:00:00","#2142863",0,0,0,0,"2026-08-27 07:00:00",1,2069,1970.48,2,,,,
"2026-08-28 07:00:00","#2142853",0,0,0,0,"2026-08-27 07:00:00",1,1499,1427.62,2,,,,
"2026-08-28 07:00:00","#2145582",1,1134,1080,1,"2026-08-27 07:00:00",0,0,0,0,,,,
"2026-08-28 07:00:00","#2142836",0,0,0,0,"2026-08-27 07:00:00",1,1349.1,1284.86,1,-100,-100,-100,-100
"2026-08-28 07:00:00","#2142872",0,0,0,0,"2026-08-27 07:00:00",1,1817,1618.1,2,,,,
"2026-08-28 07:00:00","#2142842",0,0,0,0,"2026-08-27 07:00:00",1,891.9,849.43,1,,,,
"2026-08-28 07:00:00","#2142854",0,0,0,0,"2026-08-27 07:00:00",1,1499,1427.62,2,,,,
"2026-08-28 07:00:00","#2142862",0,0,0,0,"2026-08-27 07:00:00",1,1499,1427.62,2,,,,
"2026-08-28 07:00:00","#2142837",0,0,0,0,"2026-08-27 07:00:00",1,4416,4205.72,7,-100,-100,-100,-100
"2026-08-28 07:00:00","#2142843",0,0,0,0,"2026-08-27 07:00:00",1,1499,1427.62,2,,,,
"2026-08-28 07:00:00","#2142873",0,0,0,0,"2026-08-27 07:00:00",1,1599,1522.86,1,,,,
"2026-08-28 07:00:00","#2142865",0,0,0,0,"2026-08-27 07:00:00",1,1809,1722.86,2,,,,
"2026-08-28 07:00:00","#2142855",0,0,0,0,"2026-08-27 07:00:00",1,2066,1855.24,4,,,,
"2026-08-28 07:00:00","#2142838",0,0,0,0,"2026-08-27 07:00:00",1,2998,2855.24,4,-100,-100,-100,-100
"2026-08-28 07:00:00","#2142874",0,0,0,0,"2026-08-27 07:00:00",1,2187,1970.48,2,,,,
"2026-08-28 07:00:00","#2142844",0,0,0,0,"2026-08-27 07:00:00",1,2797,2663.81,5,,,,
"2026-08-28 07:00:00","#2142852",0,0,0,0,"2026-08-27 07:00:00",1,1699,1618.1,2,,,,
"2026-08-28 07:00:00","#2142850",0,0,0,0,"2026-08-27 07:00:00",1,1499,1427.62,2,,,,
"2026-08-28 08:00:00","#2142955",0,0,0,0,"2026-08-27 08:00:00",1,1717,1522.86,1,,,,
"2026-08-28 08:00:00","#2142934",0,0,0,0,"2026-08-27 08:00:00",1,5255,5004.76,9,,,,
"2026-08-28 08:00:00","#2142943",0,0,0,0,"2026-08-27 08:00:00",1,1499,1427.62,1,,,,
"2026-08-28 08:00:00","#2142887",0,0,0,0,"2026-08-27 08:00:00",1,2048,1950.48,3,,,,
"2026-08-28 08:00:00","#2142899",0,0,0,0,"2026-08-27 08:00:00",1,1817,1618.1,2,,,,
"2026-08-28 08:00:00","#2142921",0,0,0,0,"2026-08-27 08:00:00",1,1817,1618.1,2,,,,
"2026-08-28 08:00:00","#2142911",0,0,0,0,"2026-08-27 08:00:00",1,1499,1427.62,1,,,,
"2026-08-28 08:00:00","#2142907",0,0,0,0,"2026-08-27 08:00:00",1,1369,1303.81,1,,,,
"2026-08-28 08:00:00","#2142937",0,0,0,0,"2026-08-27 08:00:00",1,1399,1332.38,2,,,,
"2026-08-28 08:00:00","#2142929",0,0,0,0,"2026-08-27 08:00:00",1,2490,2371.43,4,,,,
"2026-08-28 08:00:00","#2142919",0,0,0,0,"2026-08-27 08:00:00",1,1699,1618.1,1,,,,
"2026-08-28 08:00:00","#2142891",0,0,0,0,"2026-08-27 08:00:00",1,1717,1522.86,1,,,,
"2026-08-28 08:00:00","#2142962",0,0,0,0,"2026-08-27 08:00:00",1,1499,1427.62,2,,,,
"2026-08-28 08:00:00","#2142952",0,0,0,0,"2026-08-27 08:00:00",1,2697,2568.57,5,,,,
"2026-08-28 08:00:00","#2142944",0,0,0,0,"2026-08-27 08:00:00",1,2998,2855.24,5,,,,
"2026-08-28 08:00:00","#2142916",0,0,0,0,"2026-08-27 08:00:00",1,2998,2855.24,5,,,,
"2026-08-28 08:00:00","#2142926",0,0,0,0,"2026-08-27 08:00:00",1,1897,1806.66,5,,,,
"2026-08-28 08:00:00","#2142938",0,0,0,0,"2026-08-27 08:00:00",1,1499,1427.62,2,,,,
"2026-08-28 08:00:00","#2142908",0,0,0,0,"2026-08-27 08:00:00",1,1699,1618.1,2,,,,
"2026-08-28 08:00:00","#2142880",0,0,0,0,"2026-08-27 08:00:00",1,1499,1427.62,2,,,,
"2026-08-28 08:00:00","#2142888",0,0,0,0,"2026-08-27 08:00:00",1,1499,1427.62,2,,,,
"2026-08-28 08:00:00","#2142930",0,0,0,0,"2026-08-27 08:00:00",1,1882,1792.38,2,,,,
"2026-08-28 08:00:00","#2142965",0,0,0,0,"2026-08-27 08:00:00",1,1499,1427.62,2,,,,
"2026-08-28 08:00:00","#2142953",0,0,0,0,"2026-08-27 08:00:00",1,1699,1618.1,2,,,,
"2026-08-28 08:00:00","#2142963",0,0,0,0,"2026-08-27 08:00:00",1,3160,2677.96,3,,,,
"2026-08-28 08:00:00","#2142945",0,0,0,0,"2026-08-27 08:00:00",1,1499,1427.62,2,,,,
"2026-08-28 08:00:00","#2142927",0,0,0,0,"2026-08-27 08:00:00",1,1399,1332.38,1,,,,
"2026-08-28 08:00:00","#2142917",0,0,0,0,"2026-08-27 08:00:00",1,842.35,802.24,1,,,,
"2026-08-28 08:00:00","#2142909",0,0,0,0,"2026-08-27 08:00:00",1,899,856.19,1,,,,
"2026-08-28 08:00:00","#2142939",0,0,0,0,"2026-08-27 08:00:00",1,1717,1522.86,1,,,,
"2026-08-28 08:00:00","#2142881",0,0,0,0,"2026-08-27 08:00:00",1,1717,1522.86,1,,,,
"2026-08-28 08:00:00","#2142897",0,0,0,0,"2026-08-27 08:00:00",1,1504,1432.38,1,,,,
"2026-08-28 08:00:00","#2142889",0,0,0,0,"2026-08-27 08:00:00",1,1499,1427.62,1,,,,
"2026-08-28 08:00:00","#2142901",0,0,0,0,"2026-08-27 08:00:00",1,1617,1427.62,1,,,,
"2026-08-28 08:00:00","#2142931",0,0,0,0,"2026-08-27 08:00:00",1,2249,2141.9,2,,,,
"2026-08-28 08:00:00","#2142964",0,0,0,0,"2026-08-27 08:00:00",1,1599,1522.86,1,,,,
"2026-08-28 08:00:00","#2142954",0,0,0,0,"2026-08-27 08:00:00",1,1998,1902.86,3,,,,
"2026-08-28 08:00:00","#2142942",0,0,0,0,"2026-08-27 08:00:00",1,1599,1522.86,1,,,,
"2026-08-28 08:00:00","#2142886",0,0,0,0,"2026-08-27 08:00:00",1,1599,1522.86,1,,,,
"2026-08-28 08:00:00","#2142898",0,0,0,0,"2026-08-27 08:00:00",1,1599,1522.86,1,,,,
"2026-08-28 08:00:00","#2142910",0,0,0,0,"2026-08-27 08:00:00",1,1817,1618.1,2,,,,
"2026-08-28 08:00:00","#2142920",0,0,0,0,"2026-08-27 08:00:00",1,4497,4282.86,8,,,,
"2026-08-28 08:00:00","#2142936",0,0,0,0,"2026-08-27 08:00:00",1,1519,1446.67,1,,,,
"2026-08-28 08:00:00","#2142906",0,0,0,0,"2026-08-27 08:00:00",1,1867,1665.71,1,,,,
"2026-08-28 08:00:00","#2142918",0,0,0,0,"2026-08-27 08:00:00",1,3048,2902.86,4,,,,
"2026-08-28 08:00:00","#2142890",0,0,0,0,"2026-08-27 08:00:00",1,1699,1618.1,2,,,,
"2026-08-28 08:00:00","#2142961",0,0,0,0,"2026-08-27 08:00:00",1,1484,1413.33,1,,,,
"2026-08-28 08:00:00","#2142951",0,0,0,0,"2026-08-27 08:00:00",1,1499,1427.62,2,,,,
"2026-08-28 08:00:00","#2142947",0,0,0,0,"2026-08-27 08:00:00",1,1699,1618.1,2,,,,
"2026-08-28 08:00:00","#2142959",0,0,0,0,"2026-08-27 08:00:00",1,1699,1618.1,2,,,,
"2026-08-28 08:00:00","#2142915",0,0,0,0,"2026-08-27 08:00:00",1,2069,1970.48,2,,,,
"2026-08-28 08:00:00","#2142925",0,0,0,0,"2026-08-27 08:00:00",1,1499,1427.62,1,,,,
"2026-08-28 08:00:00","#2142883",0,0,0,0,"2026-08-27 08:00:00",1,1817,1618.1,2,,,,
"2026-08-28 08:00:00","#2142895",0,0,0,0,"2026-08-27 08:00:00",1,4797,4568.57,6,,,,
"2026-08-28 08:00:00","#2142933",0,0,0,0,"2026-08-27 08:00:00",1,3048,2902.86,5,,,,
"2026-08-28 08:00:00","#2142903",0,0,0,0,"2026-08-27 08:00:00",1,1519,1446.67,1,,,,
"2026-08-28 08:00:00","#2142956",0,0,0,0,"2026-08-27 08:00:00",1,1948,1855.24,4,,,,
"2026-08-28 08:00:00","#2142966",0,0,0,0,"2026-08-27 08:00:00",1,1499,1427.62,1,,,,
"2026-08-28 08:00:00","#2142948",0,0,0,0,"2026-08-27 08:00:00",1,1637,1446.67,1,,,,
"2026-08-28 08:00:00","#2142940",0,0,0,0,"2026-08-27 08:00:00",1,2149,2046.67,2,,,,
"2026-08-28 08:00:00","#2142884",0,0,0,0,"2026-08-27 08:00:00",1,1898,1807.62,4,,,,
"2026-08-28 08:00:00","#2142922",0,0,0,0,"2026-08-27 08:00:00",1,1499,1427.62,1,,,,
"2026-08-28 08:00:00","#2142912",0,0,0,0,"2026-08-27 08:00:00",1,1549,1475.24,1,,,,
"2026-08-28 08:00:00","#2142904",0,0,0,0,"2026-08-27 08:00:00",1,1499,1427.62,2,,,,
"2026-08-28 08:00:00","#2142932",0,0,0,0,"2026-08-27 08:00:00",1,1387,1320.95,1,,,,
"2026-08-28 08:00:00","#2142892",0,0,0,0,"2026-08-27 08:00:00",1,1399,1332.38,2,,,,
"2026-08-28 08:00:00","#2142967",0,0,0,0,"2026-08-27 08:00:00",1,1499,1427.62,2,,,,
"2026-08-28 08:00:00","#2142957",0,0,0,0,"2026-08-27 08:00:00",1,1799,1713.33,1,,,,
"2026-08-28 08:00:00","#2142949",0,0,0,0,"2026-08-27 08:00:00",1,1699,1618.1,2,,,,
"2026-08-28 08:00:00","#2142941",0,0,0,0,"2026-08-27 08:00:00",1,1794,1678.9,3,,,,
"2026-08-28 08:00:00","#2142885",0,0,0,0,"2026-08-27 08:00:00",1,1549,1475.24,1,,,,
"2026-08-28 08:00:00","#2142923",0,0,0,0,"2026-08-27 08:00:00",1,1499,1427.62,2,,,,
"2026-08-28 08:00:00","#2142935",0,0,0,0,"2026-08-27 08:00:00",1,1499,1427.62,2,,,,
"2026-08-28 08:00:00","#2142905",0,0,0,0,"2026-08-27 08:00:00",1,1617,1427.62,2,,,,
"2026-08-28 08:00:00","#2142893",0,0,0,0,"2026-08-27 08:00:00",1,1998,1902.86,4,,,,
"2026-08-28 08:00:00","#2142950",0,0,0,0,"2026-08-27 08:00:00",1,1820,1733.33,2,,,,
"2026-08-28 08:00:00","#2142960",0,0,0,0,"2026-08-27 08:00:00",1,2069,1970.48,2,,,,
"2026-08-28 08:00:00","#2142946",0,0,0,0,"2026-08-27 08:00:00",1,1499,1427.62,2,,,,
"2026-08-28 08:00:00","#2142958",0,0,0,0,"2026-08-27 08:00:00",1,1277.1,1216.29,1,,,,
"2026-08-28 08:00:00","#2142924",0,0,0,0,"2026-08-27 08:00:00",1,2198,2093.33,4,,,,
"2026-08-28 08:00:00","#2142914",0,0,0,0,"2026-08-27 08:00:00",1,1499,1427.62,2,,,,
"2026-08-28 08:00:00","#2142882",0,0,0,0,"2026-08-27 08:00:00",1,2069,1970.48,2,,,,
"2026-08-28 08:00:00","#2142894",0,0,0,0,"2026-08-27 08:00:00",1,1499,1427.62,2,,,,
"2026-08-28 08:00:00","#2142902",0,0,0,0,"2026-08-27 08:00:00",1,1617,1427.62,1,,,,
"2026-08-28 08:00:00","#2142900",0,0,0,0,"2026-08-27 08:00:00",1,1499,1427.62,1,,,,
"2026-08-28 09:00:00","#2143037",0,0,0,0,"2026-08-27 09:00:00",1,1499,1427.62,1,,,,
"2026-08-28 09:00:00","#2143081",0,0,0,0,"2026-08-27 09:00:00",1,1499,1427.62,2,,,,
"2026-08-28 09:00:00","#2142979",0,0,0,0,"2026-08-27 09:00:00",1,1602,1413.33,1,,,,
"2026-08-28 09:00:00","#2143062",0,0,0,0,"2026-08-27 09:00:00",1,1499,1427.62,2,,,,
"2026-08-28 09:00:00","#2143054",0,0,0,0,"2026-08-27 09:00:00",1,2069,1970.48,2,,,,
"2026-08-28 09:00:00","#2143103",0,0,0,0,"2026-08-27 09:00:00",1,1499,1427.62,2,,,,
"2026-08-28 09:00:00","#2142969",0,0,0,0,"2026-08-27 09:00:00",1,1933,1840.95,3,,,,
"2026-08-28 09:00:00","#2143042",0,0,0,0,"2026-08-27 09:00:00",1,1898,1807.62,4,,,,
"2026-08-28 09:00:00","#2142977",0,0,0,0,"2026-08-27 09:00:00",1,891.9,849.42,1,,,,
"2026-08-28 09:00:00","#2143072",0,0,0,0,"2026-08-27 09:00:00",1,1617,1427.62,2,,,,
"2026-08-28 09:00:00","#2142990",0,0,0,0,"2026-08-27 09:00:00",1,1499,1427.62,2,,,,
"2026-08-28 09:00:00","#2143095",0,0,0,0,"2026-08-27 09:00:00",1,2916,2664.76,4,,,,
"2026-08-28 09:00:00","#2143010",0,0,0,0,"2026-08-27 09:00:00",1,1499,1427.62,2,,,,
"2026-08-28 09:00:00","#2143020",0,0,0,0,"2026-08-27 09:00:00",1,2999,2856.19,3,,,,
"2026-08-28 09:00:00","#2143036",0,0,0,0,"2026-08-27 09:00:00",1,1499,1427.62,2,,,,
"2026-08-28 09:00:00","#2143006",0,0,0,0,"2026-08-27 09:00:00",1,1529.1,1456.29,1,,,,
"2026-08-28 09:00:00","#2143018",0,0,0,0,"2026-08-27 09:00:00",1,1279,1218.1,1,,,,
"2026-08-28 09:00:00","#2143028",0,0,0,0,"2026-08-27 09:00:00",1,1699,1618.1,2,,,,
"2026-08-28 09:00:00","#2142978",0,0,0,0,"2026-08-27 09:00:00",1,1717,1522.86,1,,,,
"2026-08-28 09:00:00","#2143053",0,0,0,0,"2026-08-27 09:00:00",1,1435,1366.66,1,,,,
"2026-08-28 09:00:00","#2143063",0,0,0,0,"2026-08-27 09:00:00",1,1699,1618.1,2,,,,
"2026-08-28 09:00:00","#2142981",0,0,0,0,"2026-08-27 09:00:00",1,1684,1603.81,1,,,,
"2026-08-28 09:00:00","#2143084",0,0,0,0,"2026-08-27 09:00:00",1,2349,2237.14,2,,,,
"2026-08-28 09:00:00","#2142997",0,0,0,0,"2026-08-27 09:00:00",1,2998,2855.24,5,,,,
"2026-08-28 09:00:00","#2143092",0,0,0,0,"2026-08-27 09:00:00",1,1979,1772.38,2,,,,
"2026-08-28 09:00:00","#2142989",0,0,0,0,"2026-08-27 09:00:00",1,1187,1127.52,1,,,,
"2026-08-28 09:00:00","#2143104",0,0,0,0,"2026-08-27 09:00:00",1,1617,1427.62,1,,,,
"2026-08-28 09:00:00","#2142970",0,0,0,0,"2026-08-27 09:00:00",1,1499,1427.62,2,,,,
"2026-08-28 09:00:00","#2143075",0,0,0,0,"2026-08-27 09:00:00",1,1617,1427.62,2,,,,
"2026-08-28 09:00:00","#2143045",0,0,0,0,"2026-08-27 09:00:00",1,2832,2697.14,4,,,,
"2026-08-28 09:00:00","#2143027",0,0,0,0,"2026-08-27 09:00:00",1,1499,1427.62,2,,,,
"2026-08-28 09:00:00","#2143017",0,0,0,0,"2026-08-27 09:00:00",1,1599,1522.86,1,,,,
"2026-08-28 09:00:00","#2143009",0,0,0,0,"2026-08-27 09:00:00",1,3116,2855.24,6,,,,
"2026-08-28 09:00:00","#2143039",0,0,0,0,"2026-08-27 09:00:00",1,2490,2371.43,4,,,,
"2026-08-28 09:00:00","#2143001",0,0,0,0,"2026-08-27 09:00:00",1,1499,1427.62,2,,,,
"2026-08-28 09:00:00","#2143083",0,0,0,0,"2026-08-27 09:00:00",1,1499,1427.62,1,,,,
"2026-08-28 09:00:00","#2142998",0,0,0,0,"2026-08-27 09:00:00",1,1998,1902.86,4,,,,
"2026-08-28 09:00:00","#2143064",0,0,0,0,"2026-08-27 09:00:00",1,1499,1427.62,2,,,,
"2026-08-28 09:00:00","#2143052",0,0,0,0,"2026-08-27 09:00:00",1,1948,1855.24,4,,,,
"2026-08-28 09:00:00","#2143085",0,0,0,0,"2026-08-27 09:00:00",1,1349.1,1284.86,1,,,,
"2026-08-28 09:00:00","#2142980",0,0,0,0,"2026-08-27 09:00:00",1,1831,1743.81,3,,,,
"2026-08-28 09:00:00","#2143093",0,0,0,0,"2026-08-27 09:00:00",1,1699,1618.1,1,,,,
"2026-08-28 09:00:00","#2142996",0,0,0,0,"2026-08-27 09:00:00",1,845,804.76,1,,,,
"2026-08-28 09:00:00","#2142988",0,0,0,0,"2026-08-27 09:00:00",1,1499,1427.62,2,,,,
"2026-08-28 09:00:00","#2143105",0,0,0,0,"2026-08-27 09:00:00",1,1848,1760,3,,,,
"2026-08-28 09:00:00","#2143044",0,0,0,0,"2026-08-27 09:00:00",1,2983,2840.95,4,,,,
"2026-08-28 09:00:00","#2143074",0,0,0,0,"2026-08-27 09:00:00",1,963,917.14,1,,,,
"2026-08-28 09:00:00","#2142971",0,0,0,0,"2026-08-27 09:00:00",1,1717,1522.86,1,,,,
"2026-08-28 09:00:00","#2143016",0,0,0,0,"2026-08-27 09:00:00",1,1599,1522.86,1,,,,
"2026-08-28 09:00:00","#2143026",0,0,0,0,"2026-08-27 09:00:00",1,2998,2855.24,6,,,,
"2026-08-28 09:00:00","#2143038",0,0,0,0,"2026-08-27 09:00:00",1,4075,3880.95,5,,,,
"2026-08-28 09:00:00","#2143008",0,0,0,0,"2026-08-27 09:00:00",1,2517,2284.76,2,,,,
"2026-08-28 09:00:00","#2143030",0,0,0,0,"2026-08-27 09:00:00",1,1848,1760,3,,,,
"2026-08-28 09:00:00","#2143000",0,0,0,0,"2026-08-27 09:00:00",1,1225,1166.66,1,,,,
"2026-08-28 09:00:00","#2143082",0,0,0,0,"2026-08-27 09:00:00",1,1214.1,1156.29,1,,,,
"2026-08-28 09:00:00","#2142987",0,0,0,0,"2026-08-27 09:00:00",1,1890,1800,3,,,,
"2026-08-28 09:00:00","#2142999",0,0,0,0,"2026-08-27 09:00:00",1,1717,1522.86,1,,,,
"2026-08-28 09:00:00","#2143055",0,0,0,0,"2026-08-27 09:00:00",1,1399,1332.38,1,,,,
"2026-08-28 09:00:00","#2143065",0,0,0,0,"2026-08-27 09:00:00",1,599,570.48,1,,,,
"2026-08-28 09:00:00","#2142968",0,0,0,0,"2026-08-27 09:00:00",1,1399,1332.38,1,,,,
"2026-08-28 09:00:00","#2143102",0,0,0,0,"2026-08-27 09:00:00",1,1499,1427.62,2,,,,
"2026-08-28 09:00:00","#2143073",0,0,0,0,"2026-08-27 09:00:00",1,1617,1427.62,2,,,,
"2026-08-28 09:00:00","#2142976",0,0,0,0,"2026-08-27 09:00:00",1,1499,1427.62,2,,,,
"2026-08-28 09:00:00","#2143043",0,0,0,0,"2026-08-27 09:00:00",1,1499,1427.62,1,,,,
"2026-08-28 09:00:00","#2143094",0,0,0,0,"2026-08-27 09:00:00",1,1499,1427.62,2,,,,
"2026-08-28 09:00:00","#2142991",0,0,0,0,"2026-08-27 09:00:00",1,1699,1618.1,2,,,,
"2026-08-28 09:00:00","#2143021",0,0,0,0,"2026-08-27 09:00:00",1,3098,2950.48,5,,,,
"2026-08-28 09:00:00","#2143011",0,0,0,0,"2026-08-27 09:00:00",1,1109,943.81,1,,,,
"2026-08-28 09:00:00","#2143007",0,0,0,0,"2026-08-27 09:00:00",1,1717,1522.86,1,,,,
"2026-08-28 09:00:00","#2142986",0,0,0,0,"2026-08-27 09:00:00",1,2248,2140.96,3,,,,
"2026-08-28 09:00:00","#2143031",0,0,0,0,"2026-08-27 09:00:00",1,3108,2960,4,,,,
"2026-08-28 09:00:00","#2143019",0,0,0,0,"2026-08-27 09:00:00",1,1447,1378.1,1,,,,
"2026-08-28 09:00:00","#2143050",0,0,0,0,"2026-08-27 09:00:00",1,1998,1902.86,4,,,,
"2026-08-28 09:00:00","#2143060",0,0,0,0,"2026-08-27 09:00:00",1,1499,1427.62,2,,,,
"2026-08-28 09:00:00","#2143099",0,0,0,0,"2026-08-27 09:00:00",1,1079,1027.62,1,,,,
"2026-08-28 09:00:00","#2142982",0,0,0,0,"2026-08-27 09:00:00",1,1499,1427.62,2,,,,
"2026-08-28 09:00:00","#2143087",0,0,0,0,"2026-08-27 09:00:00",1,1499,1427.62,2,,,,
"2026-08-28 09:00:00","#2142994",0,0,0,0,"2026-08-27 09:00:00",1,1738,1655.24,2,,,,
"2026-08-28 09:00:00","#2143091",0,0,0,0,"2026-08-27 09:00:00",1,1499,1427.62,1,,,,
"2026-08-28 09:00:00","#2142973",0,0,0,0,"2026-08-27 09:00:00",1,1599,1522.86,1,,,,
"2026-08-28 09:00:00","#2143076",0,0,0,0,"2026-08-27 09:00:00",1,3098,2950.48,4,,,,
"2026-08-28 09:00:00","#2143046",0,0,0,0,"2026-08-27 09:00:00",1,1898,1807.62,4,,,,
"2026-08-28 09:00:00","#2143058",0,0,0,0,"2026-08-27 09:00:00",1,1617,1427.62,2,,,,
"2026-08-28 09:00:00","#2143068",0,0,0,0,"2026-08-27 09:00:00",1,1499,1427.62,2,,,,
"2026-08-28 09:00:00","#2143024",0,0,0,0,"2026-08-27 09:00:00",1,1499,1427.62,2,,,,
"2026-08-28 09:00:00","#2143014",0,0,0,0,"2026-08-27 09:00:00",1,1898,1807.62,4,,,,
"2026-08-28 09:00:00","#2143002",0,0,0,0,"2026-08-27 09:00:00",1,1499,1427.62,1,,,,
"2026-08-28 09:00:00","#2143032",0,0,0,0,"2026-08-27 09:00:00",1,1557.1,1370.58,1,,,,
"2026-08-28 09:00:00","#2142985",0,0,0,0,"2026-08-27 09:00:00",1,1549,1475.24,1,,,,
"2026-08-28 09:00:00","#2143080",0,0,0,0,"2026-08-27 09:00:00",1,1699,1618.1,2,,,,
"2026-08-28 09:00:00","#2143067",0,0,0,0,"2026-08-27 09:00:00",1,1998,1902.86,4,,,,
"2026-08-28 09:00:00","#2143057",0,0,0,0,"2026-08-27 09:00:00",1,1399,1332.38,1,,,,
"2026-08-28 09:00:00","#2143049",0,0,0,0,"2026-08-27 09:00:00",1,2069,1970.48,2,,,,
"2026-08-28 09:00:00","#2143079",0,0,0,0,"2026-08-27 09:00:00",1,599,570.48,1,,,,
"2026-08-28 09:00:00","#2143041",0,0,0,0,"2026-08-27 09:00:00",1,1499,1427.62,2,,,,
"2026-08-28 09:00:00","#2142974",0,0,0,0,"2026-08-27 09:00:00",1,3098,2950.48,4,,,,
"2026-08-28 09:00:00","#2143071",0,0,0,0,"2026-08-27 09:00:00",1,1699,1618.1,2,,,,
"2026-08-28 09:00:00","#2143100",0,0,0,0,"2026-08-27 09:00:00",1,1599,1522.86,1,,,,
"2026-08-28 09:00:00","#2143088",0,0,0,0,"2026-08-27 09:00:00",1,2699,2570.48,3,,,,
"2026-08-28 09:00:00","#2142993",0,0,0,0,"2026-08-27 09:00:00",1,1599,1522.86,1,,,,
"2026-08-28 09:00:00","#2143096",0,0,0,0,"2026-08-27 09:00:00",1,1648,1569.52,2,,,,
"2026-08-28 09:00:00","#2143013",0,0,0,0,"2026-08-27 09:00:00",1,3897,3711.43,8,,,,
"2026-08-28 09:00:00","#2143023",0,0,0,0,"2026-08-27 09:00:00",1,1499,1427.62,2,,,,
"2026-08-28 09:00:00","#2143025",0,0,0,0,"2026-08-27 09:00:00",1,1699,1618.1,2,,,,
"2026-08-28 09:00:00","#2143033",0,0,0,0,"2026-08-27 09:00:00",1,1499,1427.62,2,,,,
"2026-08-28 09:00:00","#2143003",0,0,0,0,"2026-08-27 09:00:00",1,1499,1427.62,2,,,,
"2026-08-28 09:00:00","#2142984",0,0,0,0,"2026-08-27 09:00:00",1,1499,1427.62,2,,,,
"2026-08-28 09:00:00","#2143056",0,0,0,0,"2026-08-27 09:00:00",1,1499,1427.62,2,,,,
"2026-08-28 09:00:00","#2143066",0,0,0,0,"2026-08-27 09:00:00",1,3116,2855.24,5,,,,
"2026-08-28 09:00:00","#2143078",0,0,0,0,"2026-08-27 09:00:00",1,1948,1855.24,3,,,,
"2026-08-28 09:00:00","#2143048",0,0,0,0,"2026-08-27 09:00:00",1,1817,1618.1,1,,,,
"2026-08-28 09:00:00","#2143070",0,0,0,0,"2026-08-27 09:00:00",1,1617,1427.62,2,,,,
"2026-08-28 09:00:00","#2142975",0,0,0,0,"2026-08-27 09:00:00",1,1617,1427.62,2,,,,
"2026-08-28 09:00:00","#2143040",0,0,0,0,"2026-08-27 09:00:00",1,1399,1332.38,1,,,,
"2026-08-28 09:00:00","#2143101",0,0,0,0,"2026-08-27 09:00:00",1,1499,1427.62,2,,,,
"2026-08-28 09:00:00","#2143089",0,0,0,0,"2026-08-27 09:00:00",1,1637,1441.05,1,,,,
"2026-08-28 09:00:00","#2143097",0,0,0,0,"2026-08-27 09:00:00",1,2187,1970.48,2,,,,
"2026-08-28 09:00:00","#2142992",0,0,0,0,"2026-08-27 09:00:00",1,1699,1618.1,2,,,,
"2026-08-28 09:00:00","#2143022",0,0,0,0,"2026-08-27 09:00:00",1,2069,1970.48,2,,,,
"2026-08-28 09:00:00","#2143012",0,0,0,0,"2026-08-27 09:00:00",1,1499,1427.62,2,,,,
"2026-08-28 09:00:00","#2143004",0,0,0,0,"2026-08-27 09:00:00",1,2248,2140.95,3,,,,
"2026-08-28 09:00:00","#2143034",0,0,0,0,"2026-08-27 09:00:00",1,1917,1713.33,1,,,,
"2026-08-28 09:00:00","#2143061",0,0,0,0,"2026-08-27 09:00:00",1,1897,1806.67,5,,,,
"2026-08-28 09:00:00","#2143051",0,0,0,0,"2026-08-27 09:00:00",1,1599,1522.86,1,,,,
"2026-08-28 09:00:00","#2143098",0,0,0,0,"2026-08-27 09:00:00",1,3848,3664.76,6,,,,
"2026-08-28 09:00:00","#2143086",0,0,0,0,"2026-08-27 09:00:00",1,1699,1618.1,1,,,,
"2026-08-28 09:00:00","#2142983",0,0,0,0,"2026-08-27 09:00:00",1,1499,1427.62,2,,,,
"2026-08-28 09:00:00","#2143090",0,0,0,0,"2026-08-27 09:00:00",1,1649,1570.48,1,,,,
"2026-08-28 09:00:00","#2142995",0,0,0,0,"2026-08-27 09:00:00",1,1257,1197.14,1,,,,
"2026-08-28 09:00:00","#2143047",0,0,0,0,"2026-08-27 09:00:00",1,1702,1508.57,1,,,,
"2026-08-28 09:00:00","#2143077",0,0,0,0,"2026-08-27 09:00:00",1,1256,1196.19,1,,,,
"2026-08-28 09:00:00","#2142972",0,0,0,0,"2026-08-27 09:00:00",1,1399,1332.38,1,,,,
"2026-08-28 09:00:00","#2143106",0,0,0,0,"2026-08-27 09:00:00",1,3091,2831.42,5,,,,
"2026-08-28 09:00:00","#2143069",0,0,0,0,"2026-08-27 09:00:00",1,1699,1618.1,2,,,,
"2026-08-28 09:00:00","#2143059",0,0,0,0,"2026-08-27 09:00:00",1,3248,3093.33,4,,,,
"2026-08-28 09:00:00","#2143015",0,0,0,0,"2026-08-27 09:00:00",1,1848,1760,4,,,,
"2026-08-28 09:00:00","#2143035",0,0,0,0,"2026-08-27 09:00:00",1,1599,1522.86,1,,,,
"2026-08-28 09:00:00","#2143005",0,0,0,0,"2026-08-27 09:00:00",1,1499,1427.62,1,,,,
"2026-08-28 09:00:00","#2143029",0,0,0,0,"2026-08-27 09:00:00",1,1599,1522.86,1,,,,
"2026-08-28 10:00:00","#2143228",0,0,0,0,"2026-08-27 10:00:00",1,1617,1427.62,2,,,,
"2026-08-28 10:00:00","#2143113",0,0,0,0,"2026-08-27 10:00:00",1,2069,1970.48,2,,,,
"2026-08-28 10:00:00","#2143193",0,0,0,0,"2026-08-27 10:00:00",1,1699,1618.1,2,,,,
"2026-08-28 10:00:00","#2143117",0,0,0,0,"2026-08-27 10:00:00",1,1817,1618.1,2,,,,
"2026-08-28 10:00:00","#2143119",0,0,0,0,"2026-08-27 10:00:00",1,2069,1970.48,2,,,,
"2026-08-28 10:00:00","#2143129",0,0,0,0,"2026-08-27 10:00:00",1,1484,1413.33,1,,,,
"2026-08-28 10:00:00","#2143211",0,0,0,0,"2026-08-27 10:00:00",1,1499,1427.62,2,,,,
"2026-08-28 10:00:00","#2143221",0,0,0,0,"2026-08-27 10:00:00",1,1499,1427.62,2,,,,
"2026-08-28 10:00:00","#2143165",0,0,0,0,"2026-08-27 10:00:00",1,1848,1760,4,,,,
"2026-08-28 10:00:00","#2143155",0,0,0,0,"2026-08-27 10:00:00",1,1499,1427.62,2,,,,
"2026-08-28 10:00:00","#2143182",0,0,0,0,"2026-08-27 10:00:00",1,1499,1427.62,2,,,,
"2026-08-28 10:00:00","#2143194",0,0,0,0,"2026-08-27 10:00:00",1,1399,1332.38,1,,,,
"2026-08-28 10:00:00","#2143237",0,0,0,0,"2026-08-27 10:00:00",1,1649,1570.48,1,,,,
"2026-08-28 10:00:00","#2143207",0,0,0,0,"2026-08-27 10:00:00",1,1134,1080,1,,,,
"2026-08-28 10:00:00","#2143143",0,0,0,0,"2026-08-27 10:00:00",1,1190,1133.33,1,,,,
"2026-08-28 10:00:00","#2143219",0,0,0,0,"2026-08-27 10:00:00",1,1799,1713.33,1,,,,
"2026-08-28 10:00:00","#2143229",0,0,0,0,"2026-08-27 10:00:00",1,2198,2093.33,4,,,,
"2026-08-28 10:00:00","#2143173",0,0,0,0,"2026-08-27 10:00:00",1,1499,1427.62,1,,,,
"2026-08-28 10:00:00","#2143126",0,0,0,0,"2026-08-27 10:00:00",1,1599,1522.86,1,,,,
"2026-08-28 10:00:00","#2143116",0,0,0,0,"2026-08-27 10:00:00",1,934.15,889.67,1,,,,
"2026-08-28 10:00:00","#2143108",0,0,0,0,"2026-08-27 10:00:00",1,2998,2855.24,6,,,,
"2026-08-28 10:00:00","#2143138",0,0,0,0,"2026-08-27 10:00:00",1,1299,1237.14,1,,,,
"2026-08-28 10:00:00","#2143130",0,0,0,0,"2026-08-27 10:00:00",1,2998,2855.24,5,,,,
"2026-08-28 10:00:00","#2143185",0,0,0,0,"2026-08-27 10:00:00",1,1499,1427.62,1,,,,
"2026-08-28 10:00:00","#2143226",0,0,0,0,"2026-08-27 10:00:00",1,5096,4853.33,10,,,,
"2026-08-28 10:00:00","#2143216",0,0,0,0,"2026-08-27 10:00:00",1,1617,1427.62,1,,,,
"2026-08-28 10:00:00","#2143152",0,0,0,0,"2026-08-27 10:00:00",1,1499,1427.62,1,,,,
"2026-08-28 10:00:00","#2143208",0,0,0,0,"2026-08-27 10:00:00",1,1499,1427.62,2,,,,
"2026-08-28 10:00:00","#2143238",0,0,0,0,"2026-08-27 10:00:00",1,3116,2855.24,4,,,,
"2026-08-28 10:00:00","#2143162",0,0,0,0,"2026-08-27 10:00:00",1,1898,1807.62,4,,,,
"2026-08-28 10:00:00","#2143200",0,0,0,0,"2026-08-27 10:00:00",1,1349.1,1284.86,1,,,,
"2026-08-28 10:00:00","#2143230",0,0,0,0,"2026-08-27 10:00:00",1,1399,1332.38,1,,,,
"2026-08-28 10:00:00","#2143174",0,0,0,0,"2026-08-27 10:00:00",1,1249,1189.52,1,,,,
"2026-08-28 10:00:00","#2143121",0,0,0,0,"2026-08-27 10:00:00",1,1617,1427.62,2,,,,
"2026-08-28 10:00:00","#2143137",0,0,0,0,"2026-08-27 10:00:00",1,1599,1522.86,1,,,,
"2026-08-28 10:00:00","#2143107",0,0,0,0,"2026-08-27 10:00:00",1,3082,2935.24,5,,,,
"2026-08-28 10:00:00","#2143127",0,0,0,0,"2026-08-27 10:00:00",1,1499,1427.62,1,,,,
"2026-08-28 10:00:00","#2143139",0,0,0,0,"2026-08-27 10:00:00",1,1517,1332.38,1,,,,
"2026-08-28 10:00:00","#2143109",0,0,0,0,"2026-08-27 10:00:00",1,1349.1,1284.86,1,,,,
"2026-08-28 10:00:00","#2143131",0,0,0,0,"2026-08-27 10:00:00",1,1699,1618.1,2,,,,
"2026-08-28 10:00:00","#2143184",0,0,0,0,"2026-08-27 10:00:00",1,1499,1427.62,2,,,,
"2026-08-28 10:00:00","#2143217",0,0,0,0,"2026-08-27 10:00:00",1,1533,1460,1,,,,
"2026-08-28 10:00:00","#2143227",0,0,0,0,"2026-08-27 10:00:00",1,1699,1618.1,2,,,,
"2026-08-28 10:00:00","#2143163",0,0,0,0,"2026-08-27 10:00:00",1,2436,2207.62,3,,,,
"2026-08-28 10:00:00","#2143239",0,0,0,0,"2026-08-27 10:00:00",1,1499,1427.62,1,,,,
"2026-08-28 10:00:00","#2143209",0,0,0,0,"2026-08-27 10:00:00",1,1109,938.19,1,,,,
"2026-08-28 10:00:00","#2143153",0,0,0,0,"2026-08-27 10:00:00",1,1060,1009.52,1,,,,
"2026-08-28 10:00:00","#2143231",0,0,0,0,"2026-08-27 10:00:00",1,1109,943.81,1,,,,
"2026-08-28 10:00:00","#2143201",0,0,0,0,"2026-08-27 10:00:00",1,1699,1618.1,2,,,,
"2026-08-28 10:00:00","#2143145",0,0,0,0,"2026-08-27 10:00:00",1,1617,1427.62,2,,,,
"2026-08-28 10:00:00","#2143175",0,0,0,0,"2026-08-27 10:00:00",1,2998,2855.24,4,,,,
"2026-08-28 10:00:00","#2143192",0,0,0,0,"2026-08-27 10:00:00",1,1699,1618.1,2,,,,
"2026-08-28 10:00:00","#2143120",0,0,0,0,"2026-08-27 10:00:00",1,1599,1522.86,1,,,,
"2026-08-28 10:00:00","#2143110",0,0,0,0,"2026-08-27 10:00:00",1,1617,1427.62,1,,,,
"2026-08-28 10:00:00","#2143136",0,0,0,0,"2026-08-27 10:00:00",1,84,80,1,,,,
"2026-08-28 10:00:00","#2143128",0,0,0,0,"2026-08-27 10:00:00",1,1517,1332.38,1,,,,
"2026-08-28 10:00:00","#2143118",0,0,0,0,"2026-08-27 10:00:00",1,1499,1427.62,2,,,,
"2026-08-28 10:00:00","#2143220",0,0,0,0,"2026-08-27 10:00:00",1,1998,1693.22,3,,,,
"2026-08-28 10:00:00","#2143154",0,0,0,0,"2026-08-27 10:00:00",1,1499,1427.62,2,,,,
"2026-08-28 10:00:00","#2143164",0,0,0,0,"2026-08-27 10:00:00",1,1817,1618.1,2,,,,
"2026-08-28 10:00:00","#2143183",0,0,0,0,"2026-08-27 10:00:00",1,1599,1522.86,1,,,,
"2026-08-28 10:00:00","#2143195",0,0,0,0,"2026-08-27 10:00:00",1,1867,1665.72,1,,,,
"2026-08-28 10:00:00","#2143206",0,0,0,0,"2026-08-27 10:00:00",1,1699,1618.1,2,,,,
"2026-08-28 10:00:00","#2143236",0,0,0,0,"2026-08-27 10:00:00",1,2187,1970.48,2,,,,
"2026-08-28 10:00:00","#2143172",0,0,0,0,"2026-08-27 10:00:00",1,2016,1807.62,4,,,,
"2026-08-28 10:00:00","#2143111",0,0,0,0,"2026-08-27 10:00:00",1,1499,1427.62,1,,,,
"2026-08-28 10:00:00","#2143144",0,0,0,0,"2026-08-27 10:00:00",1,1717,1522.86,1,,,,
"2026-08-28 10:00:00","#2143142",0,0,0,0,"2026-08-27 10:00:00",1,1599,1522.86,1,,,,
"2026-08-28 10:00:00","#2143125",0,0,0,0,"2026-08-27 10:00:00",1,1445,1376.2,1,,,,
"2026-08-28 10:00:00","#2143115",0,0,0,0,"2026-08-27 10:00:00",1,5996,5710.48,9,,,,
"2026-08-28 10:00:00","#2143133",0,0,0,0,"2026-08-27 10:00:00",1,1499,1427.62,2,,,,
"2026-08-28 10:00:00","#2143198",0,0,0,0,"2026-08-27 10:00:00",1,1399,1332.38,1,,,,
"2026-08-28 10:00:00","#2143151",0,0,0,0,"2026-08-27 10:00:00",1,1499,1427.62,2,,,,
"2026-08-28 10:00:00","#2143161",0,0,0,0,"2026-08-27 10:00:00",1,1699,1618.1,2,,,,
"2026-08-28 10:00:00","#2143225",0,0,0,0,"2026-08-27 10:00:00",1,1499,1427.62,2,,,,
"2026-08-28 10:00:00","#2143215",0,0,0,0,"2026-08-27 10:00:00",1,1499,1427.62,1,,,,
"2026-08-28 10:00:00","#2143177",0,0,0,0,"2026-08-27 10:00:00",1,1359.15,1294.43,1,,,,
"2026-08-28 10:00:00","#2143147",0,0,0,0,"2026-08-27 10:00:00",1,1948,1855.24,4,,,,
"2026-08-28 10:00:00","#2143203",0,0,0,0,"2026-08-27 10:00:00",1,1486.4,1415.62,2,,,,
"2026-08-28 10:00:00","#2143159",0,0,0,0,"2026-08-27 10:00:00",1,1599,1522.86,1,,,,
"2026-08-28 10:00:00","#2143169",0,0,0,0,"2026-08-27 10:00:00",1,1509,1437.14,1,,,,
"2026-08-28 10:00:00","#2143233",0,0,0,0,"2026-08-27 10:00:00",1,2069,1970.48,2,,,,
"2026-08-28 10:00:00","#2143190",0,0,0,0,"2026-08-27 10:00:00",1,1599,1522.86,1,,,,
"2026-08-28 10:00:00","#2143112",0,0,0,0,"2026-08-27 10:00:00",1,1499,1427.62,2,,,,
"2026-08-28 10:00:00","#2143122",0,0,0,0,"2026-08-27 10:00:00",1,1499,1427.62,2,,,,
"2026-08-28 10:00:00","#2143240",0,0,0,0,"2026-08-27 10:00:00",1,1699,1618.1,1,,,,
"2026-08-28 10:00:00","#2143134",0,0,0,0,"2026-08-27 10:00:00",1,1144,1089.52,1,,,,
"2026-08-28 10:00:00","#2143166",0,0,0,0,"2026-08-27 10:00:00",1,1782,1697.14,3,,,,
"2026-08-28 10:00:00","#2143156",0,0,0,0,"2026-08-27 10:00:00",1,1717,1522.86,1,,,,
"2026-08-28 10:00:00","#2143148",0,0,0,0,"2026-08-27 10:00:00",1,1637,1446.67,1,,,,
"2026-08-28 10:00:00","#2143178",0,0,0,0,"2026-08-27 10:00:00",1,1584,1508.58,1,,,,
"2026-08-28 10:00:00","#2143222",0,0,0,0,"2026-08-27 10:00:00",1,1499,1427.62,2,,,,
"2026-08-28 10:00:00","#2143181",0,0,0,0,"2026-08-27 10:00:00",1,1483.2,1412.57,2,,,,
"2026-08-28 10:00:00","#2143197",0,0,0,0,"2026-08-27 10:00:00",1,3198,3045.71,5,,,,
"2026-08-28 10:00:00","#2143140",0,0,0,0,"2026-08-27 10:00:00",1,1399,1332.38,1,,,,
"2026-08-28 10:00:00","#2143170",0,0,0,0,"2026-08-27 10:00:00",1,1069,1018.1,1,,,,
"2026-08-28 10:00:00","#2143234",0,0,0,0,"2026-08-27 10:00:00",1,1499,1427.62,2,,,,
"2026-08-28 10:00:00","#2143158",0,0,0,0,"2026-08-27 10:00:00",1,3778.2,3598.29,5,,,,
"2026-08-28 10:00:00","#2143202",0,0,0,0,"2026-08-27 10:00:00",1,1599,1522.86,1,,,,
"2026-08-28 10:00:00","#2143191",0,0,0,0,"2026-08-27 10:00:00",1,1519,1446.67,1,,,,
"2026-08-28 10:00:00","#2143241",0,0,0,0,"2026-08-27 10:00:00",1,2998,2855.24,6,,,,
"2026-08-28 10:00:00","#2143135",0,0,0,0,"2026-08-27 10:00:00",1,1519,1446.67,1,,,,
"2026-08-28 10:00:00","#2143157",0,0,0,0,"2026-08-27 10:00:00",1,1766,1569.52,2,,,,
"2026-08-28 10:00:00","#2143167",0,0,0,0,"2026-08-27 10:00:00",1,1637,1446.67,1,,,,
"2026-08-28 10:00:00","#2143223",0,0,0,0,"2026-08-27 10:00:00",1,1549,1475.24,1,,,,
"2026-08-28 10:00:00","#2143179",0,0,0,0,"2026-08-27 10:00:00",1,1699,1618.1,2,,,,
"2026-08-28 10:00:00","#2143149",0,0,0,0,"2026-08-27 10:00:00",1,3066,2807.62,5,,,,
"2026-08-28 10:00:00","#2143213",0,0,0,0,"2026-08-27 10:00:00",1,1699,1618.1,2,,,,
"2026-08-28 10:00:00","#2143180",0,0,0,0,"2026-08-27 10:00:00",1,922,878.1,1,,,,
"2026-08-28 10:00:00","#2143188",0,0,0,0,"2026-08-27 10:00:00",1,2578,2455.24,4,,,,
"2026-08-28 10:00:00","#2143196",0,0,0,0,"2026-08-27 10:00:00",1,1948,1855.24,3,,,,
"2026-08-28 10:00:00","#2143171",0,0,0,0,"2026-08-27 10:00:00",1,3398,3236.19,4,,,,
"2026-08-28 10:00:00","#2143141",0,0,0,0,"2026-08-27 10:00:00",1,1499,1427.62,1,,,,
"2026-08-28 10:00:00","#2143205",0,0,0,0,"2026-08-27 10:00:00",1,1291.15,1229.67,1,,,,
"2026-08-28 10:00:00","#2143235",0,0,0,0,"2026-08-27 10:00:00",1,0,0,2,,,,
"2026-08-28 10:00:00","#2143114",0,0,0,0,"2026-08-27 10:00:00",1,1064,1013.34,1,,,,
"2026-08-28 10:00:00","#2143124",0,0,0,0,"2026-08-27 10:00:00",1,1716,1521.9,2,,,,
"2026-08-28 10:00:00","#2143132",0,0,0,0,"2026-08-27 10:00:00",1,1698,1617.14,3,,,,
"2026-08-28 10:00:00","#2143199",0,0,0,0,"2026-08-27 10:00:00",1,1499,1427.62,2,,,,
"2026-08-28 10:00:00","#2143187",0,0,0,0,"2026-08-27 10:00:00",1,1499,1427.62,2,,,,
"2026-08-28 10:00:00","#2143160",0,0,0,0,"2026-08-27 10:00:00",1,1699,1618.1,2,,,,
"2026-08-28 10:00:00","#2143150",0,0,0,0,"2026-08-27 10:00:00",1,1499,1427.62,2,,,,
"2026-08-28 10:00:00","#2143214",0,0,0,0,"2026-08-27 10:00:00",1,1767,1570.48,1,,,,
"2026-08-28 10:00:00","#2143224",0,0,0,0,"2026-08-27 10:00:00",1,1499,1427.62,2,,,,
"2026-08-28 10:00:00","#2143146",0,0,0,0,"2026-08-27 10:00:00",1,2567,2332.38,2,,,,
"2026-08-28 10:00:00","#2143176",0,0,0,0,"2026-08-27 10:00:00",1,1699,1618.1,2,,,,
"2026-08-28 10:00:00","#2143232",0,0,0,0,"2026-08-27 10:00:00",1,3116,2855.24,5,,,,
"2026-08-28 10:00:00","#2143168",0,0,0,0,"2026-08-27 10:00:00",1,1367.1,1302,1,,,,
"2026-08-28 10:00:00","#2143204",0,0,0,0,"2026-08-27 10:00:00",1,1699,1618.1,2,,,,
"2026-08-28 10:00:00","#2143123",0,0,0,0,"2026-08-27 10:00:00",1,1599,1522.86,1,,,,
"2026-08-28 10:00:00","#2143218",0,0,0,0,"2026-08-27 10:00:00",1,1817,1618.1,2,,,,
"2026-08-28 11:00:00","#2143319",0,0,0,0,"2026-08-27 11:00:00",1,1898,1807.62,4,,,,
"2026-08-28 11:00:00","#2143379",0,0,0,0,"2026-08-27 11:00:00",1,2499,2380,3,,,,
"2026-08-28 11:00:00","#2143345",0,0,0,0,"2026-08-27 11:00:00",1,2054,1956.19,2,,,,
"2026-08-28 11:00:00","#2143280",0,0,0,0,"2026-08-27 11:00:00",1,1584,1508.57,1,,,,
"2026-08-28 11:00:00","#2143286",0,0,0,0,"2026-08-27 11:00:00",1,1982,1887.62,3,,,,
"2026-08-28 11:00:00","#2143298",0,0,0,0,"2026-08-27 11:00:00",1,1599,1522.86,1,,,,
"2026-08-28 11:00:00","#2143290",0,0,0,0,"2026-08-27 11:00:00",1,2689,2560.95,5,,,,
"2026-08-28 11:00:00","#2143259",0,0,0,0,"2026-08-27 11:00:00",1,580,552.38,1,,,,
"2026-08-28 11:00:00","#2143269",0,0,0,0,"2026-08-27 11:00:00",1,1267,1094.29,1,,,,
"2026-08-28 11:00:00","#2143306",0,0,0,0,"2026-08-27 11:00:00",1,2608,2483.81,3,,,,
"2026-08-28 11:00:00","#2143318",0,0,0,0,"2026-08-27 11:00:00",1,2800,2666.67,4,,,,
"2026-08-28 11:00:00","#2143277",0,0,0,0,"2026-08-27 11:00:00",1,1617,1427.62,2,,,,
"2026-08-28 11:00:00","#2143247",0,0,0,0,"2026-08-27 11:00:00",1,1617,1427.62,1,,,,
"2026-08-28 11:00:00","#2143328",0,0,0,0,"2026-08-27 11:00:00",1,2183,2079.05,3,,,,
"2026-08-28 11:00:00","#2143383",0,0,0,0,"2026-08-27 11:00:00",1,1499,1427.62,2,,,,
"2026-08-28 11:00:00","#2143354",0,0,0,0,"2026-08-27 11:00:00",1,1499,1427.62,2,,,,
"2026-08-28 11:00:00","#2143342",0,0,0,0,"2026-08-27 11:00:00",1,2198,2093.34,4,,,,
"2026-08-28 11:00:00","#2143372",0,0,0,0,"2026-08-27 11:00:00",1,1228,1057.14,1,,,,
"2026-08-28 11:00:00","#2143281",0,0,0,0,"2026-08-27 11:00:00",1,2648,2521.9,3,,,,
"2026-08-28 11:00:00","#2143327",0,0,0,0,"2026-08-27 11:00:00",1,1499,1427.62,2,,,,
"2026-08-28 11:00:00","#2143248",0,0,0,0,"2026-08-27 11:00:00",1,3989,3799.04,7,,,,
"2026-08-28 11:00:00","#2143278",0,0,0,0,"2026-08-27 11:00:00",1,1699,1618.1,2,,,,
"2026-08-28 11:00:00","#2143317",0,0,0,0,"2026-08-27 11:00:00",1,1499,1427.62,2,,,,
"2026-08-28 11:00:00","#2143309",0,0,0,0,"2026-08-27 11:00:00",1,1999,1903.81,2,,,,
"2026-08-28 11:00:00","#2143266",0,0,0,0,"2026-08-27 11:00:00",1,1499,1427.62,1,,,,
"2026-08-28 11:00:00","#2143256",0,0,0,0,"2026-08-27 11:00:00",1,1848,1760,3,,,,
"2026-08-28 11:00:00","#2143339",0,0,0,0,"2026-08-27 11:00:00",1,1399,1332.38,1,,,,
"2026-08-28 11:00:00","#2143331",0,0,0,0,"2026-08-27 11:00:00",1,1998,1902.86,4,,,,
"2026-08-28 11:00:00","#2143270",0,0,0,0,"2026-08-27 11:00:00",1,3167,3016.19,5,,,,
"2026-08-28 11:00:00","#2143297",0,0,0,0,"2026-08-27 11:00:00",1,1717,1522.86,1,,,,
"2026-08-28 11:00:00","#2143289",0,0,0,0,"2026-08-27 11:00:00",1,2998,2855.24,4,,,,
"2026-08-28 11:00:00","#2143353",0,0,0,0,"2026-08-27 11:00:00",1,3198,3045.71,5,,,,
"2026-08-28 11:00:00","#2143363",0,0,0,0,"2026-08-27 11:00:00",1,2286.24,2177.37,3,,,,
"2026-08-28 11:00:00","#2143384",0,0,0,0,"2026-08-27 11:00:00",1,1499,1427.62,2,,,,
"2026-08-28 11:00:00","#2143320",0,0,0,0,"2026-08-27 11:00:00",1,1699,1618.1,2,,,,
"2026-08-28 11:00:00","#2143251",0,0,0,0,"2026-08-27 11:00:00",1,3898,3712.38,6,,,,
"2026-08-28 11:00:00","#2143261",0,0,0,0,"2026-08-27 11:00:00",1,891.9,849.43,1,,,,
"2026-08-28 11:00:00","#2143316",0,0,0,0,"2026-08-27 11:00:00",1,1998,1902.86,4,,,,
"2026-08-28 11:00:00","#2143279",0,0,0,0,"2026-08-27 11:00:00",1,1499,1427.62,1,,,,
"2026-08-28 11:00:00","#2143249",0,0,0,0,"2026-08-27 11:00:00",1,1998,1902.86,4,,,,
"2026-08-28 11:00:00","#2143326",0,0,0,0,"2026-08-27 11:00:00",1,991,943.81,1,,,,
"2026-08-28 11:00:00","#2143338",0,0,0,0,"2026-08-27 11:00:00",1,1617,1427.62,2,,,,
"2026-08-28 11:00:00","#2143257",0,0,0,0,"2026-08-27 11:00:00",1,1499,1427.62,2,,,,
"2026-08-28 11:00:00","#2143267",0,0,0,0,"2026-08-27 11:00:00",1,1499,1427.62,2,,,,
"2026-08-28 11:00:00","#2143308",0,0,0,0,"2026-08-27 11:00:00",1,1699,1618.1,2,,,,
"2026-08-28 11:00:00","#2143330",0,0,0,0,"2026-08-27 11:00:00",1,2916,2664.76,3,,,,
"2026-08-28 11:00:00","#2143300",0,0,0,0,"2026-08-27 11:00:00",1,1499,1427.62,2,,,,
"2026-08-28 11:00:00","#2143271",0,0,0,0,"2026-08-27 11:00:00",1,1817,1618.1,2,,,,
"2026-08-28 11:00:00","#2143296",0,0,0,0,"2026-08-27 11:00:00",1,1862.1,1773.43,2,,,,
"2026-08-28 11:00:00","#2143288",0,0,0,0,"2026-08-27 11:00:00",1,702,668.57,1,,,,
"2026-08-28 11:00:00","#2143362",0,0,0,0,"2026-08-27 11:00:00",1,3016,2760,5,,,,
"2026-08-28 11:00:00","#2143352",0,0,0,0,"2026-08-27 11:00:00",1,3048,2902.86,4,,,,
"2026-08-28 11:00:00","#2143385",0,0,0,0,"2026-08-27 11:00:00",1,1499,1427.62,1,,,,
"2026-08-28 11:00:00","#2143374",0,0,0,0,"2026-08-27 11:00:00",1,1699,1618.1,2,,,,
"2026-08-28 11:00:00","#2143311",0,0,0,0,"2026-08-27 11:00:00",1,1499,1427.62,2,,,,
"2026-08-28 11:00:00","#2143260",0,0,0,0,"2026-08-27 11:00:00",1,2069,1970.48,2,,,,
"2026-08-28 11:00:00","#2143250",0,0,0,0,"2026-08-27 11:00:00",1,1999,1903.81,2,,,,
"2026-08-28 11:00:00","#2143299",0,0,0,0,"2026-08-27 11:00:00",1,2028,1931.43,3,,,,
"2026-08-28 11:00:00","#2143291",0,0,0,0,"2026-08-27 11:00:00",1,3398,3236.19,6,,,,
"2026-08-28 11:00:00","#2143307",0,0,0,0,"2026-08-27 11:00:00",1,4895,4661.9,9,,,,
"2026-08-28 11:00:00","#2143268",0,0,0,0,"2026-08-27 11:00:00",1,1817,1618.1,1,,,,
"2026-08-28 11:00:00","#2143258",0,0,0,0,"2026-08-27 11:00:00",1,3198,3045.71,6,,,,
"2026-08-28 11:00:00","#2143337",0,0,0,0,"2026-08-27 11:00:00",1,1399,1332.38,2,,,,
"2026-08-28 11:00:00","#2143329",0,0,0,0,"2026-08-27 11:00:00",1,1499,1427.62,2,,,,
"2026-08-28 11:00:00","#2143246",0,0,0,0,"2026-08-27 11:00:00",1,0,0,1,,,,
"2026-08-28 11:00:00","#2143276",0,0,0,0,"2026-08-27 11:00:00",1,1559,1458.29,3,,,,
"2026-08-28 11:00:00","#2143310",0,0,0,0,"2026-08-27 11:00:00",1,1499,1427.62,2,,,,
"2026-08-28 11:00:00","#2143375",0,0,0,0,"2026-08-27 11:00:00",1,2248,2140.95,3,,,,
"2026-08-28 11:00:00","#2143355",0,0,0,0,"2026-08-27 11:00:00",1,1699,1618.1,2,,,,
"2026-08-28 11:00:00","#2143365",0,0,0,0,"2026-08-27 11:00:00",1,1499,1427.62,1,,,,
"2026-08-28 11:00:00","#2143373",0,0,0,0,"2026-08-27 11:00:00",1,1107,1054.29,1,,,,
"2026-08-28 11:00:00","#2143282",0,0,0,0,"2026-08-27 11:00:00",1,1499,1427.62,2,,,,
"2026-08-28 11:00:00","#2143265",0,0,0,0,"2026-08-27 11:00:00",1,1499,1427.62,2,,,,
"2026-08-28 11:00:00","#2143255",0,0,0,0,"2026-08-27 11:00:00",1,1898,1807.62,4,,,,
"2026-08-28 11:00:00","#2143324",0,0,0,0,"2026-08-27 11:00:00",1,2898,2760,5,,,,
"2026-08-28 11:00:00","#2143314",0,0,0,0,"2026-08-27 11:00:00",1,2883,2745.71,4,,,,
"2026-08-28 11:00:00","#2143243",0,0,0,0,"2026-08-27 11:00:00",1,1699,1618.1,1,,,,
"2026-08-28 11:00:00","#2143273",0,0,0,0,"2026-08-27 11:00:00",1,2098,1998.1,3,,,,
"2026-08-28 11:00:00","#2143302",0,0,0,0,"2026-08-27 11:00:00",1,2069,1970.48,2,,,,
"2026-08-28 11:00:00","#2143332",0,0,0,0,"2026-08-27 11:00:00",1,1817,1618.1,2,,,,
"2026-08-28 11:00:00","#2143294",0,0,0,0,"2026-08-27 11:00:00",1,3948,3760,6,,,,
"2026-08-28 11:00:00","#2143350",0,0,0,0,"2026-08-27 11:00:00",1,549,522.86,1,,,,
"2026-08-28 11:00:00","#2143360",0,0,0,0,"2026-08-27 11:00:00",1,1399,1332.38,1,,,,
"2026-08-28 11:00:00","#2143376",0,0,0,0,"2026-08-27 11:00:00",1,1499,1427.62,2,,,,
"2026-08-28 11:00:00","#2143346",0,0,0,0,"2026-08-27 11:00:00",1,1815,1728.57,2,,,,
"2026-08-28 11:00:00","#2143358",0,0,0,0,"2026-08-27 11:00:00",1,1349,1284.76,1,,,,
"2026-08-28 11:00:00","#2143368",0,0,0,0,"2026-08-27 11:00:00",1,1617,1427.62,2,,,,
"2026-08-28 11:00:00","#2143252",0,0,0,0,"2026-08-27 11:00:00",1,2717,2475.24,2,,,,
"2026-08-28 11:00:00","#2143262",0,0,0,0,"2026-08-27 11:00:00",1,1499,1427.62,2,,,,
"2026-08-28 11:00:00","#2143313",0,0,0,0,"2026-08-27 11:00:00",1,1499,1427.62,2,,,,
"2026-08-28 11:00:00","#2143323",0,0,0,0,"2026-08-27 11:00:00",1,1817,1618.1,2,,,,
"2026-08-28 11:00:00","#2143285",0,0,0,0,"2026-08-27 11:00:00",1,1399,1332.38,1,,,,
"2026-08-28 11:00:00","#2143293",0,0,0,0,"2026-08-27 11:00:00",1,1699,1618.1,2,,,,
"2026-08-28 11:00:00","#2143244",0,0,0,0,"2026-08-27 11:00:00",1,1499,1427.62,2,,,,
"2026-08-28 11:00:00","#2143335",0,0,0,0,"2026-08-27 11:00:00",1,1599,1522.86,1,,,,
"2026-08-28 11:00:00","#2143305",0,0,0,0,"2026-08-27 11:00:00",1,2449,2332.38,2,,,,
"2026-08-28 11:00:00","#2143380",0,0,0,0,"2026-08-27 11:00:00",1,1699,1618.1,2,,,,
"2026-08-28 11:00:00","#2143367",0,0,0,0,"2026-08-27 11:00:00",1,1499,1427.62,2,,,,
"2026-08-28 11:00:00","#2143347",0,0,0,0,"2026-08-27 11:00:00",1,2349,2237.14,2,,,,
"2026-08-28 11:00:00","#2143377",0,0,0,0,"2026-08-27 11:00:00",1,2998,2855.24,4,,,,
"2026-08-28 11:00:00","#2143359",0,0,0,0,"2026-08-27 11:00:00",1,899,856.19,1,,,,
"2026-08-28 11:00:00","#2143341",0,0,0,0,"2026-08-27 11:00:00",1,1809,1722.86,2,,,,
"2026-08-28 11:00:00","#2143263",0,0,0,0,"2026-08-27 11:00:00",1,1649,1570.48,1,,,,
"2026-08-28 11:00:00","#2143322",0,0,0,0,"2026-08-27 11:00:00",1,3198,3045.72,4,,,,
"2026-08-28 11:00:00","#2143312",0,0,0,0,"2026-08-27 11:00:00",1,1109,943.81,1,,,,
"2026-08-28 11:00:00","#2143284",0,0,0,0,"2026-08-27 11:00:00",1,1499,1427.62,1,,,,
"2026-08-28 11:00:00","#2143292",0,0,0,0,"2026-08-27 11:00:00",1,256,216.94,1,,,,
"2026-08-28 11:00:00","#2143245",0,0,0,0,"2026-08-27 11:00:00",1,1898,1807.62,4,,,,
"2026-08-28 11:00:00","#2143275",0,0,0,0,"2026-08-27 11:00:00",1,3568,3398.1,5,,,,
"2026-08-28 11:00:00","#2143304",0,0,0,0,"2026-08-27 11:00:00",1,1499,1427.62,2,,,,
"2026-08-28 11:00:00","#2143334",0,0,0,0,"2026-08-27 11:00:00",1,1499,1427.62,2,,,,
"2026-08-28 11:00:00","#2143381",0,0,0,0,"2026-08-27 11:00:00",1,1433,1364.76,1,,,,
"2026-08-28 11:00:00","#2143356",0,0,0,0,"2026-08-27 11:00:00",1,2998,2855.24,6,,,,
"2026-08-28 11:00:00","#2143366",0,0,0,0,"2026-08-27 11:00:00",1,2808,2674.29,4,,,,
"2026-08-28 11:00:00","#2143378",0,0,0,0,"2026-08-27 11:00:00",1,1499,1427.62,2,,,,
"2026-08-28 11:00:00","#2143348",0,0,0,0,"2026-08-27 11:00:00",1,1499,1427.62,2,,,,
"2026-08-28 11:00:00","#2143370",0,0,0,0,"2026-08-27 11:00:00",1,1499,1427.62,2,,,,
"2026-08-28 11:00:00","#2143340",0,0,0,0,"2026-08-27 11:00:00",1,1617,1427.62,1,,,,
"2026-08-28 11:00:00","#2143283",0,0,0,0,"2026-08-27 11:00:00",1,1699,1618.1,2,,,,
"2026-08-28 11:00:00","#2143254",0,0,0,0,"2026-08-27 11:00:00",1,3098,2950.48,5,,,,
"2026-08-28 11:00:00","#2143264",0,0,0,0,"2026-08-27 11:00:00",1,1663.2,1584,2,,,,
"2026-08-28 11:00:00","#2143315",0,0,0,0,"2026-08-27 11:00:00",1,991,943.8,1,,,,
"2026-08-28 11:00:00","#2143325",0,0,0,0,"2026-08-27 11:00:00",1,1499,1427.62,2,,,,
"2026-08-28 11:00:00","#2143272",0,0,0,0,"2026-08-27 11:00:00",1,1349.1,1284.86,1,,,,
"2026-08-28 11:00:00","#2143242",0,0,0,0,"2026-08-27 11:00:00",1,3018,2874.29,4,,,,
"2026-08-28 11:00:00","#2143333",0,0,0,0,"2026-08-27 11:00:00",1,0,0,1,,,,
"2026-08-28 11:00:00","#2143303",0,0,0,0,"2026-08-27 11:00:00",1,1157,989.52,1,,,,
"2026-08-28 11:00:00","#2143295",0,0,0,0,"2026-08-27 11:00:00",1,3016,2760,5,,,,
"2026-08-28 11:00:00","#2143361",0,0,0,0,"2026-08-27 11:00:00",1,2256,2036.2,3,,,,
"2026-08-28 11:00:00","#2143386",0,0,0,0,"2026-08-27 11:00:00",1,1061.1,1010.58,1,,,,
"2026-08-28 11:00:00","#2143357",0,0,0,0,"2026-08-27 11:00:00",1,1499,1427.62,1,,,,
"2026-08-28 11:00:00","#2143349",0,0,0,0,"2026-08-27 11:00:00",1,1699,1618.1,2,,,,
"2026-08-28 11:00:00","#2143382",0,0,0,0,"2026-08-27 11:00:00",1,2998,2855.24,6,,,,
"2026-08-28 12:00:00","#2143451",0,0,0,0,"2026-08-27 12:00:00",1,1599,1522.86,1,,,,
"2026-08-28 12:00:00","#2143571",0,0,0,0,"2026-08-27 12:00:00",1,1499,1427.62,2,,,,
"2026-08-28 12:00:00","#2143404",0,0,0,0,"2026-08-27 12:00:00",1,1499,1427.62,1,,,,
"2026-08-28 12:00:00","#2143434",0,0,0,0,"2026-08-27 12:00:00",1,1517,1332.38,1,,,,
"2026-08-28 12:00:00","#2143414",0,0,0,0,"2026-08-27 12:00:00",1,1817,1618.1,1,,,,
"2026-08-28 12:00:00","#2143565",0,0,0,0,"2026-08-27 12:00:00",1,3148,2998.1,5,,,,
"2026-08-28 12:00:00","#2143555",0,0,0,0,"2026-08-27 12:00:00",1,1079,1027.62,1,,,,
"2026-08-28 12:00:00","#2143393",0,0,0,0,"2026-08-27 12:00:00",1,1399,1332.38,2,,,,
"2026-08-28 12:00:00","#2143537",0,0,0,0,"2026-08-27 12:00:00",1,2297,2187.62,5,,,,
"2026-08-28 12:00:00","#2143458",0,0,0,0,"2026-08-27 12:00:00",1,1916,1824.76,2,,,,
"2026-08-28 12:00:00","#2143468",0,0,0,0,"2026-08-27 12:00:00",1,1699,1618.1,1,,,,
"2026-08-28 12:00:00","#2143507",0,0,0,0,"2026-08-27 12:00:00",1,1499,1427.62,1,,,,
"2026-08-28 12:00:00","#2143519",0,0,0,0,"2026-08-27 12:00:00",1,1617,1427.62,1,,,,
"2026-08-28 12:00:00","#2143476",0,0,0,0,"2026-08-27 12:00:00",1,1919,1827.62,2,,,,
"2026-08-28 12:00:00","#2143446",0,0,0,0,"2026-08-27 12:00:00",1,1259.1,1199.14,1,,,,
"2026-08-28 12:00:00","#2143529",0,0,0,0,"2026-08-27 12:00:00",1,1499,1427.62,1,,,,
"2026-08-28 12:00:00","#2143491",0,0,0,0,"2026-08-27 12:00:00",1,2149,2046.66,2,,,,
"2026-08-28 12:00:00","#2143487",0,0,0,0,"2026-08-27 12:00:00",1,1897,1806.67,5,,,,
"2026-08-28 12:00:00","#2143499",0,0,0,0,"2026-08-27 12:00:00",1,0,0,1,,,,
"2026-08-28 12:00:00","#2143511",0,0,0,0,"2026-08-27 12:00:00",1,1727,1644.76,1,,,,
"2026-08-28 12:00:00","#2143521",0,0,0,0,"2026-08-27 12:00:00",1,1499,1427.62,2,,,,
"2026-08-28 12:00:00","#2143450",0,0,0,0,"2026-08-27 12:00:00",1,1817,1618.1,2,,,,
"2026-08-28 12:00:00","#2143460",0,0,0,0,"2026-08-27 12:00:00",1,1499,1427.62,2,,,,
"2026-08-28 12:00:00","#2143405",0,0,0,0,"2026-08-27 12:00:00",1,971.1,924.86,1,,,,
"2026-08-28 12:00:00","#2143394",0,0,0,0,"2026-08-27 12:00:00",1,1998,1902.86,4,,,,
"2026-08-28 12:00:00","#2143413",0,0,0,0,"2026-08-27 12:00:00",1,2116,1902.86,4,,,,
"2026-08-28 12:00:00","#2143423",0,0,0,0,"2026-08-27 12:00:00",1,3198,3045.71,5,,,,
"2026-08-28 12:00:00","#2143552",0,0,0,0,"2026-08-27 12:00:00",1,1898,1807.62,4,,,,
"2026-08-28 12:00:00","#2143562",0,0,0,0,"2026-08-27 12:00:00",1,1499,1427.62,2,,,,
"2026-08-28 12:00:00","#2143496",0,0,0,0,"2026-08-27 12:00:00",1,2069,1970.48,2,,,,
"2026-08-28 12:00:00","#2143488",0,0,0,0,"2026-08-27 12:00:00",1,1647,1456.19,1,,,,
"2026-08-28 12:00:00","#2143500",0,0,0,0,"2026-08-27 12:00:00",1,1599,1522.86,1,,,,
"2026-08-28 12:00:00","#2143530",0,0,0,0,"2026-08-27 12:00:00",1,1617,1427.62,2,,,,
"2026-08-28 12:00:00","#2143441",0,0,0,0,"2026-08-27 12:00:00",1,1699,1618.1,2,,,,
"2026-08-28 12:00:00","#2143471",0,0,0,0,"2026-08-27 12:00:00",1,724,689.52,1,,,,
"2026-08-28 12:00:00","#2143526",0,0,0,0,"2026-08-27 12:00:00",1,2098,1998.1,3,,,,
"2026-08-28 12:00:00","#2143449",0,0,0,0,"2026-08-27 12:00:00",1,1684,1603.81,1,,,,
"2026-08-28 12:00:00","#2143479",0,0,0,0,"2026-08-27 12:00:00",1,1499,1427.62,2,,,,
"2026-08-28 12:00:00","#2143516",0,0,0,0,"2026-08-27 12:00:00",1,2069,1970.48,2,,,,
"2026-08-28 12:00:00","#2143467",0,0,0,0,"2026-08-27 12:00:00",1,1699,1618.1,2,,,,
"2026-08-28 12:00:00","#2143457",0,0,0,0,"2026-08-27 12:00:00",1,899,856.19,1,,,,
"2026-08-28 12:00:00","#2143538",0,0,0,0,"2026-08-27 12:00:00",1,1848,1760,4,,,,
"2026-08-28 12:00:00","#2143432",0,0,0,0,"2026-08-27 12:00:00",1,2198,2093.33,4,,,,
"2026-08-28 12:00:00","#2143543",0,0,0,0,"2026-08-27 12:00:00",1,2069,1970.48,2,,,,
"2026-08-28 12:00:00","#2143424",0,0,0,0,"2026-08-27 12:00:00",1,2968.2,2826.86,4,,,,
"2026-08-28 12:00:00","#2143545",0,0,0,0,"2026-08-27 12:00:00",1,1699,1618.1,2,,,,
"2026-08-28 12:00:00","#2143395",0,0,0,0,"2026-08-27 12:00:00",1,2716,2474.28,4,,,,
"2026-08-28 12:00:00","#2143422",0,0,0,0,"2026-08-27 12:00:00",1,1519,1446.67,1,,,,
"2026-08-28 12:00:00","#2143412",0,0,0,0,"2026-08-27 12:00:00",1,1499,1427.62,2,,,,
"2026-08-28 12:00:00","#2143563",0,0,0,0,"2026-08-27 12:00:00",1,2187,1970.48,2,,,,
"2026-08-28 12:00:00","#2143553",0,0,0,0,"2026-08-27 12:00:00",1,1499,1427.62,1,,,,
"2026-08-28 12:00:00","#2143497",0,0,0,0,"2026-08-27 12:00:00",1,1637,1446.66,1,,,,
"2026-08-28 12:00:00","#2143489",0,0,0,0,"2026-08-27 12:00:00",1,1662,1582.86,2,,,,
"2026-08-28 12:00:00","#2143501",0,0,0,0,"2026-08-27 12:00:00",1,1817,1618.1,2,,,,
"2026-08-28 12:00:00","#2143470",0,0,0,0,"2026-08-27 12:00:00",1,1617,1427.62,2,,,,
"2026-08-28 12:00:00","#2143440",0,0,0,0,"2026-08-27 12:00:00",1,2187,1970.48,2,,,,
"2026-08-28 12:00:00","#2143517",0,0,0,0,"2026-08-27 12:00:00",1,1499,1427.62,2,,,,
"2026-08-28 12:00:00","#2143448",0,0,0,0,"2026-08-27 12:00:00",1,1484,1413.33,1,,,,
"2026-08-28 12:00:00","#2143527",0,0,0,0,"2026-08-27 12:00:00",1,1817,1618.1,2,,,,
"2026-08-28 12:00:00","#2143539",0,0,0,0,"2026-08-27 12:00:00",1,2448,2331.43,3,,,,
"2026-08-28 12:00:00","#2143456",0,0,0,0,"2026-08-27 12:00:00",1,1998,1902.86,4,,,,
"2026-08-28 12:00:00","#2143466",0,0,0,0,"2026-08-27 12:00:00",1,2069,1970.48,2,,,,
"2026-08-28 12:00:00","#2143509",0,0,0,0,"2026-08-27 12:00:00",1,1499,1427.62,2,,,,
"2026-08-28 12:00:00","#2143481",0,0,0,0,"2026-08-27 12:00:00",1,2398,2283.8,3,,,,
"2026-08-28 12:00:00","#2143433",0,0,0,0,"2026-08-27 12:00:00",1,3083,2936.2,4,,,,
"2026-08-28 12:00:00","#2143403",0,0,0,0,"2026-08-27 12:00:00",1,1499,1427.62,2,,,,
"2026-08-28 12:00:00","#2143542",0,0,0,0,"2026-08-27 12:00:00",1,1912,1708.57,2,,,,
"2026-08-28 12:00:00","#2143415",0,0,0,0,"2026-08-27 12:00:00",1,1499,1427.62,1,,,,
"2026-08-28 12:00:00","#2143425",0,0,0,0,"2026-08-27 12:00:00",1,1799.1,1713.42,2,,,,
"2026-08-28 12:00:00","#2143554",0,0,0,0,"2026-08-27 12:00:00",1,1684,1603.81,1,,,,
"2026-08-28 12:00:00","#2143564",0,0,0,0,"2026-08-27 12:00:00",1,1484,1413.33,1,,,,
"2026-08-28 12:00:00","#2143392",0,0,0,0,"2026-08-27 12:00:00",1,4497,4282.86,6,,,,
"2026-08-28 12:00:00","#2143506",0,0,0,0,"2026-08-27 12:00:00",1,1548,1474.29,2,,,,
"2026-08-28 12:00:00","#2143469",0,0,0,0,"2026-08-27 12:00:00",1,2066,1855.24,4,,,,
"2026-08-28 12:00:00","#2143459",0,0,0,0,"2026-08-27 12:00:00",1,1499,1427.62,2,,,,
"2026-08-28 12:00:00","#2143536",0,0,0,0,"2026-08-27 12:00:00",1,1949,1856.19,2,,,,
"2026-08-28 12:00:00","#2143447",0,0,0,0,"2026-08-27 12:00:00",1,899,856.19,1,,,,
"2026-08-28 12:00:00","#2143518",0,0,0,0,"2026-08-27 12:00:00",1,1517,1332.38,1,,,,
"2026-08-28 12:00:00","#2143490",0,0,0,0,"2026-08-27 12:00:00",1,3116,2855.24,5,,,,
"2026-08-28 12:00:00","#2143486",0,0,0,0,"2026-08-27 12:00:00",1,4267,4063.81,7,,,,
"2026-08-28 12:00:00","#2143520",0,0,0,0,"2026-08-27 12:00:00",1,1259.1,1199.14,1,,,,
"2026-08-28 12:00:00","#2143510",0,0,0,0,"2026-08-27 12:00:00",1,1517,1332.38,1,,,,
"2026-08-28 12:00:00","#2143461",0,0,0,0,"2026-08-27 12:00:00",1,1499,1427.62,2,,,,
"2026-08-28 12:00:00","#2143480",0,0,0,0,"2026-08-27 12:00:00",1,1817,1618.1,2,,,,
"2026-08-28 12:00:00","#2143418",0,0,0,0,"2026-08-27 12:00:00",1,902,859.05,1,,,,
"2026-08-28 12:00:00","#2143547",0,0,0,0,"2026-08-27 12:00:00",1,4497,4282.86,9,,,,
"2026-08-28 12:00:00","#2143428",0,0,0,0,"2026-08-27 12:00:00",1,2069,1970.48,2,,,,
"2026-08-28 12:00:00","#2143559",0,0,0,0,"2026-08-27 12:00:00",1,1499,1427.62,2,,,,
"2026-08-28 12:00:00","#2143569",0,0,0,0,"2026-08-27 12:00:00",1,1866,1664.76,2,,,,
"2026-08-28 12:00:00","#2143389",0,0,0,0,"2026-08-27 12:00:00",1,1617,1427.62,2,,,,
"2026-08-28 12:00:00","#2143397",0,0,0,0,"2026-08-27 12:00:00",1,1767,1570.48,1,,,,
"2026-08-28 12:00:00","#2143551",0,0,0,0,"2026-08-27 12:00:00",1,1648,1569.52,2,,,,
"2026-08-28 12:00:00","#2143561",0,0,0,0,"2026-08-27 12:00:00",1,1649,1570.48,1,,,,
"2026-08-28 12:00:00","#2143410",0,0,0,0,"2026-08-27 12:00:00",1,3248,3093.34,4,,,,
"2026-08-28 12:00:00","#2143420",0,0,0,0,"2026-08-27 12:00:00",1,1617,1427.62,1,,,,
"2026-08-28 12:00:00","#2143495",0,0,0,0,"2026-08-27 12:00:00",1,1867,1665.71,1,,,,
"2026-08-28 12:00:00","#2143442",0,0,0,0,"2026-08-27 12:00:00",1,1617,1427.62,1,,,,
"2026-08-28 12:00:00","#2143472",0,0,0,0,"2026-08-27 12:00:00",1,1109,943.8,1,,,,
"2026-08-28 12:00:00","#2143503",0,0,0,0,"2026-08-27 12:00:00",1,1699,1618.1,1,,,,
"2026-08-28 12:00:00","#2143533",0,0,0,0,"2026-08-27 12:00:00",1,1484.1,1413.43,1,,,,
"2026-08-28 12:00:00","#2143464",0,0,0,0,"2026-08-27 12:00:00",1,991,943.81,1,,,,
"2026-08-28 12:00:00","#2143525",0,0,0,0,"2026-08-27 12:00:00",1,1617,1427.62,2,,,,
"2026-08-28 12:00:00","#2143515",0,0,0,0,"2026-08-27 12:00:00",1,1817,1618.1,2,,,,
"2026-08-28 12:00:00","#2143483",0,0,0,0,"2026-08-27 12:00:00",1,2467,2237.14,2,,,,
"2026-08-28 12:00:00","#2143398",0,0,0,0,"2026-08-27 12:00:00",1,1207,1149.52,1,,,,
"2026-08-28 12:00:00","#2143540",0,0,0,0,"2026-08-27 12:00:00",1,1484,1413.33,1,,,,
"2026-08-28 12:00:00","#2143570",0,0,0,0,"2026-08-27 12:00:00",1,1499,1427.62,2,,,,
"2026-08-28 12:00:00","#2143401",0,0,0,0,"2026-08-27 12:00:00",1,3709,3532.38,4,,,,
"2026-08-28 12:00:00","#2143431",0,0,0,0,"2026-08-27 12:00:00",1,1499,1427.62,2,,,,
"2026-08-28 12:00:00","#2143566",0,0,0,0,"2026-08-27 12:00:00",1,1197,1027.62,1,,,,
"2026-08-28 12:00:00","#2143556",0,0,0,0,"2026-08-27 12:00:00",1,1149,1094.28,1,,,,
"2026-08-28 12:00:00","#2143439",0,0,0,0,"2026-08-27 12:00:00",1,991,943.81,1,,,,
"2026-08-28 12:00:00","#2143427",0,0,0,0,"2026-08-27 12:00:00",1,1499,1427.62,1,,,,
"2026-08-28 12:00:00","#2143417",0,0,0,0,"2026-08-27 12:00:00",1,2198,2093.33,4,,,,
"2026-08-28 12:00:00","#2143475",0,0,0,0,"2026-08-27 12:00:00",1,1817,1618.1,2,,,,
"2026-08-28 12:00:00","#2143445",0,0,0,0,"2026-08-27 12:00:00",1,1274.15,1213.48,1,,,,
"2026-08-28 12:00:00","#2143504",0,0,0,0,"2026-08-27 12:00:00",1,1499,1427.62,2,,,,
"2026-08-28 12:00:00","#2143492",0,0,0,0,"2026-08-27 12:00:00",1,1499,1427.62,1,,,,
"2026-08-28 12:00:00","#2143484",0,0,0,0,"2026-08-27 12:00:00",1,1599,1522.86,1,,,,
"2026-08-28 12:00:00","#2143453",0,0,0,0,"2026-08-27 12:00:00",1,1109,943.81,1,,,,
"2026-08-28 12:00:00","#2143463",0,0,0,0,"2026-08-27 12:00:00",1,1517,1332.38,1,,,,
"2026-08-28 12:00:00","#2143512",0,0,0,0,"2026-08-27 12:00:00",1,1499,1427.62,2,,,,
"2026-08-28 12:00:00","#2143522",0,0,0,0,"2026-08-27 12:00:00",1,1187,1018.1,1,,,,
"2026-08-28 12:00:00","#2143465",0,0,0,0,"2026-08-27 12:00:00",1,2159.1,2056.29,2,,,,
"2026-08-28 12:00:00","#2143524",0,0,0,0,"2026-08-27 12:00:00",1,1398,1331.43,2,,,,
"2026-08-28 12:00:00","#2143482",0,0,0,0,"2026-08-27 12:00:00",1,2187,1970.48,2,,,,
"2026-08-28 12:00:00","#2143541",0,0,0,0,"2026-08-27 12:00:00",1,2198,2093.33,3,,,,
"2026-08-28 12:00:00","#2143430",0,0,0,0,"2026-08-27 12:00:00",1,1499,1427.62,2,,,,
"2026-08-28 12:00:00","#2143400",0,0,0,0,"2026-08-27 12:00:00",1,2883,2745.72,4,,,,
"2026-08-28 12:00:00","#2143438",0,0,0,0,"2026-08-27 12:00:00",1,2498,2379.04,3,,,,
"2026-08-28 12:00:00","#2143557",0,0,0,0,"2026-08-27 12:00:00",1,1617,1422,2,,,,
"2026-08-28 12:00:00","#2143567",0,0,0,0,"2026-08-27 12:00:00",1,1699,1618.1,2,,,,
"2026-08-28 12:00:00","#2143408",0,0,0,0,"2026-08-27 12:00:00",1,1187,1018.1,1,,,,
"2026-08-28 12:00:00","#2143416",0,0,0,0,"2026-08-27 12:00:00",1,3848,3664.76,6,,,,
"2026-08-28 12:00:00","#2143549",0,0,0,0,"2026-08-27 12:00:00",1,1971,1877.14,3,,,,
"2026-08-28 12:00:00","#2143426",0,0,0,0,"2026-08-27 12:00:00",1,1809,1722.86,2,,,,
"2026-08-28 12:00:00","#2143391",0,0,0,0,"2026-08-27 12:00:00",1,2567,2332.38,2,,,,
"2026-08-28 12:00:00","#2143444",0,0,0,0,"2026-08-27 12:00:00",1,1699,1618.1,2,,,,
"2026-08-28 12:00:00","#2143474",0,0,0,0,"2026-08-27 12:00:00",1,1614.05,1537.19,1,,,,
"2026-08-28 12:00:00","#2143505",0,0,0,0,"2026-08-27 12:00:00",1,4167,3968.57,7,,,,
"2026-08-28 12:00:00","#2143535",0,0,0,0,"2026-08-27 12:00:00",1,699,665.72,1,,,,
"2026-08-28 12:00:00","#2143493",0,0,0,0,"2026-08-27 12:00:00",1,2616,2274.23,3,,,,
"2026-08-28 12:00:00","#2143485",0,0,0,0,"2026-08-27 12:00:00",1,1849,1760.95,2,,,,
"2026-08-28 12:00:00","#2143462",0,0,0,0,"2026-08-27 12:00:00",1,0,0,1,,,,
"2026-08-28 12:00:00","#2143452",0,0,0,0,"2026-08-27 12:00:00",1,1599,1522.86,1,,,,
"2026-08-28 12:00:00","#2143523",0,0,0,0,"2026-08-27 12:00:00",1,1499,1427.62,2,,,,
"2026-08-28 12:00:00","#2143513",0,0,0,0,"2026-08-27 12:00:00",1,2069,1970.48,2,,,,
"2026-08-28 12:00:00","#2143546",0,0,0,0,"2026-08-27 12:00:00",1,2069,1970.48,2,,,,
"2026-08-28 12:00:00","#2143419",0,0,0,0,"2026-08-27 12:00:00",1,1499,1427.62,2,,,,
"2026-08-28 12:00:00","#2143407",0,0,0,0,"2026-08-27 12:00:00",1,1499,1427.62,1,,,,
"2026-08-28 12:00:00","#2143568",0,0,0,0,"2026-08-27 12:00:00",1,1499,1427.62,2,,,,
"2026-08-28 12:00:00","#2143558",0,0,0,0,"2026-08-27 12:00:00",1,1998,1902.86,4,,,,
"2026-08-28 12:00:00","#2143437",0,0,0,0,"2026-08-27 12:00:00",1,1898,1807.62,4,,,,
"2026-08-28 12:00:00","#2143388",0,0,0,0,"2026-08-27 12:00:00",1,1933,1840.95,3,,,,
"2026-08-28 12:00:00","#2143396",0,0,0,0,"2026-08-27 12:00:00",1,1917.1,1713.43,2,,,,
"2026-08-28 12:00:00","#2143560",0,0,0,0,"2026-08-27 12:00:00",1,2499,2380,3,,,,
"2026-08-28 12:00:00","#2143550",0,0,0,0,"2026-08-27 12:00:00",1,3348,3188.57,4,,,,
"2026-08-28 12:00:00","#2143421",0,0,0,0,"2026-08-27 12:00:00",1,1717,1522.86,1,,,,
"2026-08-28 12:00:00","#2143411",0,0,0,0,"2026-08-27 12:00:00",1,1699,1618.1,1,,,,
"2026-08-28 12:00:00","#2143494",0,0,0,0,"2026-08-27 12:00:00",1,3499,3332.38,3,,,,
"2026-08-28 12:00:00","#2143473",0,0,0,0,"2026-08-27 12:00:00",1,2069,1970.48,2,,,,
"2026-08-28 12:00:00","#2143532",0,0,0,0,"2026-08-27 12:00:00",1,1948,1855.24,3,,,,
"2026-08-28 12:00:00","#2143502",0,0,0,0,"2026-08-27 12:00:00",1,1817,1618.1,2,,,,
"2026-08-28 12:00:00","#2143399",0,0,0,0,"2026-08-27 12:00:00",1,499,475.24,1,,,,
"2026-08-28 12:00:00","#2143387",0,0,0,0,"2026-08-27 12:00:00",1,2181,2077.14,4,,,,
"2026-08-28 12:00:00","#2143402",0,0,0,0,"2026-08-27 12:00:00",1,1637,1446.66,1,,,,
"2026-08-28 13:00:00","#2143603",0,0,0,0,"2026-08-27 13:00:00",1,1699,1618.1,2,,,,
"2026-08-28 13:00:00","#2143652",0,0,0,0,"2026-08-27 13:00:00",1,1329.05,1265.77,1,,,,
"2026-08-28 13:00:00","#2143577",0,0,0,0,"2026-08-27 13:00:00",1,1399,1332.38,1,,,,
"2026-08-28 13:00:00","#2143590",0,0,0,0,"2026-08-27 13:00:00",1,1149,1094.28,1,,,,
"2026-08-28 13:00:00","#2143586",0,0,0,0,"2026-08-27 13:00:00",1,1499,1427.62,2,,,,
"2026-08-28 13:00:00","#2143625",0,0,0,0,"2026-08-27 13:00:00",1,1399,1332.38,2,,,,
"2026-08-28 13:00:00","#2143615",0,0,0,0,"2026-08-27 13:00:00",1,1817,1618.1,2,,,,
"2026-08-28 13:00:00","#2143659",0,0,0,0,"2026-08-27 13:00:00",1,1817,1618.1,2,,,,
"2026-08-28 13:00:00","#2143706",0,0,0,0,"2026-08-27 13:00:00",1,2069,1970.48,2,,,,
"2026-08-28 13:00:00","#2143669",0,0,0,0,"2026-08-27 13:00:00",1,1617,1427.62,1,,,,
"2026-08-28 13:00:00","#2143677",0,0,0,0,"2026-08-27 13:00:00",1,1848,1760,3,,,,
"2026-08-28 13:00:00","#2143647",0,0,0,0,"2026-08-27 13:00:00",1,1848,1760,3,,,,
"2026-08-28 13:00:00","#2143710",0,0,0,0,"2026-08-27 13:00:00",1,2187,1970.48,2,,,,
"2026-08-28 13:00:00","#2143661",0,0,0,0,"2026-08-27 13:00:00",1,1948,1855.24,4,,,,
"2026-08-28 13:00:00","#2143686",0,0,0,0,"2026-08-27 13:00:00",1,3398,3236.19,6,,,,
"2026-08-28 13:00:00","#2143698",0,0,0,0,"2026-08-27 13:00:00",1,1499,1427.62,2,,,,
"2026-08-28 13:00:00","#2143589",0,0,0,0,"2026-08-27 13:00:00",1,1717,1522.86,3,,,,
"2026-08-28 13:00:00","#2143634",0,0,0,0,"2026-08-27 13:00:00",1,599,570.48,1,,,,
"2026-08-28 13:00:00","#2143604",0,0,0,0,"2026-08-27 13:00:00",1,1499,1427.62,2,,,,
"2026-08-28 13:00:00","#2143612",0,0,0,0,"2026-08-27 13:00:00",1,1519,1446.67,1,,,,
"2026-08-28 13:00:00","#2143578",0,0,0,0,"2026-08-27 13:00:00",1,929,884.76,1,,,,
"2026-08-28 13:00:00","#2143622",0,0,0,0,"2026-08-27 13:00:00",1,2127,2025.71,3,,,,
"2026-08-28 13:00:00","#2143581",0,0,0,0,"2026-08-27 13:00:00",1,2187,1970.48,2,,,,
"2026-08-28 13:00:00","#2143701",0,0,0,0,"2026-08-27 13:00:00",1,1499,1427.62,2,,,,
"2026-08-28 13:00:00","#2143697",0,0,0,0,"2026-08-27 13:00:00",1,1504,1432.38,1,,,,
"2026-08-28 13:00:00","#2143689",0,0,0,0,"2026-08-27 13:00:00",1,1617,1427.62,2,,,,
"2026-08-28 13:00:00","#2143648",0,0,0,0,"2026-08-27 13:00:00",1,1749,1665.72,1,,,,
"2026-08-28 13:00:00","#2143678",0,0,0,0,"2026-08-27 13:00:00",1,2449,2332.38,2,,,,
"2026-08-28 13:00:00","#2143633",0,0,0,0,"2026-08-27 13:00:00",1,1898,1807.62,4,,,,
"2026-08-28 13:00:00","#2143709",0,0,0,0,"2026-08-27 13:00:00",1,2318,2207.62,3,,,,
"2026-08-28 13:00:00","#2143656",0,0,0,0,"2026-08-27 13:00:00",1,1699,1618.1,2,,,,
"2026-08-28 13:00:00","#2143588",0,0,0,0,"2026-08-27 13:00:00",1,1617,1427.62,2,,,,
"2026-08-28 13:00:00","#2143605",0,0,0,0,"2026-08-27 13:00:00",1,1499,1427.62,2,,,,
"2026-08-28 13:00:00","#2143635",0,0,0,0,"2026-08-27 13:00:00",1,899,856.2,1,,,,
"2026-08-28 13:00:00","#2143623",0,0,0,0,"2026-08-27 13:00:00",1,2069,1970.48,2,,,,
"2026-08-28 13:00:00","#2143613",0,0,0,0,"2026-08-27 13:00:00",1,1599,1522.86,1,,,,
"2026-08-28 13:00:00","#2143580",0,0,0,0,"2026-08-27 13:00:00",1,1699,1618.1,2,,,,
"2026-08-28 13:00:00","#2143641",0,0,0,0,"2026-08-27 13:00:00",1,1998,1902.86,4,,,,
"2026-08-28 13:00:00","#2143696",0,0,0,0,"2026-08-27 13:00:00",1,1499,1427.62,2,,,,
"2026-08-28 13:00:00","#2143688",0,0,0,0,"2026-08-27 13:00:00",1,3048,2902.86,5,,,,
"2026-08-28 13:00:00","#2143680",0,0,0,0,"2026-08-27 13:00:00",1,1499,1427.62,2,,,,
"2026-08-28 13:00:00","#2143649",0,0,0,0,"2026-08-27 13:00:00",1,1947,1854.28,5,,,,
"2026-08-28 13:00:00","#2143708",0,0,0,0,"2026-08-27 13:00:00",1,1399,1332.38,2,,,,
"2026-08-28 13:00:00","#2143667",0,0,0,0,"2026-08-27 13:00:00",1,1648,1569.52,2,,,,
"2026-08-28 13:00:00","#2143632",0,0,0,0,"2026-08-27 13:00:00",1,1223,1164.76,1,,,,
"2026-08-28 13:00:00","#2143602",0,0,0,0,"2026-08-27 13:00:00",1,1499,1427.62,2,,,,
"2026-08-28 13:00:00","#2143576",0,0,0,0,"2026-08-27 13:00:00",1,1649,1570.48,1,,,,
"2026-08-28 13:00:00","#2143587",0,0,0,0,"2026-08-27 13:00:00",1,1359.15,1294.43,1,,,,
"2026-08-28 13:00:00","#2143599",0,0,0,0,"2026-08-27 13:00:00",1,2069,1970.48,2,,,,
"2026-08-28 13:00:00","#2143614",0,0,0,0,"2026-08-27 13:00:00",1,2567,2332.38,2,,,,
"2026-08-28 13:00:00","#2143624",0,0,0,0,"2026-08-27 13:00:00",1,1698,1617.14,3,,,,
"2026-08-28 13:00:00","#2143691",0,0,0,0,"2026-08-27 13:00:00",1,2149,2046.66,2,,,,
"2026-08-28 13:00:00","#2143668",0,0,0,0,"2026-08-27 13:00:00",1,1499,1427.62,2,,,,
"2026-08-28 13:00:00","#2143658",0,0,0,0,"2026-08-27 13:00:00",1,3018,2874.29,5,,,,
"2026-08-28 13:00:00","#2143646",0,0,0,0,"2026-08-27 13:00:00",1,2999,2856.19,3,,,,
"2026-08-28 13:00:00","#2143676",0,0,0,0,"2026-08-27 13:00:00",1,3833,3650.48,5,,,,
"2026-08-28 13:00:00","#2143711",0,0,0,0,"2026-08-27 13:00:00",1,3016,2760,5,,,,
"2026-08-28 13:00:00","#2143650",0,0,0,0,"2026-08-27 13:00:00",1,2998,2855.24,5,,,,
"2026-08-28 13:00:00","#2143687",0,0,0,0,"2026-08-27 13:00:00",1,1499,1427.62,2,,,,
"2026-08-28 13:00:00","#2143699",0,0,0,0,"2026-08-27 13:00:00",1,1499,1427.62,2,,,,
"2026-08-28 13:00:00","#2143594",0,0,0,0,"2026-08-27 13:00:00",1,1399,1332.38,1,,,,
"2026-08-28 13:00:00","#2143619",0,0,0,0,"2026-08-27 13:00:00",1,1519,1446.67,1,,,,
"2026-08-28 13:00:00","#2143629",0,0,0,0,"2026-08-27 13:00:00",1,1749,1665.71,1,,,,
"2026-08-28 13:00:00","#2143573",0,0,0,0,"2026-08-27 13:00:00",1,1149,1094.29,1,,,,
"2026-08-28 13:00:00","#2143637",0,0,0,0,"2026-08-27 13:00:00",1,1149,1094.29,1,,,,
"2026-08-28 13:00:00","#2143607",0,0,0,0,"2026-08-27 13:00:00",1,1499,1427.62,1,,,,
"2026-08-28 13:00:00","#2143611",0,0,0,0,"2026-08-27 13:00:00",1,2098,1998.1,3,,,,
"2026-08-28 13:00:00","#2143643",0,0,0,0,"2026-08-27 13:00:00",1,1549,1475.24,1,,,,
"2026-08-28 13:00:00","#2143673",0,0,0,0,"2026-08-27 13:00:00",1,1947,1854.28,5,,,,
"2026-08-28 13:00:00","#2143702",0,0,0,0,"2026-08-27 13:00:00",1,899,856.19,1,,,,
"2026-08-28 13:00:00","#2143694",0,0,0,0,"2026-08-27 13:00:00",1,3198,3045.71,5,,,,
"2026-08-28 13:00:00","#2143665",0,0,0,0,"2026-08-27 13:00:00",1,1947,1854.29,4,,,,
"2026-08-28 13:00:00","#2143655",0,0,0,0,"2026-08-27 13:00:00",1,1437,1368.58,1,,,,
"2026-08-28 13:00:00","#2143600",0,0,0,0,"2026-08-27 13:00:00",1,1499,1427.62,2,,,,
"2026-08-28 13:00:00","#2143630",0,0,0,0,"2026-08-27 13:00:00",1,1384,1318.1,1,,,,
"2026-08-28 13:00:00","#2143593",0,0,0,0,"2026-08-27 13:00:00",1,1717,1522.86,1,,,,
"2026-08-28 13:00:00","#2143608",0,0,0,0,"2026-08-27 13:00:00",1,1349.1,1284.86,1,,,,
"2026-08-28 13:00:00","#2143638",0,0,0,0,"2026-08-27 13:00:00",1,1699,1618.1,2,,,,
"2026-08-28 13:00:00","#2143626",0,0,0,0,"2026-08-27 13:00:00",1,1499,1427.62,2,,,,
"2026-08-28 13:00:00","#2143616",0,0,0,0,"2026-08-27 13:00:00",1,1499,1427.62,2,,,,
"2026-08-28 13:00:00","#2143693",0,0,0,0,"2026-08-27 13:00:00",1,1517,1332.38,1,,,,
"2026-08-28 13:00:00","#2143674",0,0,0,0,"2026-08-27 13:00:00",1,2187,1970.48,2,,,,
"2026-08-28 13:00:00","#2143644",0,0,0,0,"2026-08-27 13:00:00",1,249,237.14,1,,,,
"2026-08-28 13:00:00","#2143705",0,0,0,0,"2026-08-27 13:00:00",1,1948,1855.24,3,,,,
"2026-08-28 13:00:00","#2143664",0,0,0,0,"2026-08-27 13:00:00",1,1499,1427.62,2,,,,
"2026-08-28 13:00:00","#2143713",0,0,0,0,"2026-08-27 13:00:00",1,2069,1970.48,2,,,,
"2026-08-28 13:00:00","#2143685",0,0,0,0,"2026-08-27 13:00:00",1,1484,1413.34,1,,,,
"2026-08-28 13:00:00","#2143575",0,0,0,0,"2026-08-27 13:00:00",1,1499,1427.62,2,,,,
"2026-08-28 13:00:00","#2143592",0,0,0,0,"2026-08-27 13:00:00",1,1499,1427.62,1,,,,
"2026-08-28 13:00:00","#2143584",0,0,0,0,"2026-08-27 13:00:00",1,1898,1807.62,4,,,,
"2026-08-28 13:00:00","#2143609",0,0,0,0,"2026-08-27 13:00:00",1,2115,1901.9,5,,,,
"2026-08-28 13:00:00","#2143617",0,0,0,0,"2026-08-27 13:00:00",1,899,856.19,1,,,,
"2026-08-28 13:00:00","#2143627",0,0,0,0,"2026-08-27 13:00:00",1,2187,1970.48,2,,,,
"2026-08-28 13:00:00","#2143692",0,0,0,0,"2026-08-27 13:00:00",1,2998,2855.24,6,,,,
"2026-08-28 13:00:00","#2143645",0,0,0,0,"2026-08-27 13:00:00",1,1499,1427.62,2,,,,
"2026-08-28 13:00:00","#2143675",0,0,0,0,"2026-08-27 13:00:00",1,1499,1427.62,2,,,,
"2026-08-28 13:00:00","#2143663",0,0,0,0,"2026-08-27 13:00:00",1,3098,2950.48,4,,,,
"2026-08-28 13:00:00","#2143712",0,0,0,0,"2026-08-27 13:00:00",1,1369,1303.81,1,,,,
"2026-08-28 13:00:00","#2143595",0,0,0,0,"2026-08-27 13:00:00",1,1617,1422,1,,,,
"2026-08-28 13:00:00","#2143572",0,0,0,0,"2026-08-27 13:00:00",1,0,0,1,,,,
"2026-08-28 13:00:00","#2143628",0,0,0,0,"2026-08-27 13:00:00",1,991,943.8,1,,,,
"2026-08-28 13:00:00","#2143618",0,0,0,0,"2026-08-27 13:00:00",1,1780,1695.24,1,,,,
"2026-08-28 13:00:00","#2143606",0,0,0,0,"2026-08-27 13:00:00",1,1817,1618.1,1,,,,
"2026-08-28 13:00:00","#2143636",0,0,0,0,"2026-08-27 13:00:00",1,1499,1427.62,1,,,,
"2026-08-28 13:00:00","#2143583",0,0,0,0,"2026-08-27 13:00:00",1,1529.1,1456.29,1,,,,
"2026-08-28 13:00:00","#2143672",0,0,0,0,"2026-08-27 13:00:00",1,1399,1332.38,2,,,,
"2026-08-28 13:00:00","#2143642",0,0,0,0,"2026-08-27 13:00:00",1,1617,1427.62,2,,,,
"2026-08-28 13:00:00","#2143703",0,0,0,0,"2026-08-27 13:00:00",1,2069,1970.48,2,,,,
"2026-08-28 13:00:00","#2143695",0,0,0,0,"2026-08-27 13:00:00",1,1584,1508.57,1,,,,
"2026-08-28 13:00:00","#2143654",0,0,0,0,"2026-08-27 13:00:00",1,1649,1570.48,1,,,,
"2026-08-28 13:00:00","#2143666",0,0,0,0,"2026-08-27 13:00:00",1,1669,1589.52,1,,,,
"2026-08-28 14:00:00","#2143758",0,0,0,0,"2026-08-27 14:00:00",1,1648,1569.52,2,,,,
"2026-08-28 14:00:00","#2143727",0,0,0,0,"2026-08-27 14:00:00",1,1456,1386.67,1,,,,
"2026-08-28 14:00:00","#2143776",0,0,0,0,"2026-08-27 14:00:00",1,2998,2855.24,5,,,,
"2026-08-28 14:00:00","#2143746",0,0,0,0,"2026-08-27 14:00:00",1,2998,2855.24,4,,,,
"2026-08-28 14:00:00","#2143791",0,0,0,0,"2026-08-27 14:00:00",1,2348,2236.19,3,,,,
"2026-08-28 14:00:00","#2143799",0,0,0,0,"2026-08-27 14:00:00",1,2399,2284.76,2,,,,
"2026-08-28 14:00:00","#2143836",0,0,0,0,"2026-08-27 14:00:00",1,2159.1,2056.29,2,,,,
"2026-08-28 14:00:00","#2143806",0,0,0,0,"2026-08-27 14:00:00",1,2466,2236.2,3,,,,
"2026-08-28 14:00:00","#2143750",0,0,0,0,"2026-08-27 14:00:00",1,1499,1427.62,1,,,,
"2026-08-28 14:00:00","#2143818",0,0,0,0,"2026-08-27 14:00:00",1,1064,1013.33,1,,,,
"2026-08-28 14:00:00","#2143828",0,0,0,0,"2026-08-27 14:00:00",1,2690,2561.9,4,,,,
"2026-08-28 14:00:00","#2143732",0,0,0,0,"2026-08-27 14:00:00",1,1394.1,1327.71,1,,,,
"2026-08-28 14:00:00","#2143724",0,0,0,0,"2026-08-27 14:00:00",1,1148,1093.33,2,,,,
"2026-08-28 14:00:00","#2143714",0,0,0,0,"2026-08-27 14:00:00",1,2998,2855.24,5,,,,
"2026-08-28 14:00:00","#2143842",0,0,0,0,"2026-08-27 14:00:00",1,1617,1427.62,1,,,,
"2026-08-28 14:00:00","#2143872",0,0,0,0,"2026-08-27 14:00:00",1,1948,1855.24,4,,,,
"2026-08-28 14:00:00","#2143796",0,0,0,0,"2026-08-27 14:00:00",1,6001,5715.24,7,,,,
"2026-08-28 14:00:00","#2143827",0,0,0,0,"2026-08-27 14:00:00",1,1499,1427.62,2,,,,
"2026-08-28 14:00:00","#2143741",0,0,0,0,"2026-08-27 14:00:00",1,1519,1446.67,1,,,,
"2026-08-28 14:00:00","#2143809",0,0,0,0,"2026-08-27 14:00:00",1,2898,2760,5,,,,
"2026-08-28 14:00:00","#2143839",0,0,0,0,"2026-08-27 14:00:00",1,1898,1807.62,3,,,,
"2026-08-28 14:00:00","#2143771",0,0,0,0,"2026-08-27 14:00:00",1,1817,1612.48,2,,,,
"2026-08-28 14:00:00","#2143749",0,0,0,0,"2026-08-27 14:00:00",1,2316,2093.34,3,,,,
"2026-08-28 14:00:00","#2143801",0,0,0,0,"2026-08-27 14:00:00",1,1817,1618.1,2,,,,
"2026-08-28 14:00:00","#2143831",0,0,0,0,"2026-08-27 14:00:00",1,2814,2680,4,,,,
"2026-08-28 14:00:00","#2143779",0,0,0,0,"2026-08-27 14:00:00",1,1699,1618.1,2,,,,
"2026-08-28 14:00:00","#2143767",0,0,0,0,"2026-08-27 14:00:00",1,1499,1427.62,2,,,,
"2026-08-28 14:00:00","#2143757",0,0,0,0,"2026-08-27 14:00:00",1,1699,1618.1,2,,,,
"2026-08-28 14:00:00","#2143723",0,0,0,0,"2026-08-27 14:00:00",1,1898,1807.62,4,,,,
"2026-08-28 14:00:00","#2143845",0,0,0,0,"2026-08-27 14:00:00",1,1699,1618.1,2,,,,
"2026-08-28 14:00:00","#2143768",0,0,0,0,"2026-08-27 14:00:00",1,2998,2855.24,6,,,,
"2026-08-28 14:00:00","#2143789",0,0,0,0,"2026-08-27 14:00:00",1,1499,1427.62,2,,,,
"2026-08-28 14:00:00","#2143816",0,0,0,0,"2026-08-27 14:00:00",1,1499,1427.62,2,,,,
"2026-08-28 14:00:00","#2143826",0,0,0,0,"2026-08-27 14:00:00",1,1499,1427.62,2,,,,
"2026-08-28 14:00:00","#2143770",0,0,0,0,"2026-08-27 14:00:00",1,4398,4188.58,6,,,,
"2026-08-28 14:00:00","#2143838",0,0,0,0,"2026-08-27 14:00:00",1,1699,1618.1,2,,,,
"2026-08-28 14:00:00","#2143808",0,0,0,0,"2026-08-27 14:00:00",1,2308,2198.1,3,,,,
"2026-08-28 14:00:00","#2143830",0,0,0,0,"2026-08-27 14:00:00",1,1549,1475.24,1,,,,
"2026-08-28 14:00:00","#2143800",0,0,0,0,"2026-08-27 14:00:00",1,2798,2664.76,3,,,,
"2026-08-28 14:00:00","#2143748",0,0,0,0,"2026-08-27 14:00:00",1,1637,1446.66,1,,,,
"2026-08-28 14:00:00","#2143756",0,0,0,0,"2026-08-27 14:00:00",1,2825,2663.82,7,,,,
"2026-08-28 14:00:00","#2143766",0,0,0,0,"2026-08-27 14:00:00",1,1499,1427.62,2,,,,
"2026-08-28 14:00:00","#2143781",0,0,0,0,"2026-08-27 14:00:00",1,1425,1357.14,1,,,,
"2026-08-28 14:00:00","#2143734",0,0,0,0,"2026-08-27 14:00:00",1,1359.15,1294.43,1,,,,
"2026-08-28 14:00:00","#2143862",0,0,0,0,"2026-08-27 14:00:00",1,1399,1332.38,1,,,,
"2026-08-28 14:00:00","#2143852",0,0,0,0,"2026-08-27 14:00:00",1,1948,1855.24,4,,,,
"2026-08-28 14:00:00","#2143722",0,0,0,0,"2026-08-27 14:00:00",1,899,856.19,1,,,,
"2026-08-28 14:00:00","#2143844",0,0,0,0,"2026-08-27 14:00:00",1,1399,1332.38,1,,,,
"2026-08-28 14:00:00","#2143874",0,0,0,0,"2026-08-27 14:00:00",1,1499,1427.62,2,,,,
"2026-08-28 14:00:00","#2143769",0,0,0,0,"2026-08-27 14:00:00",1,1499,1427.62,2,,,,
"2026-08-28 14:00:00","#2143821",0,0,0,0,"2026-08-27 14:00:00",1,1618,1540.95,2,,,,
"2026-08-28 14:00:00","#2143759",0,0,0,0,"2026-08-27 14:00:00",1,2260,2152.38,2,,,,
"2026-08-28 14:00:00","#2143747",0,0,0,0,"2026-08-27 14:00:00",1,1949,1856.2,2,,,,
"2026-08-28 14:00:00","#2143777",0,0,0,0,"2026-08-27 14:00:00",1,3098,2950.48,4,,,,
"2026-08-28 14:00:00","#2143790",0,0,0,0,"2026-08-27 14:00:00",1,4866,4634.28,7,,,,
"2026-08-28 14:00:00","#2143798",0,0,0,0,"2026-08-27 14:00:00",1,2333,2109.52,3,,,,
"2026-08-28 14:00:00","#2143837",0,0,0,0,"2026-08-27 14:00:00",1,1699,1618.1,2,,,,
"2026-08-28 14:00:00","#2143761",0,0,0,0,"2026-08-27 14:00:00",1,1499,1427.62,1,,,,
"2026-08-28 14:00:00","#2143829",0,0,0,0,"2026-08-27 14:00:00",1,3098,2950.48,4,,,,
"2026-08-28 14:00:00","#2143819",0,0,0,0,"2026-08-27 14:00:00",1,1499,1427.62,2,,,,
"2026-08-28 14:00:00","#2143751",0,0,0,0,"2026-08-27 14:00:00",1,1817,1618.1,2,,,,
"2026-08-28 14:00:00","#2143733",0,0,0,0,"2026-08-27 14:00:00",1,2998,2855.24,5,,,,
"2026-08-28 14:00:00","#2143865",0,0,0,0,"2026-08-27 14:00:00",1,1862.1,1773.42,2,,,,
"2026-08-28 14:00:00","#2143873",0,0,0,0,"2026-08-27 14:00:00",1,2085,1873.33,4,,,,
"2026-08-28 14:00:00","#2143843",0,0,0,0,"2026-08-27 14:00:00",1,2148,1820.34,3,,,,
"2026-08-28 14:00:00","#2143795",0,0,0,0,"2026-08-27 14:00:00",1,1948,1855.24,4,,,,
"2026-08-28 14:00:00","#2143742",0,0,0,0,"2026-08-27 14:00:00",1,4097,3797.09,7,,,,
"2026-08-28 14:00:00","#2143772",0,0,0,0,"2026-08-27 14:00:00",1,1485.1,1302,1,,,,
"2026-08-28 14:00:00","#2143814",0,0,0,0,"2026-08-27 14:00:00",1,2998,2855.24,5,,,,
"2026-08-28 14:00:00","#2143764",0,0,0,0,"2026-08-27 14:00:00",1,1599,1522.86,1,,,,
"2026-08-28 14:00:00","#2143754",0,0,0,0,"2026-08-27 14:00:00",1,3198,3045.71,4,,,,
"2026-08-28 14:00:00","#2143802",0,0,0,0,"2026-08-27 14:00:00",1,1197,1027.62,1,,,,
"2026-08-28 14:00:00","#2143832",0,0,0,0,"2026-08-27 14:00:00",1,1499,1427.62,2,,,,
"2026-08-28 14:00:00","#2143783",0,0,0,0,"2026-08-27 14:00:00",1,1617,1427.62,2,,,,
"2026-08-28 14:00:00","#2143728",0,0,0,0,"2026-08-27 14:00:00",1,1999,1903.81,2,,,,
"2026-08-28 14:00:00","#2143860",0,0,0,0,"2026-08-27 14:00:00",1,1499,1427.62,2,,,,
"2026-08-28 14:00:00","#2143736",0,0,0,0,"2026-08-27 14:00:00",1,1767,1570.48,1,,,,
"2026-08-28 14:00:00","#2143846",0,0,0,0,"2026-08-27 14:00:00",1,1617,1427.62,1,,,,
"2026-08-28 14:00:00","#2143858",0,0,0,0,"2026-08-27 14:00:00",1,1919,1827.62,2,,,,
"2026-08-28 14:00:00","#2143720",0,0,0,0,"2026-08-27 14:00:00",1,1699,1618.1,2,,,,
"2026-08-28 14:00:00","#2143868",0,0,0,0,"2026-08-27 14:00:00",1,1897,1806.67,5,,,,
"2026-08-28 14:00:00","#2143775",0,0,0,0,"2026-08-27 14:00:00",1,1848,1760,3,,,,
"2026-08-28 14:00:00","#2143745",0,0,0,0,"2026-08-27 14:00:00",1,1898,1807.62,4,,,,
"2026-08-28 14:00:00","#2143813",0,0,0,0,"2026-08-27 14:00:00",1,1848,1760,3,,,,
"2026-08-28 14:00:00","#2143763",0,0,0,0,"2026-08-27 14:00:00",1,2716,2474.29,3,,,,
"2026-08-28 14:00:00","#2143835",0,0,0,0,"2026-08-27 14:00:00",1,991,943.81,1,,,,
"2026-08-28 14:00:00","#2143857",0,0,0,0,"2026-08-27 14:00:00",1,1499,1427.62,2,,,,
"2026-08-28 14:00:00","#2143731",0,0,0,0,"2026-08-27 14:00:00",1,1329.05,1265.76,1,,,,
"2026-08-28 14:00:00","#2143841",0,0,0,0,"2026-08-27 14:00:00",1,1699,1618.1,2,,,,
"2026-08-28 14:00:00","#2143739",0,0,0,0,"2026-08-27 14:00:00",1,1833,1745.71,3,,,,
"2026-08-28 14:00:00","#2143721",0,0,0,0,"2026-08-27 14:00:00",1,4767,4540,6,,,,
"2026-08-28 14:00:00","#2143717",0,0,0,0,"2026-08-27 14:00:00",1,1699,1618.1,2,,,,
"2026-08-28 14:00:00","#2143744",0,0,0,0,"2026-08-27 14:00:00",1,4148,3950.48,5,,,,
"2026-08-28 14:00:00","#2143774",0,0,0,0,"2026-08-27 14:00:00",1,1499,1427.62,1,,,,
"2026-08-28 14:00:00","#2143812",0,0,0,0,"2026-08-27 14:00:00",1,2187,1970.48,2,,,,
"2026-08-28 14:00:00","#2143793",0,0,0,0,"2026-08-27 14:00:00",1,1499,1427.62,1,,,,
"2026-08-28 14:00:00","#2143785",0,0,0,0,"2026-08-27 14:00:00",1,1485.1,1302,1,,,,
"2026-08-28 14:00:00","#2143762",0,0,0,0,"2026-08-27 14:00:00",1,1499,1427.62,1,,,,
"2026-08-28 14:00:00","#2143804",0,0,0,0,"2026-08-27 14:00:00",1,1617,1427.62,2,,,,
"2026-08-28 14:00:00","#2143834",0,0,0,0,"2026-08-27 14:00:00",1,1966,1760,4,,,,
"2026-08-28 14:00:00","#2143866",0,0,0,0,"2026-08-27 14:00:00",1,1947,1854.29,5,,,,
"2026-08-28 14:00:00","#2143730",0,0,0,0,"2026-08-27 14:00:00",1,1699,1618.1,1,,,,
"2026-08-28 14:00:00","#2143848",0,0,0,0,"2026-08-27 14:00:00",1,1394.1,1327.71,1,,,,
"2026-08-28 14:00:00","#2143840",0,0,0,0,"2026-08-27 14:00:00",1,1439.1,1370.57,1,,,,
"2026-08-28 14:00:00","#2143716",0,0,0,0,"2026-08-27 14:00:00",1,2923.2,2784,4,,,,
"2026-08-28 14:00:00","#2143794",0,0,0,0,"2026-08-27 14:00:00",1,1897,1806.67,5,,,,
"2026-08-28 14:00:00","#2143773",0,0,0,0,"2026-08-27 14:00:00",1,1749,1665.71,1,,,,
"2026-08-28 14:00:00","#2143815",0,0,0,0,"2026-08-27 14:00:00",1,1399,1332.38,1,,,,
"2026-08-28 14:00:00","#2143825",0,0,0,0,"2026-08-27 14:00:00",1,0,0,2,,,,
"2026-08-28 14:00:00","#2143833",0,0,0,0,"2026-08-27 14:00:00",1,1225,1166.66,2,,,,
"2026-08-28 14:00:00","#2143803",0,0,0,0,"2026-08-27 14:00:00",1,1499,1427.62,2,,,,
"2026-08-28 14:00:00","#2143782",0,0,0,0,"2026-08-27 14:00:00",1,2187,1964.86,2,,,,
"2026-08-28 14:00:00","#2143861",0,0,0,0,"2026-08-27 14:00:00",1,1858,1769.52,3,,,,
"2026-08-28 14:00:00","#2143729",0,0,0,0,"2026-08-27 14:00:00",1,1499,1427.62,2,,,,
"2026-08-28 14:00:00","#2143719",0,0,0,0,"2026-08-27 14:00:00",1,1399,1332.38,1,,,,
"2026-08-28 14:00:00","#2143851",0,0,0,0,"2026-08-27 14:00:00",1,0,0,1,,,,
"2026-08-28 14:00:00","#2143737",0,0,0,0,"2026-08-27 14:00:00",1,1499,1427.62,2,,,,
"2026-08-28 14:00:00","#2143869",0,0,0,0,"2026-08-27 14:00:00",1,3768,3588.58,4,,,,
"2026-08-28 14:00:00","#2143797",0,0,0,0,"2026-08-27 14:00:00",1,1848,1760,3,,,,
"2026-08-28 15:00:00","#2143982",0,0,0,0,"2026-08-27 15:00:00",1,1499,1427.62,2,,,,
"2026-08-28 15:00:00","#2144020",0,0,0,0,"2026-08-27 15:00:00",1,1484.1,1413.42,1,,,,
"2026-08-28 15:00:00","#2144012",0,0,0,0,"2026-08-27 15:00:00",1,2567,2332.38,2,,,,
"2026-08-28 15:00:00","#2143955",0,0,0,0,"2026-08-27 15:00:00",1,1999,1903.81,2,,,,
"2026-08-28 15:00:00","#2143943",0,0,0,0,"2026-08-27 15:00:00",1,1948,1855.24,4,,,,
"2026-08-28 15:00:00","#2143973",0,0,0,0,"2026-08-27 15:00:00",1,1699,1618.1,2,,,,
"2026-08-28 15:00:00","#2143994",0,0,0,0,"2026-08-27 15:00:00",1,1149,1094.29,1,,,,
"2026-08-28 15:00:00","#2144004",0,0,0,0,"2026-08-27 15:00:00",1,2259,2151.43,3,,,,
"2026-08-28 15:00:00","#2143921",0,0,0,0,"2026-08-27 15:00:00",1,1599,1522.86,1,,,,
"2026-08-28 15:00:00","#2143887",0,0,0,0,"2026-08-27 15:00:00",1,1499,1427.62,2,,,,
"2026-08-28 15:00:00","#2143891",0,0,0,0,"2026-08-27 15:00:00",1,1699,1618.1,2,,,,
"2026-08-28 15:00:00","#2143937",0,0,0,0,"2026-08-27 15:00:00",1,1499,1427.62,1,,,,
"2026-08-28 15:00:00","#2143907",0,0,0,0,"2026-08-27 15:00:00",1,1320,1257.14,1,,,,
"2026-08-28 15:00:00","#2143919",0,0,0,0,"2026-08-27 15:00:00",1,991,943.8,1,,,,
"2026-08-28 15:00:00","#2143952",0,0,0,0,"2026-08-27 15:00:00",1,1399,1332.38,1,,,,
"2026-08-28 15:00:00","#2143962",0,0,0,0,"2026-08-27 15:00:00",1,1499,1427.62,2,,,,
"2026-08-28 15:00:00","#2143985",0,0,0,0,"2026-08-27 15:00:00",1,1499,1427.62,2,,,,
"2026-08-28 15:00:00","#2143993",0,0,0,0,"2026-08-27 15:00:00",1,1933,1840.95,3,,,,
"2026-08-28 15:00:00","#2144003",0,0,0,0,"2026-08-27 15:00:00",1,2317,2094.29,2,,,,
"2026-08-28 15:00:00","#2143974",0,0,0,0,"2026-08-27 15:00:00",1,1519,1446.66,1,,,,
"2026-08-28 15:00:00","#2143926",0,0,0,0,"2026-08-27 15:00:00",1,2069,1970.48,2,,,,
"2026-08-28 15:00:00","#2143879",0,0,0,0,"2026-08-27 15:00:00",1,549,522.86,1,,,,
"2026-08-28 15:00:00","#2143916",0,0,0,0,"2026-08-27 15:00:00",1,3298,3140.95,4,,,,
"2026-08-28 15:00:00","#2143908",0,0,0,0,"2026-08-27 15:00:00",1,1717,1522.86,1,,,,
"2026-08-28 15:00:00","#2143938",0,0,0,0,"2026-08-27 15:00:00",1,1349,1284.76,1,,,,
"2026-08-28 15:00:00","#2143896",0,0,0,0,"2026-08-27 15:00:00",1,991,943.81,1,,,,
"2026-08-28 15:00:00","#2143888",0,0,0,0,"2026-08-27 15:00:00",1,1948,1855.24,3,,,,
"2026-08-28 15:00:00","#2143963",0,0,0,0,"2026-08-27 15:00:00",1,1698,1617.14,3,,,,
"2026-08-28 15:00:00","#2144022",0,0,0,0,"2026-08-27 15:00:00",1,2098,1956.24,4,,,,
"2026-08-28 15:00:00","#2144014",0,0,0,0,"2026-08-27 15:00:00",1,2399,2284.76,2,,,,
"2026-08-28 15:00:00","#2144002",0,0,0,0,"2026-08-27 15:00:00",1,1299,1237.14,1,,,,
"2026-08-28 15:00:00","#2143945",0,0,0,0,"2026-08-27 15:00:00",1,1699,1618.1,1,,,,
"2026-08-28 15:00:00","#2143975",0,0,0,0,"2026-08-27 15:00:00",1,1699,1618.1,2,,,,
"2026-08-28 15:00:00","#2143881",0,0,0,0,"2026-08-27 15:00:00",1,1799,1713.33,1,,,,
"2026-08-28 15:00:00","#2143878",0,0,0,0,"2026-08-27 15:00:00",1,2168,2064.76,3,,,,
"2026-08-28 15:00:00","#2143927",0,0,0,0,"2026-08-27 15:00:00",1,1399,1332.38,1,,,,
"2026-08-28 15:00:00","#2143939",0,0,0,0,"2026-08-27 15:00:00",1,1699,1618.1,1,,,,
"2026-08-28 15:00:00","#2143909",0,0,0,0,"2026-08-27 15:00:00",1,1649,1570.48,1,,,,
"2026-08-28 15:00:00","#2143931",0,0,0,0,"2026-08-27 15:00:00",1,1848,1760,3,,,,
"2026-08-28 15:00:00","#2143901",0,0,0,0,"2026-08-27 15:00:00",1,1499,1427.62,2,,,,
"2026-08-28 15:00:00","#2143889",0,0,0,0,"2026-08-27 15:00:00",1,1699,1618.1,2,,,,
"2026-08-28 15:00:00","#2143983",0,0,0,0,"2026-08-27 15:00:00",1,1439.1,1370.57,1,,,,
"2026-08-28 15:00:00","#2144023",0,0,0,0,"2026-08-27 15:00:00",1,1898,1807.62,4,,,,
"2026-08-28 15:00:00","#2143954",0,0,0,0,"2026-08-27 15:00:00",1,3767,3587.62,5,,,,
"2026-08-28 15:00:00","#2143964",0,0,0,0,"2026-08-27 15:00:00",1,1399,1332.38,1,,,,
"2026-08-28 15:00:00","#2143995",0,0,0,0,"2026-08-27 15:00:00",1,1267,1094.29,1,,,,
"2026-08-28 15:00:00","#2144005",0,0,0,0,"2026-08-27 15:00:00",1,1499,1427.62,2,,,,
"2026-08-28 15:00:00","#2143910",0,0,0,0,"2026-08-27 15:00:00",1,1499,1427.62,2,,,,
"2026-08-28 15:00:00","#2143886",0,0,0,0,"2026-08-27 15:00:00",1,2048,1950.48,4,,,,
"2026-08-28 15:00:00","#2143898",0,0,0,0,"2026-08-27 15:00:00",1,1274.15,1213.48,1,,,,
"2026-08-28 15:00:00","#2143890",0,0,0,0,"2026-08-27 15:00:00",1,1699,1618.1,2,,,,
"2026-08-28 15:00:00","#2143906",0,0,0,0,"2026-08-27 15:00:00",1,1570.8,1496,2,,,,
"2026-08-28 15:00:00","#2143936",0,0,0,0,"2026-08-27 15:00:00",1,1817,1618.1,2,,,,
"2026-08-28 15:00:00","#2143928",0,0,0,0,"2026-08-27 15:00:00",1,1699,1618.1,1,,,,
"2026-08-28 15:00:00","#2143877",0,0,0,0,"2026-08-27 15:00:00",1,2998,2855.24,4,,,,
"2026-08-28 15:00:00","#2143918",0,0,0,0,"2026-08-27 15:00:00",1,1699,1618.1,2,,,,
"2026-08-28 15:00:00","#2143951",0,0,0,0,"2026-08-27 15:00:00",1,1499,1427.62,2,,,,
"2026-08-28 15:00:00","#2143961",0,0,0,0,"2026-08-27 15:00:00",1,1617,1427.62,2,,,,
"2026-08-28 15:00:00","#2144016",0,0,0,0,"2026-08-27 15:00:00",1,3398,3236.19,6,,,,
"2026-08-28 15:00:00","#2143998",0,0,0,0,"2026-08-27 15:00:00",1,1848,1760,4,,,,
"2026-08-28 15:00:00","#2144000",0,0,0,0,"2026-08-27 15:00:00",1,3048,2902.86,5,,,,
"2026-08-28 15:00:00","#2143990",0,0,0,0,"2026-08-27 15:00:00",1,1948,1855.24,3,,,,
"2026-08-28 15:00:00","#2143977",0,0,0,0,"2026-08-27 15:00:00",1,2204.1,2099.14,2,,,,
"2026-08-28 15:00:00","#2143959",0,0,0,0,"2026-08-27 15:00:00",1,2069,1970.48,2,,,,
"2026-08-28 15:00:00","#2143969",0,0,0,0,"2026-08-27 15:00:00",1,1617,1427.62,2,,,,
"2026-08-28 15:00:00","#2143883",0,0,0,0,"2026-08-27 15:00:00",1,1817,1618.1,2,,,,
"2026-08-28 15:00:00","#2143925",0,0,0,0,"2026-08-27 15:00:00",1,1599,1522.86,1,,,,
"2026-08-28 15:00:00","#2143915",0,0,0,0,"2026-08-27 15:00:00",1,1499,1427.62,2,,,,
"2026-08-28 15:00:00","#2143903",0,0,0,0,"2026-08-27 15:00:00",1,1499,1427.62,1,,,,
"2026-08-28 15:00:00","#2143933",0,0,0,0,"2026-08-27 15:00:00",1,1484,1413.34,1,,,,
"2026-08-28 15:00:00","#2144021",0,0,0,0,"2026-08-27 15:00:00",1,2499,2380,3,,,,
"2026-08-28 15:00:00","#2144011",0,0,0,0,"2026-08-27 15:00:00",1,1699,1618.1,1,,,,
"2026-08-28 15:00:00","#2143956",0,0,0,0,"2026-08-27 15:00:00",1,1717,1522.86,1,,,,
"2026-08-28 15:00:00","#2143978",0,0,0,0,"2026-08-27 15:00:00",1,2271,2162.86,2,,,,
"2026-08-28 15:00:00","#2143940",0,0,0,0,"2026-08-27 15:00:00",1,1499,1427.62,1,,,,
"2026-08-28 15:00:00","#2144007",0,0,0,0,"2026-08-27 15:00:00",1,1499,1427.62,2,,,,
"2026-08-28 15:00:00","#2143989",0,0,0,0,"2026-08-27 15:00:00",1,1999,1903.81,2,,,,
"2026-08-28 15:00:00","#2144019",0,0,0,0,"2026-08-27 15:00:00",1,1367.1,1302,1,,,,
"2026-08-28 15:00:00","#2143912",0,0,0,0,"2026-08-27 15:00:00",1,1898,1807.62,3,,,,
"2026-08-28 15:00:00","#2143875",0,0,0,0,"2026-08-27 15:00:00",1,1713,1631.43,2,,,,
"2026-08-28 15:00:00","#2143934",0,0,0,0,"2026-08-27 15:00:00",1,1898,1807.62,3,,,,
"2026-08-28 15:00:00","#2143904",0,0,0,0,"2026-08-27 15:00:00",1,1499,1427.62,1,,,,
"2026-08-28 15:00:00","#2144010",0,0,0,0,"2026-08-27 15:00:00",1,1799,1713.33,1,,,,
"2026-08-28 15:00:00","#2143894",0,0,0,0,"2026-08-27 15:00:00",1,1699,1618.1,2,,,,
"2026-08-28 15:00:00","#2143957",0,0,0,0,"2026-08-27 15:00:00",1,1599,1522.86,1,,,,
"2026-08-28 15:00:00","#2143967",0,0,0,0,"2026-08-27 15:00:00",1,1684,1603.81,1,,,,
"2026-08-28 15:00:00","#2143949",0,0,0,0,"2026-08-27 15:00:00",1,1617,1427.62,2,,,,
"2026-08-28 15:00:00","#2143941",0,0,0,0,"2026-08-27 15:00:00",1,1599,1522.86,1,,,,
"2026-08-28 15:00:00","#2144018",0,0,0,0,"2026-08-27 15:00:00",1,1499,1427.62,2,,,,
"2026-08-28 15:00:00","#2143996",0,0,0,0,"2026-08-27 15:00:00",1,1898,1807.62,4,,,,
"2026-08-28 15:00:00","#2143923",0,0,0,0,"2026-08-27 15:00:00",1,0,0,2,,,,
"2026-08-28 15:00:00","#2143913",0,0,0,0,"2026-08-27 15:00:00",1,2069,1970.48,2,,,,
"2026-08-28 15:00:00","#2143885",0,0,0,0,"2026-08-27 15:00:00",1,1917,1713.34,1,,,,
"2026-08-28 15:00:00","#2143893",0,0,0,0,"2026-08-27 15:00:00",1,1699,1618.1,2,,,,
"2026-08-28 15:00:00","#2143905",0,0,0,0,"2026-08-27 15:00:00",1,1599,1522.86,1,,,,
"2026-08-28 15:00:00","#2143935",0,0,0,0,"2026-08-27 15:00:00",1,1699,1618.1,1,,,,
"2026-08-28 15:00:00","#2143950",0,0,0,0,"2026-08-27 15:00:00",1,1848,1760,3,,,,
"2026-08-28 15:00:00","#2143999",0,0,0,0,"2026-08-27 15:00:00",1,1948,1855.24,3,,,,
"2026-08-28 15:00:00","#2144017",0,0,0,0,"2026-08-27 15:00:00",1,1917,1713.33,1,,,,
"2026-08-28 15:00:00","#2143987",0,0,0,0,"2026-08-27 15:00:00",1,2449,2332.38,2,,,,
"2026-08-28 15:00:00","#2144001",0,0,0,0,"2026-08-27 15:00:00",1,3518,3350.48,4,,,,
"2026-08-28 15:00:00","#2143946",0,0,0,0,"2026-08-27 15:00:00",1,3036,2779.04,5,,,,
"2026-08-28 15:00:00","#2143976",0,0,0,0,"2026-08-27 15:00:00",1,2467,2237.14,2,,,,
"2026-08-28 15:00:00","#2143968",0,0,0,0,"2026-08-27 15:00:00",1,1499,1427.62,2,,,,
"2026-08-28 15:00:00","#2143958",0,0,0,0,"2026-08-27 15:00:00",1,1886,1683.81,2,,,,
"2026-08-28 15:00:00","#2143882",0,0,0,0,"2026-08-27 15:00:00",1,1499,1427.62,2,,,,
"2026-08-28 15:00:00","#2143924",0,0,0,0,"2026-08-27 15:00:00",1,1499,1427.62,2,,,,
"2026-08-28 15:00:00","#2143932",0,0,0,0,"2026-08-27 15:00:00",1,2283,2174.29,3,,,,
"2026-08-28 15:00:00","#2143902",0,0,0,0,"2026-08-27 15:00:00",1,1499,1427.62,2,,,,
"2026-08-28 15:00:00","#2143984",0,0,0,0,"2026-08-27 15:00:00",1,1499,1427.62,2,,,,
"2026-08-28 16:00:00","#2144145",0,0,0,0,"2026-08-27 16:00:00",1,2069,1970.48,2,,,,
"2026-08-28 16:00:00","#2144082",0,0,0,0,"2026-08-27 16:00:00",1,1817,1618.1,2,,,,
"2026-08-28 16:00:00","#2144153",0,0,0,0,"2026-08-27 16:00:00",1,1848,1760,3,,,,
"2026-08-28 16:00:00","#2144070",0,0,0,0,"2026-08-27 16:00:00",1,1499,1427.62,2,,,,
"2026-08-28 16:00:00","#2144040",0,0,0,0,"2026-08-27 16:00:00",1,2916,2664.76,5,,,,
"2026-08-28 16:00:00","#2144101",0,0,0,0,"2026-08-27 16:00:00",1,2069,1970.48,2,,,,
"2026-08-28 16:00:00","#2144089",0,0,0,0,"2026-08-27 16:00:00",1,3147,2997.14,6,,,,
"2026-08-28 16:00:00","#2144097",0,0,0,0,"2026-08-27 16:00:00",1,1549,1475.24,1,,,,
"2026-08-28 16:00:00","#2144081",0,0,0,0,"2026-08-27 16:00:00",1,1699,1618.1,2,,,,
"2026-08-28 16:00:00","#2144139",0,0,0,0,"2026-08-27 16:00:00",1,1637,1446.67,1,,,,
"2026-08-28 16:00:00","#2144066",0,0,0,0,"2026-08-27 16:00:00",1,1499,1427.62,2,,,,
"2026-08-28 16:00:00","#2144109",0,0,0,0,"2026-08-27 16:00:00",1,3160,2677.97,3,,,,
"2026-08-28 16:00:00","#2144117",0,0,0,0,"2026-08-27 16:00:00",1,1717,1635.24,1,,,,
"2026-08-28 16:00:00","#2144078",0,0,0,0,"2026-08-27 16:00:00",1,2148,2045.71,3,,,,
"2026-08-28 16:00:00","#2144048",0,0,0,0,"2026-08-27 16:00:00",1,999,846.61,1,,,,
"2026-08-28 16:00:00","#2144127",0,0,0,0,"2026-08-27 16:00:00",1,1599,1522.86,1,,,,
"2026-08-28 16:00:00","#2144142",0,0,0,0,"2026-08-27 16:00:00",1,1499,1427.62,2,,,,
"2026-08-28 16:00:00","#2144164",0,0,0,0,"2026-08-27 16:00:00",1,1699,1618.1,2,,,,
"2026-08-28 16:00:00","#2144025",0,0,0,0,"2026-08-27 16:00:00",1,1817,1618.1,1,,,,
"2026-08-28 16:00:00","#2144090",0,0,0,0,"2026-08-27 16:00:00",1,1617,1427.62,2,,,,
"2026-08-28 16:00:00","#2144128",0,0,0,0,"2026-08-27 16:00:00",1,1617,1427.62,2,,,,
"2026-08-28 16:00:00","#2144077",0,0,0,0,"2026-08-27 16:00:00",1,5756.4,5482.29,7,,,,
"2026-08-28 16:00:00","#2144118",0,0,0,0,"2026-08-27 16:00:00",1,1529,1456.19,1,,,,
"2026-08-28 16:00:00","#2144106",0,0,0,0,"2026-08-27 16:00:00",1,1699,1618.1,2,,,,
"2026-08-28 16:00:00","#2144069",0,0,0,0,"2026-08-27 16:00:00",1,1439.1,1370.57,1,,,,
"2026-08-28 16:00:00","#2144059",0,0,0,0,"2026-08-27 16:00:00",1,1259.1,1199.14,1,,,,
"2026-08-28 16:00:00","#2144136",0,0,0,0,"2026-08-27 16:00:00",1,1699,1618.1,2,,,,
"2026-08-28 16:00:00","#2144061",0,0,0,0,"2026-08-27 16:00:00",1,1399,1332.38,1,,,,
"2026-08-28 16:00:00","#2144034",0,0,0,0,"2026-08-27 16:00:00",1,5097,4854.28,9,,,,
"2026-08-28 16:00:00","#2144120",0,0,0,0,"2026-08-27 16:00:00",1,1499,1427.62,1,,,,
"2026-08-28 16:00:00","#2144098",0,0,0,0,"2026-08-27 16:00:00",1,2998,2855.24,6,,,,
"2026-08-28 16:00:00","#2144086",0,0,0,0,"2026-08-27 16:00:00",1,1499,1427.62,1,,,,
"2026-08-28 16:00:00","#2144032",0,0,0,0,"2026-08-27 16:00:00",1,1617,1427.62,2,,,,
"2026-08-28 16:00:00","#2144165",0,0,0,0,"2026-08-27 16:00:00",1,1599,1522.86,1,,,,
"2026-08-28 16:00:00","#2144024",0,0,0,0,"2026-08-27 16:00:00",1,1848,1760,3,,,,
"2026-08-28 16:00:00","#2144119",0,0,0,0,"2026-08-27 16:00:00",1,1898,1807.62,3,,,,
"2026-08-28 16:00:00","#2144076",0,0,0,0,"2026-08-27 16:00:00",1,1399,1332.38,1,,,,
"2026-08-28 16:00:00","#2144046",0,0,0,0,"2026-08-27 16:00:00",1,1367.1,1302,1,,,,
"2026-08-28 16:00:00","#2144129",0,0,0,0,"2026-08-27 16:00:00",1,1948,1855.24,4,,,,
"2026-08-28 16:00:00","#2144058",0,0,0,0,"2026-08-27 16:00:00",1,1568,1493.33,2,,,,
"2026-08-28 16:00:00","#2144068",0,0,0,0,"2026-08-27 16:00:00",1,1510,1438.1,1,,,,
"2026-08-28 16:00:00","#2144107",0,0,0,0,"2026-08-27 16:00:00",1,5148,4519.99,6,,,,
"2026-08-28 16:00:00","#2144050",0,0,0,0,"2026-08-27 16:00:00",1,1499,1427.62,2,,,,
"2026-08-28 16:00:00","#2144111",0,0,0,0,"2026-08-27 16:00:00",1,1399,1332.38,1,,,,
"2026-08-28 16:00:00","#2144121",0,0,0,0,"2026-08-27 16:00:00",1,3116,2855.24,5,,,,
"2026-08-28 16:00:00","#2144087",0,0,0,0,"2026-08-27 16:00:00",1,1499,1427.62,2,,,,
"2026-08-28 16:00:00","#2144035",0,0,0,0,"2026-08-27 16:00:00",1,1349,1284.76,1,,,,
"2026-08-28 16:00:00","#2144152",0,0,0,0,"2026-08-27 16:00:00",1,1927,1722.86,2,,,,
"2026-08-28 16:00:00","#2144162",0,0,0,0,"2026-08-27 16:00:00",1,2998,2855.24,6,,,,
"2026-08-28 16:00:00","#2144041",0,0,0,0,"2026-08-27 16:00:00",1,2069,1970.48,2,,,,
"2026-08-28 16:00:00","#2144071",0,0,0,0,"2026-08-27 16:00:00",1,797,759.05,1,,,,
"2026-08-28 16:00:00","#2144100",0,0,0,0,"2026-08-27 16:00:00",1,3108,2960,4,,,,
"2026-08-28 16:00:00","#2144130",0,0,0,0,"2026-08-27 16:00:00",1,1399,1332.38,1,,,,
"2026-08-28 16:00:00","#2144096",0,0,0,0,"2026-08-27 16:00:00",1,1399,1332.38,1,,,,
"2026-08-28 16:00:00","#2144080",0,0,0,0,"2026-08-27 16:00:00",1,1549,1475.24,1,,,,
"2026-08-28 16:00:00","#2144108",0,0,0,0,"2026-08-27 16:00:00",1,1399,1332.38,2,,,,
"2026-08-28 16:00:00","#2144067",0,0,0,0,"2026-08-27 16:00:00",1,2898,2760,5,,,,
"2026-08-28 16:00:00","#2144057",0,0,0,0,"2026-08-27 16:00:00",1,1499,1427.62,2,,,,
"2026-08-28 16:00:00","#2144049",0,0,0,0,"2026-08-27 16:00:00",1,1897,1806.67,5,,,,
"2026-08-28 16:00:00","#2144116",0,0,0,0,"2026-08-27 16:00:00",1,1499,1427.62,2,,,,
"2026-08-28 16:00:00","#2144030",0,0,0,0,"2026-08-27 16:00:00",1,1966,1754.38,3,,,,
"2026-08-28 16:00:00","#2144149",0,0,0,0,"2026-08-27 16:00:00",1,1499,1427.62,2,,,,
"2026-08-28 16:00:00","#2144026",0,0,0,0,"2026-08-27 16:00:00",1,1593,1404.76,2,,,,
"2026-08-28 16:00:00","#2144038",0,0,0,0,"2026-08-27 16:00:00",1,1933,1840.95,3,,,,
"2026-08-28 16:00:00","#2144157",0,0,0,0,"2026-08-27 16:00:00",1,1499,1427.62,2,,,,
"2026-08-28 16:00:00","#2144167",0,0,0,0,"2026-08-27 16:00:00",1,1499,1427.62,2,,,,
"2026-08-28 16:00:00","#2144044",0,0,0,0,"2026-08-27 16:00:00",1,1376.1,1310.57,1,,,,
"2026-08-28 16:00:00","#2144074",0,0,0,0,"2026-08-27 16:00:00",1,3916,3729.52,8,,,,
"2026-08-28 16:00:00","#2144123",0,0,0,0,"2026-08-27 16:00:00",1,1617,1422,2,,,,
"2026-08-28 16:00:00","#2144113",0,0,0,0,"2026-08-27 16:00:00",1,1617,1422,2,,,,
"2026-08-28 16:00:00","#2144062",0,0,0,0,"2026-08-27 16:00:00",1,1517,1332.38,1,,,,
"2026-08-28 16:00:00","#2144052",0,0,0,0,"2026-08-27 16:00:00",1,1599,1522.86,1,,,,
"2026-08-28 16:00:00","#2144085",0,0,0,0,"2026-08-27 16:00:00",1,2617,2380,3,,,,
"2026-08-28 16:00:00","#2144168",0,0,0,0,"2026-08-27 16:00:00",1,1499,1427.62,2,,,,
"2026-08-28 16:00:00","#2144037",0,0,0,0,"2026-08-27 16:00:00",1,2232.1,2013.42,2,,,,
"2026-08-28 16:00:00","#2144029",0,0,0,0,"2026-08-27 16:00:00",1,1499,1427.62,2,,,,
"2026-08-28 16:00:00","#2144146",0,0,0,0,"2026-08-27 16:00:00",1,1817,1618.1,2,,,,
"2026-08-28 16:00:00","#2144160",0,0,0,0,"2026-08-27 16:00:00",1,1749,1665.71,1,,,,
"2026-08-28 16:00:00","#2144150",0,0,0,0,"2026-08-27 16:00:00",1,1277.1,1216.29,1,,,,
"2026-08-28 16:00:00","#2144132",0,0,0,0,"2026-08-27 16:00:00",1,1848,1760,3,,,,
"2026-08-28 16:00:00","#2144073",0,0,0,0,"2026-08-27 16:00:00",1,1499,1427.62,1,,,,
"2026-08-28 16:00:00","#2144043",0,0,0,0,"2026-08-27 16:00:00",1,1637,1446.67,1,,,,
"2026-08-28 16:00:00","#2144094",0,0,0,0,"2026-08-27 16:00:00",1,2998,2855.24,5,,,,
"2026-08-28 16:00:00","#2144084",0,0,0,0,"2026-08-27 16:00:00",1,1467.1,1284.86,1,,,,
"2026-08-28 16:00:00","#2144114",0,0,0,0,"2026-08-27 16:00:00",1,1949.4,1856.57,5,,,,
"2026-08-28 16:00:00","#2144124",0,0,0,0,"2026-08-27 16:00:00",1,1499,1427.62,2,,,,
"2026-08-28 16:00:00","#2144055",0,0,0,0,"2026-08-27 16:00:00",1,1699,1618.1,2,,,,
"2026-08-28 16:00:00","#2144065",0,0,0,0,"2026-08-27 16:00:00",1,2998,2855.24,6,,,,
"2026-08-28 16:00:00","#2144036",0,0,0,0,"2026-08-27 16:00:00",1,1499,1427.62,1,,,,
"2026-08-28 16:00:00","#2144169",0,0,0,0,"2026-08-27 16:00:00",1,2233,2126.67,3,,,,
"2026-08-28 16:00:00","#2144028",0,0,0,0,"2026-08-27 16:00:00",1,1587,1399.05,1,,,,
"2026-08-28 16:00:00","#2144161",0,0,0,0,"2026-08-27 16:00:00",1,1817,1618.1,1,,,,
"2026-08-28 16:00:00","#2144103",0,0,0,0,"2026-08-27 16:00:00",1,1998,1902.86,4,,,,
"2026-08-28 16:00:00","#2144133",0,0,0,0,"2026-08-27 16:00:00",1,1299,1237.14,1,,,,
"2026-08-28 16:00:00","#2144042",0,0,0,0,"2026-08-27 16:00:00",1,1649,1570.48,1,,,,
"2026-08-28 16:00:00","#2144072",0,0,0,0,"2026-08-27 16:00:00",1,2754,2616,5,,,,
"2026-08-28 16:00:00","#2144083",0,0,0,0,"2026-08-27 16:00:00",1,1817,1618.1,2,,,,
"2026-08-28 16:00:00","#2144125",0,0,0,0,"2026-08-27 16:00:00",1,1883,1793.33,3,,,,
"2026-08-28 16:00:00","#2144115",0,0,0,0,"2026-08-27 16:00:00",1,1519,1446.67,1,,,,
"2026-08-28 16:00:00","#2144064",0,0,0,0,"2026-08-27 16:00:00",1,1948,1855.24,4,,,,
"2026-08-28 16:00:00","#2144054",0,0,0,0,"2026-08-27 16:00:00",1,1549,1475.24,1,,,,
"2026-08-28 16:00:00","#2144140",0,0,0,0,"2026-08-27 16:00:00",1,2068.2,1969.72,3,,,,
"2026-08-28 16:00:00","#2144027",0,0,0,0,"2026-08-27 16:00:00",1,1898,1807.62,4,,,,
"2026-08-28 16:00:00","#2144166",0,0,0,0,"2026-08-27 16:00:00",1,1998,1902.86,4,,,,
"2026-08-28 16:00:00","#2144156",0,0,0,0,"2026-08-27 16:00:00",1,1699,1618.1,2,,,,
"2026-08-28 16:00:00","#2144134",0,0,0,0,"2026-08-27 16:00:00",1,1699,1618.1,2,,,,
"2026-08-28 16:00:00","#2144104",0,0,0,0,"2026-08-27 16:00:00",1,1399,1332.38,2,,,,
"2026-08-28 16:00:00","#2144122",0,0,0,0,"2026-08-27 16:00:00",1,199,189.52,1,,,,
"2026-08-28 16:00:00","#2144053",0,0,0,0,"2026-08-27 16:00:00",1,599,570.48,1,,,,
"2026-08-28 16:00:00","#2144051",0,0,0,0,"2026-08-27 16:00:00",1,3028,2883.81,5,,,,
"2026-08-28 17:00:00","#2144235",0,0,0,0,"2026-08-27 17:00:00",1,1699,1618.1,1,,,,
"2026-08-28 17:00:00","#2144315",0,0,0,0,"2026-08-27 17:00:00",1,1499,1427.62,1,,,,
"2026-08-28 17:00:00","#2144180",0,0,0,0,"2026-08-27 17:00:00",1,1502,1318.1,1,,,,
"2026-08-28 17:00:00","#2144223",0,0,0,0,"2026-08-27 17:00:00",1,1617,1427.62,2,,,,
"2026-08-28 17:00:00","#2144213",0,0,0,0,"2026-08-27 17:00:00",1,1617,1427.62,1,,,,
"2026-08-28 17:00:00","#2144288",0,0,0,0,"2026-08-27 17:00:00",1,2099.25,1999.29,2,,,,
"2026-08-28 17:00:00","#2144296",0,0,0,0,"2026-08-27 17:00:00",1,1483.2,1412.57,2,,,,
"2026-08-28 17:00:00","#2144271",0,0,0,0,"2026-08-27 17:00:00",1,2490,2259.05,3,,,,
"2026-08-28 17:00:00","#2144300",0,0,0,0,"2026-08-27 17:00:00",1,1517,1332.38,2,,,,
"2026-08-28 17:00:00","#2144308",0,0,0,0,"2026-08-27 17:00:00",1,854,813.33,1,,,,
"2026-08-28 17:00:00","#2144267",0,0,0,0,"2026-08-27 17:00:00",1,1349,1284.76,1,,,,
"2026-08-28 17:00:00","#2144279",0,0,0,0,"2026-08-27 17:00:00",1,2078,1979.05,3,,,,
"2026-08-28 17:00:00","#2144249",0,0,0,0,"2026-08-27 17:00:00",1,1649,1570.48,1,,,,
"2026-08-28 17:00:00","#2144191",0,0,0,0,"2026-08-27 17:00:00",1,2249,2141.9,2,,,,
"2026-08-28 17:00:00","#2144176",0,0,0,0,"2026-08-27 17:00:00",1,0,0,1,,,,
"2026-08-28 17:00:00","#2144232",0,0,0,0,"2026-08-27 17:00:00",1,2499,2380,2,,,,
"2026-08-28 17:00:00","#2144202",0,0,0,0,"2026-08-27 17:00:00",1,1817,1618.1,1,,,,
"2026-08-28 17:00:00","#2144214",0,0,0,0,"2026-08-27 17:00:00",1,5996,5710.48,11,,,,
"2026-08-28 17:00:00","#2144224",0,0,0,0,"2026-08-27 17:00:00",1,1499,1427.62,1,,,,
"2026-08-28 17:00:00","#2144199",0,0,0,0,"2026-08-27 17:00:00",1,1529,1456.19,1,,,,
"2026-08-28 17:00:00","#2144187",0,0,0,0,"2026-08-27 17:00:00",1,1320,1257.14,1,,,,
"2026-08-28 17:00:00","#2144276",0,0,0,0,"2026-08-27 17:00:00",1,1622,1432.38,1,,,,
"2026-08-28 17:00:00","#2144268",0,0,0,0,"2026-08-27 17:00:00",1,1817,1618.1,2,,,,
"2026-08-28 17:00:00","#2144307",0,0,0,0,"2026-08-27 17:00:00",1,3968,3779.05,5,,,,
"2026-08-28 17:00:00","#2144299",0,0,0,0,"2026-08-27 17:00:00",1,1699,1618.1,2,,,,
"2026-08-28 17:00:00","#2144287",0,0,0,0,"2026-08-27 17:00:00",1,1599,1522.86,1,,,,
"2026-08-28 17:00:00","#2144196",0,0,0,0,"2026-08-27 17:00:00",1,7395,7042.86,10,,,,
"2026-08-28 17:00:00","#2144250",0,0,0,0,"2026-08-27 17:00:00",1,1499,1427.62,2,,,,
"2026-08-28 17:00:00","#2144311",0,0,0,0,"2026-08-27 17:00:00",1,2118,2017.14,3,,,,
"2026-08-28 17:00:00","#2144190",0,0,0,0,"2026-08-27 17:00:00",1,1717,1522.86,1,,,,
"2026-08-28 17:00:00","#2144177",0,0,0,0,"2026-08-27 17:00:00",1,1702,1508.57,1,,,,
"2026-08-28 17:00:00","#2144203",0,0,0,0,"2026-08-27 17:00:00",1,1699,1618.1,2,,,,
"2026-08-28 17:00:00","#2144198",0,0,0,0,"2026-08-27 17:00:00",1,1699,1618.1,1,,,,
"2026-08-28 17:00:00","#2144277",0,0,0,0,"2026-08-27 17:00:00",1,2259,2151.43,2,,,,
"2026-08-28 17:00:00","#2144259",0,0,0,0,"2026-08-27 17:00:00",1,1517,1332.38,1,,,,
"2026-08-28 17:00:00","#2144290",0,0,0,0,"2026-08-27 17:00:00",1,1499,1427.62,2,,,,
"2026-08-28 17:00:00","#2144298",0,0,0,0,"2026-08-27 17:00:00",1,1699,1618.1,2,,,,
"2026-08-28 17:00:00","#2144251",0,0,0,0,"2026-08-27 17:00:00",1,1767,1682.86,1,,,,
"2026-08-28 17:00:00","#2144261",0,0,0,0,"2026-08-27 17:00:00",1,1349,1284.76,1,,,,
"2026-08-28 17:00:00","#2144310",0,0,0,0,"2026-08-27 17:00:00",1,1617,1427.62,2,,,,
"2026-08-28 17:00:00","#2144204",0,0,0,0,"2026-08-27 17:00:00",1,1702,1508.58,1,,,,
"2026-08-28 17:00:00","#2144189",0,0,0,0,"2026-08-27 17:00:00",1,2849,2706.24,5,,,,
"2026-08-28 17:00:00","#2144197",0,0,0,0,"2026-08-27 17:00:00",1,2998,2855.24,5,,,,
"2026-08-28 17:00:00","#2144181",0,0,0,0,"2026-08-27 17:00:00",1,1499,1427.62,1,,,,
"2026-08-28 17:00:00","#2144212",0,0,0,0,"2026-08-27 17:00:00",1,2069,1970.48,2,,,,
"2026-08-28 17:00:00","#2144222",0,0,0,0,"2026-08-27 17:00:00",1,1499,1427.62,2,,,,
"2026-08-28 17:00:00","#2144178",0,0,0,0,"2026-08-27 17:00:00",1,2998,2855.24,6,,,,
"2026-08-28 17:00:00","#2144289",0,0,0,0,"2026-08-27 17:00:00",1,1599,1522.86,1,,,,
"2026-08-28 17:00:00","#2144240",0,0,0,0,"2026-08-27 17:00:00",1,2115,1901.9,5,,,,
"2026-08-28 17:00:00","#2144270",0,0,0,0,"2026-08-27 17:00:00",1,599,570.48,1,,,,
"2026-08-28 17:00:00","#2144266",0,0,0,0,"2026-08-27 17:00:00",1,1817,1612.48,1,,,,
"2026-08-28 17:00:00","#2144256",0,0,0,0,"2026-08-27 17:00:00",1,543,517.14,1,,,,
"2026-08-28 17:00:00","#2144317",0,0,0,0,"2026-08-27 17:00:00",1,2699.1,2570.57,2,,,,
"2026-08-28 17:00:00","#2144281",0,0,0,0,"2026-08-27 17:00:00",1,1699,1618.1,1,,,,
"2026-08-28 17:00:00","#2144231",0,0,0,0,"2026-08-27 17:00:00",1,2349,2237.14,2,,,,
"2026-08-28 17:00:00","#2144201",0,0,0,0,"2026-08-27 17:00:00",1,1499,1427.62,2,,,,
"2026-08-28 17:00:00","#2144175",0,0,0,0,"2026-08-27 17:00:00",1,1499,1427.62,2,,,,
"2026-08-28 17:00:00","#2144217",0,0,0,0,"2026-08-27 17:00:00",1,3198,3045.71,4,,,,
"2026-08-28 17:00:00","#2144227",0,0,0,0,"2026-08-27 17:00:00",1,2016,1807.62,4,,,,
"2026-08-28 17:00:00","#2144239",0,0,0,0,"2026-08-27 17:00:00",1,2998,2855.24,6,,,,
"2026-08-28 17:00:00","#2144209",0,0,0,0,"2026-08-27 17:00:00",1,2005,1909.52,2,,,,
"2026-08-28 17:00:00","#2144184",0,0,0,0,"2026-08-27 17:00:00",1,1617,1427.62,2,,,,
"2026-08-28 17:00:00","#2144245",0,0,0,0,"2026-08-27 17:00:00",1,499,475.24,1,,,,
"2026-08-28 17:00:00","#2144275",0,0,0,0,"2026-08-27 17:00:00",1,2998,2855.24,5,,,,
"2026-08-28 17:00:00","#2144292",0,0,0,0,"2026-08-27 17:00:00",1,1617,1427.62,1,,,,
"2026-08-28 17:00:00","#2144284",0,0,0,0,"2026-08-27 17:00:00",1,2519.2,2286.86,3,,,,
"2026-08-28 17:00:00","#2144312",0,0,0,0,"2026-08-27 17:00:00",1,1499,1427.62,2,,,,
"2026-08-28 17:00:00","#2144263",0,0,0,0,"2026-08-27 17:00:00",1,2499,2380,3,,,,
"2026-08-28 17:00:00","#2144253",0,0,0,0,"2026-08-27 17:00:00",1,1898,1807.62,3,,,,
"2026-08-28 17:00:00","#2144206",0,0,0,0,"2026-08-27 17:00:00",1,1948,1855.24,3,,,,
"2026-08-28 17:00:00","#2144236",0,0,0,0,"2026-08-27 17:00:00",1,3148,2998.1,4,,,,
"2026-08-28 17:00:00","#2144228",0,0,0,0,"2026-08-27 17:00:00",1,3018,2874.29,5,,,,
"2026-08-28 17:00:00","#2144195",0,0,0,0,"2026-08-27 17:00:00",1,3198,3045.71,5,,,,
"2026-08-28 17:00:00","#2144220",0,0,0,0,"2026-08-27 17:00:00",1,1444.15,1375.38,1,,,,
"2026-08-28 17:00:00","#2144210",0,0,0,0,"2026-08-27 17:00:00",1,699,665.71,1,,,,
"2026-08-28 17:00:00","#2144295",0,0,0,0,"2026-08-27 17:00:00",1,1717,1522.86,1,,,,
"2026-08-28 17:00:00","#2144303",0,0,0,0,"2026-08-27 17:00:00",1,1799,1713.33,1,,,,
"2026-08-28 17:00:00","#2144272",0,0,0,0,"2026-08-27 17:00:00",1,1499,1427.62,2,,,,
"2026-08-28 17:00:00","#2144242",0,0,0,0,"2026-08-27 17:00:00",1,1499,1427.62,2,,,,
"2026-08-28 17:00:00","#2144262",0,0,0,0,"2026-08-27 17:00:00",1,1499,1427.62,1,,,,
"2026-08-28 17:00:00","#2144254",0,0,0,0,"2026-08-27 17:00:00",1,2667,2540,4,,,,
"2026-08-28 17:00:00","#2144219",0,0,0,0,"2026-08-27 17:00:00",1,3018,2874.29,5,,,,
"2026-08-28 17:00:00","#2144229",0,0,0,0,"2026-08-27 17:00:00",1,1499,1427.62,2,,,,
"2026-08-28 17:00:00","#2144194",0,0,0,0,"2026-08-27 17:00:00",1,1999,1903.81,2,,,,
"2026-08-28 17:00:00","#2144182",0,0,0,0,"2026-08-27 17:00:00",1,2407,2292.38,5,,,,
"2026-08-28 17:00:00","#2144211",0,0,0,0,"2026-08-27 17:00:00",1,0,0,1,,,,
"2026-08-28 17:00:00","#2144294",0,0,0,0,"2026-08-27 17:00:00",1,483,460,1,,,,
"2026-08-28 17:00:00","#2144302",0,0,0,0,"2026-08-27 17:00:00",1,1519,1446.67,1,,,,
"2026-08-28 17:00:00","#2144273",0,0,0,0,"2026-08-27 17:00:00",1,1617,1427.62,2,,,,
"2026-08-28 17:00:00","#2144314",0,0,0,0,"2026-08-27 17:00:00",1,1699,1618.1,2,,,,
"2026-08-28 17:00:00","#2144265",0,0,0,0,"2026-08-27 17:00:00",1,1617,1427.62,2,,,,
"2026-08-28 17:00:00","#2144282",0,0,0,0,"2026-08-27 17:00:00",1,1517,1332.38,1,,,,
"2026-08-28 17:00:00","#2144193",0,0,0,0,"2026-08-27 17:00:00",1,0,0,1,,,,
"2026-08-28 17:00:00","#2144230",0,0,0,0,"2026-08-27 17:00:00",1,1817,1618.1,1,,,,
"2026-08-28 17:00:00","#2144226",0,0,0,0,"2026-08-27 17:00:00",1,1499,1427.62,2,,,,
"2026-08-28 17:00:00","#2144208",0,0,0,0,"2026-08-27 17:00:00",1,6897,6568.57,7,,,,
"2026-08-28 17:00:00","#2144238",0,0,0,0,"2026-08-27 17:00:00",1,1499,1427.62,2,,,,
"2026-08-28 17:00:00","#2144185",0,0,0,0,"2026-08-27 17:00:00",1,1399,1332.38,1,,,,
"2026-08-28 17:00:00","#2144305",0,0,0,0,"2026-08-27 17:00:00",1,1399,1332.38,1,,,,
"2026-08-28 17:00:00","#2144274",0,0,0,0,"2026-08-27 17:00:00",1,1817,1618.1,2,,,,
"2026-08-28 17:00:00","#2144244",0,0,0,0,"2026-08-27 17:00:00",1,1599,1522.86,1,,,,
"2026-08-28 17:00:00","#2144293",0,0,0,0,"2026-08-27 17:00:00",1,1699,1618.1,2,,,,
"2026-08-28 17:00:00","#2144252",0,0,0,0,"2026-08-27 17:00:00",1,2044,1946.67,3,,,,
"2026-08-28 17:00:00","#2144260",0,0,0,0,"2026-08-27 17:00:00",1,1717,1522.86,1,,,,
"2026-08-28 18:00:00","#2144370",0,0,0,0,"2026-08-27 18:00:00",1,2069,1970.48,2,,,,
"2026-08-28 18:00:00","#2144319",0,0,0,0,"2026-08-27 18:00:00",1,1699,1618.1,1,,,,
"2026-08-28 18:00:00","#2144410",0,0,0,0,"2026-08-27 18:00:00",1,1499,1427.62,2,,,,
"2026-08-28 18:00:00","#2144381",0,0,0,0,"2026-08-27 18:00:00",1,1399,1332.38,1,,,,
"2026-08-28 18:00:00","#2144428",0,0,0,0,"2026-08-27 18:00:00",1,1499,1427.62,2,,,,
"2026-08-28 18:00:00","#2144418",0,0,0,0,"2026-08-27 18:00:00",1,1549,1475.24,1,,,,
"2026-08-28 18:00:00","#2144378",0,0,0,0,"2026-08-27 18:00:00",1,1649,1570.48,1,,,,
"2026-08-28 18:00:00","#2144406",0,0,0,0,"2026-08-27 18:00:00",1,1499,1427.62,2,,,,
"2026-08-28 18:00:00","#2144436",0,0,0,0,"2026-08-27 18:00:00",1,549,522.86,1,,,,
"2026-08-28 18:00:00","#2144483",0,0,0,0,"2026-08-27 18:00:00",1,1499,1427.62,2,,,,
"2026-08-28 18:00:00","#2144472",0,0,0,0,"2026-08-27 18:00:00",1,1649,1570.48,1,,,,
"2026-08-28 18:00:00","#2144442",0,0,0,0,"2026-08-27 18:00:00",1,0,0,1,,,,
"2026-08-28 18:00:00","#2144322",0,0,0,0,"2026-08-27 18:00:00",1,1996,1900.95,5,,,,
"2026-08-28 18:00:00","#2144390",0,0,0,0,"2026-08-27 18:00:00",1,1499,1427.62,2,,,,
"2026-08-28 18:00:00","#2144347",0,0,0,0,"2026-08-27 18:00:00",1,6667,6349.52,6,,,,
"2026-08-28 18:00:00","#2144439",0,0,0,0,"2026-08-27 18:00:00",1,1817,1618.1,1,,,,
"2026-08-28 18:00:00","#2144417",0,0,0,0,"2026-08-27 18:00:00",1,813,774.29,1,,,,
"2026-08-28 18:00:00","#2144427",0,0,0,0,"2026-08-27 18:00:00",1,1699,1618.1,2,,,,
"2026-08-28 18:00:00","#2144359",0,0,0,0,"2026-08-27 18:00:00",1,0,0,1,,,,
"2026-08-28 18:00:00","#2144361",0,0,0,0,"2026-08-27 18:00:00",1,1499,1427.62,2,,,,
"2026-08-28 18:00:00","#2144351",0,0,0,0,"2026-08-27 18:00:00",1,1499,1427.62,1,,,,
"2026-08-28 18:00:00","#2144431",0,0,0,0,"2026-08-27 18:00:00",1,1499,1427.62,1,,,,
"2026-08-28 18:00:00","#2144401",0,0,0,0,"2026-08-27 18:00:00",1,1517,1332.38,1,,,,
"2026-08-28 18:00:00","#2144386",0,0,0,0,"2026-08-27 18:00:00",1,1617,1427.62,1,,,,
"2026-08-28 18:00:00","#2144463",0,0,0,0,"2026-08-27 18:00:00",1,1699,1618.1,2,,,,
"2026-08-28 18:00:00","#2144333",0,0,0,0,"2026-08-27 18:00:00",1,991,943.8,1,,,,
"2026-08-28 18:00:00","#2144484",0,0,0,0,"2026-08-27 18:00:00",1,2066,1855.24,4,,,,
"2026-08-28 18:00:00","#2144420",0,0,0,0,"2026-08-27 18:00:00",1,1637,1446.66,1,,,,
"2026-08-28 18:00:00","#2144475",0,0,0,0,"2026-08-27 18:00:00",1,1617,1427.62,2,,,,
"2026-08-28 18:00:00","#2144376",0,0,0,0,"2026-08-27 18:00:00",1,0,0,1,,,,
"2026-08-28 18:00:00","#2144408",0,0,0,0,"2026-08-27 18:00:00",1,1846.24,1758.32,3,,,,
"2026-08-28 18:00:00","#2144346",0,0,0,0,"2026-08-27 18:00:00",1,3398,3236.19,6,,,,
"2026-08-28 18:00:00","#2144426",0,0,0,0,"2026-08-27 18:00:00",1,991,943.81,1,,,,
"2026-08-28 18:00:00","#2144416",0,0,0,0,"2026-08-27 18:00:00",1,2116,1902.86,4,,,,
"2026-08-28 18:00:00","#2144368",0,0,0,0,"2026-08-27 18:00:00",1,1617,1427.62,2,,,,
"2026-08-28 18:00:00","#2144350",0,0,0,0,"2026-08-27 18:00:00",1,1799,1713.34,1,,,,
"2026-08-28 18:00:00","#2144360",0,0,0,0,"2026-08-27 18:00:00",1,1862.1,1773.43,2,,,,
"2026-08-28 18:00:00","#2144400",0,0,0,0,"2026-08-27 18:00:00",1,1499,1427.62,2,,,,
"2026-08-28 18:00:00","#2144430",0,0,0,0,"2026-08-27 18:00:00",1,3098,2950.48,4,,,,
"2026-08-28 18:00:00","#2144399",0,0,0,0,"2026-08-27 18:00:00",1,1699,1618.1,2,,,,
"2026-08-28 18:00:00","#2144387",0,0,0,0,"2026-08-27 18:00:00",1,1499,1427.62,2,,,,
"2026-08-28 18:00:00","#2144462",0,0,0,0,"2026-08-27 18:00:00",1,1669,1589.52,1,,,,
"2026-08-28 18:00:00","#2144485",0,0,0,0,"2026-08-27 18:00:00",1,1499,1427.62,2,,,,
"2026-08-28 18:00:00","#2144474",0,0,0,0,"2026-08-27 18:00:00",1,1499,1427.62,2,,,,
"2026-08-28 18:00:00","#2144444",0,0,0,0,"2026-08-27 18:00:00",1,832,792.38,1,,,,
"2026-08-28 18:00:00","#2144341",0,0,0,0,"2026-08-27 18:00:00",1,1499,1427.62,2,,,,
"2026-08-28 18:00:00","#2144371",0,0,0,0,"2026-08-27 18:00:00",1,1749,1665.71,1,,,,
"2026-08-28 18:00:00","#2144411",0,0,0,0,"2026-08-27 18:00:00",1,1599,1522.86,1,,,,
"2026-08-28 18:00:00","#2144388",0,0,0,0,"2026-08-27 18:00:00",1,0,0,2,,,,
"2026-08-28 18:00:00","#2144380",0,0,0,0,"2026-08-27 18:00:00",1,1359.15,1294.43,1,,,,
"2026-08-28 18:00:00","#2144419",0,0,0,0,"2026-08-27 18:00:00",1,1899,1808.58,2,,,,
"2026-08-28 18:00:00","#2144429",0,0,0,0,"2026-08-27 18:00:00",1,2098,1998.1,4,,,,
"2026-08-28 18:00:00","#2144349",0,0,0,0,"2026-08-27 18:00:00",1,1149,1094.28,1,,,,
"2026-08-28 18:00:00","#2144437",0,0,0,0,"2026-08-27 18:00:00",1,1149,1094.29,1,,,,
"2026-08-28 18:00:00","#2144407",0,0,0,0,"2026-08-27 18:00:00",1,1999,1903.81,2,,,,
"2026-08-28 18:00:00","#2144379",0,0,0,0,"2026-08-27 18:00:00",1,1717,1522.86,1,,,,
"2026-08-28 18:00:00","#2144465",0,0,0,0,"2026-08-27 18:00:00",1,1699,1618.1,2,,,,
"2026-08-28 18:00:00","#2144455",0,0,0,0,"2026-08-27 18:00:00",1,3197,3044.76,7,,,,
"2026-08-28 18:00:00","#2144335",0,0,0,0,"2026-08-27 18:00:00",1,1549,1475.24,1,,,,
"2026-08-28 18:00:00","#2144443",0,0,0,0,"2026-08-27 18:00:00",1,3588,3417.14,4,,,,
"2026-08-28 18:00:00","#2144473",0,0,0,0,"2026-08-27 18:00:00",1,1699,1618.1,2,,,,
"2026-08-28 18:00:00","#2144323",0,0,0,0,"2026-08-27 18:00:00",1,1648,1569.52,2,,,,
"2026-08-28 18:00:00","#2144393",0,0,0,0,"2026-08-27 18:00:00",1,1499,1427.62,2,,,,
"2026-08-28 18:00:00","#2144344",0,0,0,0,"2026-08-27 18:00:00",1,1499,1427.62,1,,,,
"2026-08-28 18:00:00","#2144374",0,0,0,0,"2026-08-27 18:00:00",1,1599,1522.86,1,,,,
"2026-08-28 18:00:00","#2144402",0,0,0,0,"2026-08-27 18:00:00",1,1898,1807.62,4,,,,
"2026-08-28 18:00:00","#2144385",0,0,0,0,"2026-08-27 18:00:00",1,1898,1807.62,3,,,,
"2026-08-28 18:00:00","#2144450",0,0,0,0,"2026-08-27 18:00:00",1,2467,2237.14,2,,,,
"2026-08-28 18:00:00","#2144487",0,0,0,0,"2026-08-27 18:00:00",1,1399,1332.38,1,,,,
"2026-08-28 18:00:00","#2144468",0,0,0,0,"2026-08-27 18:00:00",1,1948,1855.24,3,,,,
"2026-08-28 18:00:00","#2144338",0,0,0,0,"2026-08-27 18:00:00",1,991,943.81,1,,,,
"2026-08-28 18:00:00","#2144446",0,0,0,0,"2026-08-27 18:00:00",1,2298,2188.57,4,,,,
"2026-08-28 18:00:00","#2144476",0,0,0,0,"2026-08-27 18:00:00",1,1034,984.76,1,,,,
"2026-08-28 18:00:00","#2144373",0,0,0,0,"2026-08-27 18:00:00",1,1809,1722.86,2,,,,
"2026-08-28 18:00:00","#2144343",0,0,0,0,"2026-08-27 18:00:00",1,1599,1522.86,1,,,,
"2026-08-28 18:00:00","#2144394",0,0,0,0,"2026-08-27 18:00:00",1,1637,1446.67,1,,,,
"2026-08-28 18:00:00","#2144435",0,0,0,0,"2026-08-27 18:00:00",1,1499,1427.62,2,,,,
"2026-08-28 18:00:00","#2144355",0,0,0,0,"2026-08-27 18:00:00",1,1617,1427.62,2,,,,
"2026-08-28 18:00:00","#2144449",0,0,0,0,"2026-08-27 18:00:00",1,1259.1,1199.14,1,,,,
"2026-08-28 18:00:00","#2144339",0,0,0,0,"2026-08-27 18:00:00",1,1897,1806.67,5,,,,
"2026-08-28 18:00:00","#2144412",0,0,0,0,"2026-08-27 18:00:00",1,1848,1760,3,,,,
"2026-08-28 18:00:00","#2144422",0,0,0,0,"2026-08-27 18:00:00",1,1384,1318.1,1,,,,
"2026-08-28 18:00:00","#2144342",0,0,0,0,"2026-08-27 18:00:00",1,1699,1618.1,2,,,,
"2026-08-28 18:00:00","#2144404",0,0,0,0,"2026-08-27 18:00:00",1,1649,1570.48,1,,,,
"2026-08-28 18:00:00","#2144364",0,0,0,0,"2026-08-27 18:00:00",1,1637,1441.05,1,,,,
"2026-08-28 18:00:00","#2144354",0,0,0,0,"2026-08-27 18:00:00",1,3198,3045.71,5,,,,
"2026-08-28 18:00:00","#2144481",0,0,0,0,"2026-08-27 18:00:00",1,1499,1427.62,1,,,,
"2026-08-28 18:00:00","#2144478",0,0,0,0,"2026-08-27 18:00:00",1,1637,1446.67,1,,,,
"2026-08-28 18:00:00","#2144318",0,0,0,0,"2026-08-27 18:00:00",1,1617,1422,1,,,,
"2026-08-28 18:00:00","#2144466",0,0,0,0,"2026-08-27 18:00:00",1,1584,1508.57,1,,,,
"2026-08-28 18:00:00","#2144456",0,0,0,0,"2026-08-27 18:00:00",1,1109,943.8,1,,,,
"2026-08-28 18:00:00","#2144320",0,0,0,0,"2026-08-27 18:00:00",1,0,0,1,,,,
"2026-08-28 18:00:00","#2144440",0,0,0,0,"2026-08-27 18:00:00",1,1517,1326.76,1,,,,
"2026-08-28 18:00:00","#2144392",0,0,0,0,"2026-08-27 18:00:00",1,5207,4959.05,6,,,,
"2026-08-28 18:00:00","#2144425",0,0,0,0,"2026-08-27 18:00:00",1,1617,1422,2,,,,
"2026-08-28 18:00:00","#2144375",0,0,0,0,"2026-08-27 18:00:00",1,1499,1427.62,2,,,,
"2026-08-28 18:00:00","#2144345",0,0,0,0,"2026-08-27 18:00:00",1,1591.2,1515.43,2,,,,
"2026-08-28 18:00:00","#2144363",0,0,0,0,"2026-08-27 18:00:00",1,1699,1618.1,2,,,,
"2026-08-28 18:00:00","#2144331",0,0,0,0,"2026-08-27 18:00:00",1,1529,1456.19,1,,,,
"2026-08-28 18:00:00","#2144461",0,0,0,0,"2026-08-27 18:00:00",1,0,0,1,,,,
"2026-08-28 18:00:00","#2144486",0,0,0,0,"2026-08-27 18:00:00",1,1599,1522.86,1,,,,
"2026-08-28 18:00:00","#2144327",0,0,0,0,"2026-08-27 18:00:00",1,1349.1,1284.86,1,,,,
"2026-08-28 18:00:00","#2144477",0,0,0,0,"2026-08-27 18:00:00",1,1499,1427.62,1,,,,
"2026-08-28 18:00:00","#2144447",0,0,0,0,"2026-08-27 18:00:00",1,1699,1618.1,2,,,,
"2026-08-28 18:00:00","#2144445",0,0,0,0,"2026-08-27 18:00:00",1,3098,2950.48,5,,,,
"2026-08-28 19:00:00","#2144582",0,0,0,0,"2026-08-27 19:00:00",1,1898,1807.62,4,,,,
"2026-08-28 19:00:00","#2144656",0,0,0,0,"2026-08-27 19:00:00",1,1299,1237.14,1,,,,
"2026-08-28 19:00:00","#2144565",0,0,0,0,"2026-08-27 19:00:00",1,0,0,2,,,,
"2026-08-28 19:00:00","#2144621",0,0,0,0,"2026-08-27 19:00:00",1,1999,1903.8,2,,,,
"2026-08-28 19:00:00","#2144573",0,0,0,0,"2026-08-27 19:00:00",1,1584,1508.58,1,,,,
"2026-08-28 19:00:00","#2144629",0,0,0,0,"2026-08-27 19:00:00",1,2349,2237.14,2,,,,
"2026-08-28 19:00:00","#2144619",0,0,0,0,"2026-08-27 19:00:00",1,1817,1618.1,2,,,,
"2026-08-28 19:00:00","#2144607",0,0,0,0,"2026-08-27 19:00:00",1,1897,1806.67,5,,,,
"2026-08-28 19:00:00","#2144594",0,0,0,0,"2026-08-27 19:00:00",1,1484,1413.34,1,,,,
"2026-08-28 19:00:00","#2144521",0,0,0,0,"2026-08-27 19:00:00",1,1817,1618.1,2,,,,
"2026-08-28 19:00:00","#2144511",0,0,0,0,"2026-08-27 19:00:00",1,1499,1427.62,2,,,,
"2026-08-28 19:00:00","#2144499",0,0,0,0,"2026-08-27 19:00:00",1,549,522.86,1,,,,
"2026-08-28 19:00:00","#2144491",0,0,0,0,"2026-08-27 19:00:00",1,1499,1427.62,1,,,,
"2026-08-28 19:00:00","#2144519",0,0,0,0,"2026-08-27 19:00:00",1,1499,1427.62,2,,,,
"2026-08-28 19:00:00","#2144507",0,0,0,0,"2026-08-27 19:00:00",1,426,405.72,1,,,,
"2026-08-28 19:00:00","#2144638",0,0,0,0,"2026-08-27 19:00:00",1,1499,1427.62,2,,,,
"2026-08-28 19:00:00","#2144552",0,0,0,0,"2026-08-27 19:00:00",1,1599,1522.86,1,,,,
"2026-08-28 19:00:00","#2144616",0,0,0,0,"2026-08-27 19:00:00",1,1449,1380,1,,,,
"2026-08-28 19:00:00","#2144585",0,0,0,0,"2026-08-27 19:00:00",1,3018,2874.29,5,,,,
"2026-08-28 19:00:00","#2144593",0,0,0,0,"2026-08-27 19:00:00",1,1499,1427.62,2,,,,
"2026-08-28 19:00:00","#2144574",0,0,0,0,"2026-08-27 19:00:00",1,2467,2237.14,2,,,,
"2026-08-28 19:00:00","#2144630",0,0,0,0,"2026-08-27 19:00:00",1,2208,2102.86,3,,,,
"2026-08-28 19:00:00","#2144600",0,0,0,0,"2026-08-27 19:00:00",1,1499,1427.62,2,,,,
"2026-08-28 19:00:00","#2144662",0,0,0,0,"2026-08-27 19:00:00",1,1649,1570.48,1,,,,
"2026-08-28 19:00:00","#2144516",0,0,0,0,"2026-08-27 19:00:00",1,1499,1427.62,1,,,,
"2026-08-28 19:00:00","#2144644",0,0,0,0,"2026-08-27 19:00:00",1,4186,3986.67,8,,,,
"2026-08-28 19:00:00","#2144530",0,0,0,0,"2026-08-27 19:00:00",1,1399,1332.38,1,,,,
"2026-08-28 19:00:00","#2144500",0,0,0,0,"2026-08-27 19:00:00",1,10887,9226.27,4,,,,
"2026-08-28 19:00:00","#2144488",0,0,0,0,"2026-08-27 19:00:00",1,1617,1427.62,1,,,,
"2026-08-28 19:00:00","#2144496",0,0,0,0,"2026-08-27 19:00:00",1,1917,1713.33,2,,,,
"2026-08-28 19:00:00","#2144555",0,0,0,0,"2026-08-27 19:00:00",1,499,475.24,1,,,,
"2026-08-28 19:00:00","#2144609",0,0,0,0,"2026-08-27 19:00:00",1,1486.65,1415.86,1,,,,
"2026-08-28 19:00:00","#2144563",0,0,0,0,"2026-08-27 19:00:00",1,1699,1618.1,2,,,,
"2026-08-28 19:00:00","#2144617",0,0,0,0,"2026-08-27 19:00:00",1,2187,1970.48,2,,,,
"2026-08-28 19:00:00","#2144545",0,0,0,0,"2026-08-27 19:00:00",1,1649,1570.48,1,,,,
"2026-08-28 19:00:00","#2144601",0,0,0,0,"2026-08-27 19:00:00",1,1399,1332.38,1,,,,
"2026-08-28 19:00:00","#2144653",0,0,0,0,"2026-08-27 19:00:00",1,1499,1427.62,2,,,,
"2026-08-28 19:00:00","#2144539",0,0,0,0,"2026-08-27 19:00:00",1,1617,1427.62,1,,,,
"2026-08-28 19:00:00","#2144527",0,0,0,0,"2026-08-27 19:00:00",1,1460,1390.48,1,,,,
"2026-08-28 19:00:00","#2144517",0,0,0,0,"2026-08-27 19:00:00",1,1484,1413.33,1,,,,
"2026-08-28 19:00:00","#2144645",0,0,0,0,"2026-08-27 19:00:00",1,1499,1427.62,2,,,,
"2026-08-28 19:00:00","#2144501",0,0,0,0,"2026-08-27 19:00:00",1,1848,1760,4,,,,
"2026-08-28 19:00:00","#2144531",0,0,0,0,"2026-08-27 19:00:00",1,1399,1332.38,1,,,,
"2026-08-28 19:00:00","#2144489",0,0,0,0,"2026-08-27 19:00:00",1,1439.1,1370.58,1,,,,
"2026-08-28 19:00:00","#2144497",0,0,0,0,"2026-08-27 19:00:00",1,1499,1427.62,2,,,,
"2026-08-28 19:00:00","#2144583",0,0,0,0,"2026-08-27 19:00:00",1,1699,1618.1,2,,,,
"2026-08-28 19:00:00","#2144564",0,0,0,0,"2026-08-27 19:00:00",1,1599,1522.86,1,,,,
"2026-08-28 19:00:00","#2144620",0,0,0,0,"2026-08-27 19:00:00",1,1499,1427.62,2,,,,
"2026-08-28 19:00:00","#2144542",0,0,0,0,"2026-08-27 19:00:00",1,1549,1475.24,1,,,,
"2026-08-28 19:00:00","#2144628",0,0,0,0,"2026-08-27 19:00:00",1,0,0,2,,,,
"2026-08-28 19:00:00","#2144572",0,0,0,0,"2026-08-27 19:00:00",1,2050.2,1952.57,3,,,,
"2026-08-28 19:00:00","#2144606",0,0,0,0,"2026-08-27 19:00:00",1,1549,1475.24,1,,,,
"2026-08-28 19:00:00","#2144664",0,0,0,0,"2026-08-27 19:00:00",1,1517,1332.38,1,,,,
"2026-08-28 19:00:00","#2144654",0,0,0,0,"2026-08-27 19:00:00",1,2069,1970.48,2,,,,
"2026-08-28 19:00:00","#2144510",0,0,0,0,"2026-08-27 19:00:00",1,2390,2276.19,3,,,,
"2026-08-28 19:00:00","#2144520",0,0,0,0,"2026-08-27 19:00:00",1,1499,1427.62,2,,,,
"2026-08-28 19:00:00","#2144642",0,0,0,0,"2026-08-27 19:00:00",1,1549,1475.24,1,,,,
"2026-08-28 19:00:00","#2144518",0,0,0,0,"2026-08-27 19:00:00",1,1599,1522.86,1,,,,
"2026-08-28 19:00:00","#2144528",0,0,0,0,"2026-08-27 19:00:00",1,4636,4415.24,5,,,,
"2026-08-28 19:00:00","#2144672",0,0,0,0,"2026-08-27 19:00:00",1,1599,1522.86,1,,,,
"2026-08-28 19:00:00","#2144536",0,0,0,0,"2026-08-27 19:00:00",1,2668,2540.96,3,,,,
"2026-08-28 19:00:00","#2144625",0,0,0,0,"2026-08-27 19:00:00",1,3036,2779.05,4,,,,
"2026-08-28 19:00:00","#2144561",0,0,0,0,"2026-08-27 19:00:00",1,1499,1427.62,1,,,,
"2026-08-28 19:00:00","#2144551",0,0,0,0,"2026-08-27 19:00:00",1,1499,1427.62,1,,,,
"2026-08-28 19:00:00","#2144586",0,0,0,0,"2026-08-27 19:00:00",1,1310,1247.62,1,,,,
"2026-08-28 19:00:00","#2144569",0,0,0,0,"2026-08-27 19:00:00",1,2499,2380,3,,,,
"2026-08-28 19:00:00","#2144559",0,0,0,0,"2026-08-27 19:00:00",1,1499,1427.62,2,,,,
"2026-08-28 19:00:00","#2144547",0,0,0,0,"2026-08-27 19:00:00",1,1599,1522.86,1,,,,
"2026-08-28 19:00:00","#2144577",0,0,0,0,"2026-08-27 19:00:00",1,3048,2902.86,4,,,,
"2026-08-28 19:00:00","#2144515",0,0,0,0,"2026-08-27 19:00:00",1,1617,1427.62,2,,,,
"2026-08-28 19:00:00","#2144525",0,0,0,0,"2026-08-27 19:00:00",1,1529,1456.19,1,,,,
"2026-08-28 19:00:00","#2144651",0,0,0,0,"2026-08-27 19:00:00",1,1499,1427.62,2,,,,
"2026-08-28 19:00:00","#2144533",0,0,0,0,"2026-08-27 19:00:00",1,1667,1475.24,1,,,,
"2026-08-28 19:00:00","#2144659",0,0,0,0,"2026-08-27 19:00:00",1,991,943.81,1,,,,
"2026-08-28 19:00:00","#2144503",0,0,0,0,"2026-08-27 19:00:00",1,2554,2432.38,2,,,,
"2026-08-28 19:00:00","#2144495",0,0,0,0,"2026-08-27 19:00:00",1,2198,2093.33,4,,,,
"2026-08-28 19:00:00","#2144622",0,0,0,0,"2026-08-27 19:00:00",1,1484,1413.33,1,,,,
"2026-08-28 19:00:00","#2144578",0,0,0,0,"2026-08-27 19:00:00",1,1499,1427.62,2,,,,
"2026-08-28 19:00:00","#2144612",0,0,0,0,"2026-08-27 19:00:00",1,2200,2095.24,3,,,,
"2026-08-28 19:00:00","#2144556",0,0,0,0,"2026-08-27 19:00:00",1,2751,2620,5,,,,
"2026-08-28 19:00:00","#2144604",0,0,0,0,"2026-08-27 19:00:00",1,2467,2237.14,2,,,,
"2026-08-28 19:00:00","#2144634",0,0,0,0,"2026-08-27 19:00:00",1,2806.2,2672.57,4,,,,
"2026-08-28 19:00:00","#2144570",0,0,0,0,"2026-08-27 19:00:00",1,1499,1427.62,2,,,,
"2026-08-28 19:00:00","#2144540",0,0,0,0,"2026-08-27 19:00:00",1,1817,1618.1,1,,,,
"2026-08-28 19:00:00","#2144597",0,0,0,0,"2026-08-27 19:00:00",1,1795,1709.52,2,,,,
"2026-08-28 19:00:00","#2144522",0,0,0,0,"2026-08-27 19:00:00",1,1499,1427.62,2,,,,
"2026-08-28 19:00:00","#2144678",0,0,0,0,"2026-08-27 19:00:00",1,5167,4920.96,7,,,,
"2026-08-28 19:00:00","#2144512",0,0,0,0,"2026-08-27 19:00:00",1,1699,1618.1,1,,,,
"2026-08-28 19:00:00","#2144494",0,0,0,0,"2026-08-27 19:00:00",1,1699,1618.1,2,,,,
"2026-08-28 19:00:00","#2144492",0,0,0,0,"2026-08-27 19:00:00",1,1499,1427.62,2,,,,
"2026-08-28 19:00:00","#2144504",0,0,0,0,"2026-08-27 19:00:00",1,1517,1332.38,1,,,,
"2026-08-28 19:00:00","#2144670",0,0,0,0,"2026-08-27 19:00:00",1,1998,1902.86,4,,,,
"2026-08-28 19:00:00","#2144580",0,0,0,0,"2026-08-27 19:00:00",1,1499,1427.62,2,,,,
"2026-08-28 19:00:00","#2144613",0,0,0,0,"2026-08-27 19:00:00",1,2998,2855.24,5,,,,
"2026-08-28 19:00:00","#2144549",0,0,0,0,"2026-08-27 19:00:00",1,1599,1522.86,1,,,,
"2026-08-28 19:00:00","#2144567",0,0,0,0,"2026-08-27 19:00:00",1,1848,1760,3,,,,
"2026-08-28 19:00:00","#2144557",0,0,0,0,"2026-08-27 19:00:00",1,991,943.81,1,,,,
"2026-08-28 19:00:00","#2144541",0,0,0,0,"2026-08-27 19:00:00",1,1519,1446.67,1,,,,
"2026-08-28 19:00:00","#2144571",0,0,0,0,"2026-08-27 19:00:00",1,1649,1570.48,1,,,,
"2026-08-28 19:00:00","#2144588",0,0,0,0,"2026-08-27 19:00:00",1,1519,1446.67,1,,,,
"2026-08-28 19:00:00","#2144535",0,0,0,0,"2026-08-27 19:00:00",1,2384,2270.48,2,,,,
"2026-08-28 19:00:00","#2144671",0,0,0,0,"2026-08-27 19:00:00",1,1948,1855.24,4,,,,
"2026-08-28 19:00:00","#2144624",0,0,0,0,"2026-08-27 19:00:00",1,1699,1618.1,2,,,,
"2026-08-28 19:00:00","#2144614",0,0,0,0,"2026-08-27 19:00:00",1,3804,3622.86,9,,,,
"2026-08-28 19:00:00","#2144550",0,0,0,0,"2026-08-27 19:00:00",1,1699,1618.1,2,,,,
"2026-08-28 19:00:00","#2144560",0,0,0,0,"2026-08-27 19:00:00",1,1699,1618.1,2,,,,
"2026-08-28 19:00:00","#2144587",0,0,0,0,"2026-08-27 19:00:00",1,2117,1903.81,2,,,,
"2026-08-28 19:00:00","#2144591",0,0,0,0,"2026-08-27 19:00:00",1,1499,1427.62,2,,,,
"2026-08-28 19:00:00","#2144568",0,0,0,0,"2026-08-27 19:00:00",1,3183,3031.43,4,,,,
"2026-08-28 19:00:00","#2144632",0,0,0,0,"2026-08-27 19:00:00",1,620,590.48,1,,,,
"2026-08-28 19:00:00","#2144576",0,0,0,0,"2026-08-27 19:00:00",1,1817,1618.1,1,,,,
"2026-08-28 19:00:00","#2144524",0,0,0,0,"2026-08-27 19:00:00",1,1649,1570.48,1,,,,
"2026-08-28 19:00:00","#2144650",0,0,0,0,"2026-08-27 19:00:00",1,991,943.81,1,,,,
"2026-08-28 19:00:00","#2144660",0,0,0,0,"2026-08-27 19:00:00",1,991,943.81,1,,,,
"2026-08-28 19:00:00","#2144532",0,0,0,0,"2026-08-27 19:00:00",1,224.1,213.43,1,,,,
"2026-08-28 19:00:00","#2144646",0,0,0,0,"2026-08-27 19:00:00",1,1833,1745.71,3,,,,
"2026-08-28 19:00:00","#2144553",0,0,0,0,"2026-08-27 19:00:00",1,159,151.43,1,,,,
"2026-08-28 20:00:00","#2144708",0,0,0,0,"2026-08-27 20:00:00",1,2069,1970.48,2,,,,
"2026-08-28 20:00:00","#2144860",0,0,0,0,"2026-08-27 20:00:00",1,1328,1264.76,2,,,,
"2026-08-28 20:00:00","#2144818",0,0,0,0,"2026-08-27 20:00:00",1,2069,1970.48,2,,,,
"2026-08-28 20:00:00","#2144750",0,0,0,0,"2026-08-27 20:00:00",1,1499,1427.62,2,,,,
"2026-08-28 20:00:00","#2144756",0,0,0,0,"2026-08-27 20:00:00",1,3049,2903.8,3,,,,
"2026-08-28 20:00:00","#2144830",0,0,0,0,"2026-08-27 20:00:00",1,2069,1970.48,2,,,,
"2026-08-28 20:00:00","#2144778",0,0,0,0,"2026-08-27 20:00:00",1,1499,1427.62,2,,,,
"2026-08-28 20:00:00","#2144748",0,0,0,0,"2026-08-27 20:00:00",1,1499,1427.62,2,,,,
"2026-08-28 20:00:00","#2144770",0,0,0,0,"2026-08-27 20:00:00",1,1499,1427.62,2,,,,
"2026-08-28 20:00:00","#2144808",0,0,0,0,"2026-08-27 20:00:00",1,1617,1427.62,2,,,,
"2026-08-28 20:00:00","#2144826",0,0,0,0,"2026-08-27 20:00:00",1,1799.1,1713.43,2,,,,
"2026-08-28 20:00:00","#2144873",0,0,0,0,"2026-08-27 20:00:00",1,1717,1522.86,1,,,,
"2026-08-28 20:00:00","#2144715",0,0,0,0,"2026-08-27 20:00:00",1,1440,1371.43,1,,,,
"2026-08-28 20:00:00","#2144855",0,0,0,0,"2026-08-27 20:00:00",1,1499,1427.62,2,,,,
"2026-08-28 20:00:00","#2144865",0,0,0,0,"2026-08-27 20:00:00",1,1898,1807.62,4,,,,
"2026-08-28 20:00:00","#2144733",0,0,0,0,"2026-08-27 20:00:00",1,1699,1618.1,2,,,,
"2026-08-28 20:00:00","#2144703",0,0,0,0,"2026-08-27 20:00:00",1,1499,1427.62,1,,,,
"2026-08-28 20:00:00","#2144882",0,0,0,0,"2026-08-27 20:00:00",1,1499,1427.62,2,,,,
"2026-08-28 20:00:00","#2144751",0,0,0,0,"2026-08-27 20:00:00",1,1948,1855.24,4,,,,
"2026-08-28 20:00:00","#2144819",0,0,0,0,"2026-08-27 20:00:00",1,1917,1713.33,1,,,,
"2026-08-28 20:00:00","#2144807",0,0,0,0,"2026-08-27 20:00:00",1,1109,943.81,1,,,,
"2026-08-28 20:00:00","#2144786",0,0,0,0,"2026-08-27 20:00:00",1,1699,1618.1,2,,,,
"2026-08-28 20:00:00","#2144747",0,0,0,0,"2026-08-27 20:00:00",1,1499,1427.62,2,,,,
"2026-08-28 20:00:00","#2144821",0,0,0,0,"2026-08-27 20:00:00",1,1529,1456.19,1,,,,
"2026-08-28 20:00:00","#2144769",0,0,0,0,"2026-08-27 20:00:00",1,2069,1970.48,2,,,,
"2026-08-28 20:00:00","#2144811",0,0,0,0,"2026-08-27 20:00:00",1,2798,2664.76,4,,,,
"2026-08-28 20:00:00","#2144682",0,0,0,0,"2026-08-27 20:00:00",1,1615,1534.1,2,,,,
"2026-08-28 20:00:00","#2144842",0,0,0,0,"2026-08-27 20:00:00",1,1927,1722.86,2,,,,
"2026-08-28 20:00:00","#2144872",0,0,0,0,"2026-08-27 20:00:00",1,1499,1427.62,2,,,,
"2026-08-28 20:00:00","#2144714",0,0,0,0,"2026-08-27 20:00:00",1,1799,1713.34,1,,,,
"2026-08-28 20:00:00","#2144864",0,0,0,0,"2026-08-27 20:00:00",1,1499,1427.62,2,,,,
"2026-08-28 20:00:00","#2144854",0,0,0,0,"2026-08-27 20:00:00",1,1519,1446.66,1,,,,
"2026-08-28 20:00:00","#2144732",0,0,0,0,"2026-08-27 20:00:00",1,1157,989.52,1,,,,
"2026-08-28 20:00:00","#2144712",0,0,0,0,"2026-08-27 20:00:00",1,1484,1413.33,1,,,,
"2026-08-28 20:00:00","#2144684",0,0,0,0,"2026-08-27 20:00:00",1,1499,1427.62,2,,,,
"2026-08-28 20:00:00","#2144704",0,0,0,0,"2026-08-27 20:00:00",1,4548,4331.43,6,,,,
"2026-08-28 20:00:00","#2144760",0,0,0,0,"2026-08-27 20:00:00",1,1467,1284.76,1,,,,
"2026-08-28 20:00:00","#2144836",0,0,0,0,"2026-08-27 20:00:00",1,1778,1693.33,2,,,,
"2026-08-28 20:00:00","#2144806",0,0,0,0,"2026-08-27 20:00:00",1,249,237.14,1,,,,
"2026-08-28 20:00:00","#2144799",0,0,0,0,"2026-08-27 20:00:00",1,1998,1902.86,4,,,,
"2026-08-28 20:00:00","#2144776",0,0,0,0,"2026-08-27 20:00:00",1,2069,1970.48,2,,,,
"2026-08-28 20:00:00","#2144810",0,0,0,0,"2026-08-27 20:00:00",1,1784,1699.05,2,,,,
"2026-08-28 20:00:00","#2144820",0,0,0,0,"2026-08-27 20:00:00",1,2136,2034.29,2,,,,
"2026-08-28 20:00:00","#2144875",0,0,0,0,"2026-08-27 20:00:00",1,1499,1427.62,2,,,,
"2026-08-28 20:00:00","#2144713",0,0,0,0,"2026-08-27 20:00:00",1,1318,1142.86,1,,,,
"2026-08-28 20:00:00","#2144723",0,0,0,0,"2026-08-27 20:00:00",1,1817,1618.1,1,,,,
"2026-08-28 20:00:00","#2144685",0,0,0,0,"2026-08-27 20:00:00",1,2998,2855.24,4,,,,
"2026-08-28 20:00:00","#2144693",0,0,0,0,"2026-08-27 20:00:00",1,1399,1332.38,1,,,,
"2026-08-28 20:00:00","#2144853",0,0,0,0,"2026-08-27 20:00:00",1,2349,2237.14,2,,,,
"2026-08-28 20:00:00","#2144863",0,0,0,0,"2026-08-27 20:00:00",1,1499,1427.62,2,,,,
"2026-08-28 20:00:00","#2144735",0,0,0,0,"2026-08-27 20:00:00",1,1079,1027.62,1,,,,
"2026-08-28 20:00:00","#2144705",0,0,0,0,"2026-08-27 20:00:00",1,2069,1970.48,2,,,,
"2026-08-28 20:00:00","#2144780",0,0,0,0,"2026-08-27 20:00:00",1,1499,1427.62,2,,,,
"2026-08-28 20:00:00","#2144767",0,0,0,0,"2026-08-27 20:00:00",1,1039,989.52,1,,,,
"2026-08-28 20:00:00","#2144757",0,0,0,0,"2026-08-27 20:00:00",1,1499,1427.62,2,,,,
"2026-08-28 20:00:00","#2144801",0,0,0,0,"2026-08-27 20:00:00",1,1599,1522.86,1,,,,
"2026-08-28 20:00:00","#2144779",0,0,0,0,"2026-08-27 20:00:00",1,2349,2237.14,2,,,,
"2026-08-28 20:00:00","#2144831",0,0,0,0,"2026-08-27 20:00:00",1,1794,1708.58,1,,,,
"2026-08-28 20:00:00","#2144809",0,0,0,0,"2026-08-27 20:00:00",1,1599,1522.86,1,,,,
"2026-08-28 20:00:00","#2144771",0,0,0,0,"2026-08-27 20:00:00",1,1898,1807.62,4,,,,
"2026-08-28 20:00:00","#2144839",0,0,0,0,"2026-08-27 20:00:00",1,1499,1427.62,2,,,,
"2026-08-28 20:00:00","#2144788",0,0,0,0,"2026-08-27 20:00:00",1,1249,1189.52,1,,,,
"2026-08-28 20:00:00","#2144796",0,0,0,0,"2026-08-27 20:00:00",1,2565,2330.48,5,,,,
"2026-08-28 20:00:00","#2144680",0,0,0,0,"2026-08-27 20:00:00",1,1999,1903.81,2,,,,
"2026-08-28 20:00:00","#2144716",0,0,0,0,"2026-08-27 20:00:00",1,2918,2779.05,4,,,,
"2026-08-28 20:00:00","#2144883",0,0,0,0,"2026-08-27 20:00:00",1,1999,1903.81,2,,,,
"2026-08-28 20:00:00","#2144730",0,0,0,0,"2026-08-27 20:00:00",1,1699,1618.1,2,,,,
"2026-08-28 20:00:00","#2144878",0,0,0,0,"2026-08-27 20:00:00",1,1499,1427.62,2,,,,
"2026-08-28 20:00:00","#2144696",0,0,0,0,"2026-08-27 20:00:00",1,1187,1018.1,1,,,,
"2026-08-28 20:00:00","#2144881",0,0,0,0,"2026-08-27 20:00:00",1,1699,1618.1,2,,,,
"2026-08-28 20:00:00","#2144804",0,0,0,0,"2026-08-27 20:00:00",1,1499,1427.62,2,,,,
"2026-08-28 20:00:00","#2144793",0,0,0,0,"2026-08-27 20:00:00",1,1499,1427.62,2,,,,
"2026-08-28 20:00:00","#2144822",0,0,0,0,"2026-08-27 20:00:00",1,1599,1522.86,1,,,,
"2026-08-28 20:00:00","#2144812",0,0,0,0,"2026-08-27 20:00:00",1,2667,2540,5,,,,
"2026-08-28 20:00:00","#2144744",0,0,0,0,"2026-08-27 20:00:00",1,2069,1970.48,2,,,,
"2026-08-28 20:00:00","#2144774",0,0,0,0,"2026-08-27 20:00:00",1,1499,1427.62,1,,,,
"2026-08-28 20:00:00","#2144721",0,0,0,0,"2026-08-27 20:00:00",1,1699,1618.1,2,,,,
"2026-08-28 20:00:00","#2144859",0,0,0,0,"2026-08-27 20:00:00",1,34,32.38,3,,,,
"2026-08-28 20:00:00","#2144711",0,0,0,0,"2026-08-27 20:00:00",1,1799,1713.33,5,,,,
"2026-08-28 20:00:00","#2144847",0,0,0,0,"2026-08-27 20:00:00",1,1499,1427.62,2,,,,
"2026-08-28 20:00:00","#2144877",0,0,0,0,"2026-08-27 20:00:00",1,1385,1319.05,1,,,,
"2026-08-28 20:00:00","#2144687",0,0,0,0,"2026-08-27 20:00:00",1,1499,1427.62,2,,,,
"2026-08-28 20:00:00","#2144699",0,0,0,0,"2026-08-27 20:00:00",1,1599,1522.86,1,,,,
"2026-08-28 20:00:00","#2144691",0,0,0,0,"2026-08-27 20:00:00",1,2099,1999.05,2,,,,
"2026-08-28 20:00:00","#2144729",0,0,0,0,"2026-08-27 20:00:00",1,1499,1427.62,2,,,,
"2026-08-28 20:00:00","#2144719",0,0,0,0,"2026-08-27 20:00:00",1,1499,1427.62,2,,,,
"2026-08-28 20:00:00","#2144755",0,0,0,0,"2026-08-27 20:00:00",1,1499,1427.62,1,,,,
"2026-08-28 20:00:00","#2144815",0,0,0,0,"2026-08-27 20:00:00",1,1699,1618.1,2,,,,
"2026-08-28 20:00:00","#2144773",0,0,0,0,"2026-08-27 20:00:00",1,991,943.81,1,,,,
"2026-08-28 20:00:00","#2144794",0,0,0,0,"2026-08-27 20:00:00",1,1499,1427.62,2,,,,
"2026-08-28 20:00:00","#2144858",0,0,0,0,"2026-08-27 20:00:00",1,0,0,2,,,,
"2026-08-28 20:00:00","#2144868",0,0,0,0,"2026-08-27 20:00:00",1,1699,1618.1,2,,,,
"2026-08-28 20:00:00","#2144720",0,0,0,0,"2026-08-27 20:00:00",1,1499,1427.62,1,,,,
"2026-08-28 20:00:00","#2144846",0,0,0,0,"2026-08-27 20:00:00",1,2384,2270.48,2,,,,
"2026-08-28 20:00:00","#2144686",0,0,0,0,"2026-08-27 20:00:00",1,1499,1427.62,2,,,,
"2026-08-28 20:00:00","#2144698",0,0,0,0,"2026-08-27 20:00:00",1,991,943.81,1,,,,
"2026-08-28 20:00:00","#2144813",0,0,0,0,"2026-08-27 20:00:00",1,1499,1427.62,2,,,,
"2026-08-28 20:00:00","#2144775",0,0,0,0,"2026-08-27 20:00:00",1,1602.1,1413.43,1,,,,
"2026-08-28 20:00:00","#2144745",0,0,0,0,"2026-08-27 20:00:00",1,1599,1522.86,1,,,,
"2026-08-28 20:00:00","#2144728",0,0,0,0,"2026-08-27 20:00:00",1,1499,1427.62,2,,,,
"2026-08-28 20:00:00","#2144783",0,0,0,0,"2026-08-27 20:00:00",1,1617,1427.62,2,,,,
"2026-08-28 20:00:00","#2144802",0,0,0,0,"2026-08-27 20:00:00",1,1734,1651.42,2,,,,
"2026-08-28 20:00:00","#2144832",0,0,0,0,"2026-08-27 20:00:00",1,1499,1427.62,2,,,,
"2026-08-28 20:00:00","#2144764",0,0,0,0,"2026-08-27 20:00:00",1,1499,1427.62,2,,,,
"2026-08-28 20:00:00","#2144754",0,0,0,0,"2026-08-27 20:00:00",1,1499,1427.62,1,,,,
"2026-08-28 20:00:00","#2144824",0,0,0,0,"2026-08-27 20:00:00",1,1499,1427.62,2,,,,
"2026-08-28 20:00:00","#2144742",0,0,0,0,"2026-08-27 20:00:00",1,1699,1618.1,1,,,,
"2026-08-28 20:00:00","#2144772",0,0,0,0,"2026-08-27 20:00:00",1,1399,1332.38,1,,,,
"2026-08-28 20:00:00","#2144795",0,0,0,0,"2026-08-27 20:00:00",1,1225,1166.67,1,,,,
"2026-08-28 20:00:00","#2144717",0,0,0,0,"2026-08-27 20:00:00",1,3900,3714.29,7,,,,
"2026-08-28 20:00:00","#2144709",0,0,0,0,"2026-08-27 20:00:00",1,3198,3045.71,4,,,,
"2026-08-28 20:00:00","#2144841",0,0,0,0,"2026-08-27 20:00:00",1,1269,1208.57,1,,,,
"2026-08-28 20:00:00","#2144871",0,0,0,0,"2026-08-27 20:00:00",1,2998,2855.24,4,,,,
"2026-08-28 20:00:00","#2144701",0,0,0,0,"2026-08-27 20:00:00",1,1348.05,1283.85,1,,,,
"2026-08-28 20:00:00","#2144849",0,0,0,0,"2026-08-27 20:00:00",1,1599,1522.86,1,,,,
"2026-08-28 20:00:00","#2144879",0,0,0,0,"2026-08-27 20:00:00",1,1499,1427.62,2,,,,
"2026-08-28 20:00:00","#2144731",0,0,0,0,"2026-08-27 20:00:00",1,2187,1970.48,2,,,,
"2026-08-28 20:00:00","#2144867",0,0,0,0,"2026-08-27 20:00:00",1,1499,1427.62,2,,,,
"2026-08-28 20:00:00","#2144857",0,0,0,0,"2026-08-27 20:00:00",1,1149,1094.29,1,,,,
"2026-08-28 20:00:00","#2144880",0,0,0,0,"2026-08-27 20:00:00",1,1499,1427.62,2,,,,
"2026-08-28 20:00:00","#2144697",0,0,0,0,"2026-08-27 20:00:00",1,1310,1247.62,1,,,,
"2026-08-28 20:00:00","#2144689",0,0,0,0,"2026-08-27 20:00:00",1,2016,1807.62,4,,,,
"2026-08-28 20:00:00","#2144835",0,0,0,0,"2026-08-27 20:00:00",1,238,226.67,1,,,,
"2026-08-28 20:00:00","#2144805",0,0,0,0,"2026-08-27 20:00:00",1,1617,1427.62,1,,,,
"2026-08-28 20:00:00","#2144753",0,0,0,0,"2026-08-27 20:00:00",1,1329.05,1265.77,1,,,,
"2026-08-28 20:00:00","#2144763",0,0,0,0,"2026-08-27 20:00:00",1,2998,2855.24,5,,,,
"2026-08-28 20:00:00","#2144792",0,0,0,0,"2026-08-27 20:00:00",1,1351,1286.66,1,,,,
"2026-08-28 20:00:00","#2144690",0,0,0,0,"2026-08-27 20:00:00",1,1499,1427.62,2,,,,
"2026-08-28 20:00:00","#2144850",0,0,0,0,"2026-08-27 20:00:00",1,4389,4180,6,,,,
"2026-08-28 20:00:00","#2144844",0,0,0,0,"2026-08-27 20:00:00",1,1109,943.81,1,,,,
"2026-08-28 21:00:00","#2144993",0,0,0,0,"2026-08-27 21:00:00",1,2490,2371.43,4,,,,
"2026-08-28 21:00:00","#2144976",0,0,0,0,"2026-08-27 21:00:00",1,1499,1427.62,2,,,,
"2026-08-28 21:00:00","#2144983",0,0,0,0,"2026-08-27 21:00:00",1,1699,1618.1,2,,,,
"2026-08-28 21:00:00","#2144929",0,0,0,0,"2026-08-27 21:00:00",1,1898,1807.62,4,,,,
"2026-08-28 21:00:00","#2144939",0,0,0,0,"2026-08-27 21:00:00",1,1599,1522.86,1,,,,
"2026-08-28 21:00:00","#2144917",0,0,0,0,"2026-08-27 21:00:00",1,3116,2855.24,6,,,,
"2026-08-28 21:00:00","#2144927",0,0,0,0,"2026-08-27 21:00:00",1,2798,2664.76,3,,,,
"2026-08-28 21:00:00","#2145022",0,0,0,0,"2026-08-27 21:00:00",1,1699,1618.1,2,,,,
"2026-08-28 21:00:00","#2144975",0,0,0,0,"2026-08-27 21:00:00",1,1699,1618.1,2,,,,
"2026-08-28 21:00:00","#2145070",0,0,0,0,"2026-08-27 21:00:00",1,249,237.14,1,,,,
"2026-08-28 21:00:00","#2145101",0,0,0,0,"2026-08-27 21:00:00",1,1699,1618.1,1,,,,
"2026-08-28 21:00:00","#2145089",0,0,0,0,"2026-08-27 21:00:00",1,181,172.38,1,,,,
"2026-08-28 21:00:00","#2145097",0,0,0,0,"2026-08-27 21:00:00",1,1449,1380,1,,,,
"2026-08-28 21:00:00","#2144984",0,0,0,0,"2026-08-27 21:00:00",1,1844,1756.19,3,,,,
"2026-08-28 21:00:00","#2145081",0,0,0,0,"2026-08-27 21:00:00",1,1439.1,1370.58,1,,,,
"2026-08-28 21:00:00","#2144963",0,0,0,0,"2026-08-27 21:00:00",1,2331,2220,3,,,,
"2026-08-28 21:00:00","#2145066",0,0,0,0,"2026-08-27 21:00:00",1,1499,1427.62,1,,,,
"2026-08-28 21:00:00","#2145109",0,0,0,0,"2026-08-27 21:00:00",1,1648,1569.52,2,,,,
"2026-08-28 21:00:00","#2145056",0,0,0,0,"2026-08-27 21:00:00",1,1499,1427.62,2,,,,
"2026-08-28 21:00:00","#2144953",0,0,0,0,"2026-08-27 21:00:00",1,1599,1522.86,1,,,,
"2026-08-28 21:00:00","#2145048",0,0,0,0,"2026-08-27 21:00:00",1,1499,1427.62,2,,,,
"2026-08-28 21:00:00","#2145078",0,0,0,0,"2026-08-27 21:00:00",1,3048,2902.86,4,,,,
"2026-08-28 21:00:00","#2145003",0,0,0,0,"2026-08-27 21:00:00",1,1499,1427.62,1,,,,
"2026-08-28 21:00:00","#2144906",0,0,0,0,"2026-08-27 21:00:00",1,2399,2284.76,2,,,,
"2026-08-28 21:00:00","#2145033",0,0,0,0,"2026-08-27 21:00:00",1,1699,1618.1,1,,,,
"2026-08-28 21:00:00","#2144886",0,0,0,0,"2026-08-27 21:00:00",1,2051,1840.96,3,,,,
"2026-08-28 21:00:00","#2144920",0,0,0,0,"2026-08-27 21:00:00",1,3767,3587.62,6,,,,
"2026-08-28 21:00:00","#2145015",0,0,0,0,"2026-08-27 21:00:00",1,1499,1427.62,2,,,,
"2026-08-28 21:00:00","#2144995",0,0,0,0,"2026-08-27 21:00:00",1,1499,1427.62,2,,,,
"2026-08-28 21:00:00","#2145090",0,0,0,0,"2026-08-27 21:00:00",1,1499,1427.62,1,,,,
"2026-08-28 21:00:00","#2144972",0,0,0,0,"2026-08-27 21:00:00",1,1499,1427.62,2,,,,
"2026-08-28 21:00:00","#2145077",0,0,0,0,"2026-08-27 21:00:00",1,1484,1413.33,1,,,,
"2026-08-28 21:00:00","#2145047",0,0,0,0,"2026-08-27 21:00:00",1,1499,1427.62,2,,,,
"2026-08-28 21:00:00","#2144942",0,0,0,0,"2026-08-27 21:00:00",1,4597,4378.1,8,,,,
"2026-08-28 21:00:00","#2145059",0,0,0,0,"2026-08-27 21:00:00",1,3568,3398.1,5,,,,
"2026-08-28 21:00:00","#2145106",0,0,0,0,"2026-08-27 21:00:00",1,2016,1807.62,4,,,,
"2026-08-28 21:00:00","#2145069",0,0,0,0,"2026-08-27 21:00:00",1,1999,1903.81,2,,,,
"2026-08-28 21:00:00","#2145051",0,0,0,0,"2026-08-27 21:00:00",1,1109,943.8,1,,,,
"2026-08-28 21:00:00","#2144954",0,0,0,0,"2026-08-27 21:00:00",1,1932,1840,4,,,,
"2026-08-28 21:00:00","#2144964",0,0,0,0,"2026-08-27 21:00:00",1,1848,1760,3,,,,
"2026-08-28 21:00:00","#2145061",0,0,0,0,"2026-08-27 21:00:00",1,2069,1970.48,2,,,,
"2026-08-28 21:00:00","#2144931",0,0,0,0,"2026-08-27 21:00:00",1,2467,2237.14,2,,,,
"2026-08-28 21:00:00","#2145004",0,0,0,0,"2026-08-27 21:00:00",1,1349.1,1284.86,1,,,,
"2026-08-28 21:00:00","#2144901",0,0,0,0,"2026-08-27 21:00:00",1,5,4.76,1,,,,
"2026-08-28 21:00:00","#2145032",0,0,0,0,"2026-08-27 21:00:00",1,1374,1308.57,1,,,,
"2026-08-28 21:00:00","#2144937",0,0,0,0,"2026-08-27 21:00:00",1,4198,3998.1,6,,,,
"2026-08-28 21:00:00","#2145002",0,0,0,0,"2026-08-27 21:00:00",1,475,452.38,1,,,,
"2026-08-28 21:00:00","#2144899",0,0,0,0,"2026-08-27 21:00:00",1,1717,1522.86,1,,,,
"2026-08-28 21:00:00","#2144887",0,0,0,0,"2026-08-27 21:00:00",1,1499,1427.62,2,,,,
"2026-08-28 21:00:00","#2144911",0,0,0,0,"2026-08-27 21:00:00",1,1898,1807.62,4,,,,
"2026-08-28 21:00:00","#2145014",0,0,0,0,"2026-08-27 21:00:00",1,1299,1237.14,1,,,,
"2026-08-28 21:00:00","#2145024",0,0,0,0,"2026-08-27 21:00:00",1,1948,1855.24,3,,,,
"2026-08-28 21:00:00","#2144921",0,0,0,0,"2026-08-27 21:00:00",1,1119.2,1065.9,1,,,,
"2026-08-28 21:00:00","#2145091",0,0,0,0,"2026-08-27 21:00:00",1,1599,1522.86,1,,,,
"2026-08-28 21:00:00","#2144994",0,0,0,0,"2026-08-27 21:00:00",1,1948,1855.24,4,,,,
"2026-08-28 21:00:00","#2144943",0,0,0,0,"2026-08-27 21:00:00",1,1499,1427.62,2,,,,
"2026-08-28 21:00:00","#2145046",0,0,0,0,"2026-08-27 21:00:00",1,1499,1427.62,2,,,,
"2026-08-28 21:00:00","#2144973",0,0,0,0,"2026-08-27 21:00:00",1,5097,4854.28,9,,,,
"2026-08-28 21:00:00","#2145068",0,0,0,0,"2026-08-27 21:00:00",1,2998,2855.24,5,,,,
"2026-08-28 21:00:00","#2145107",0,0,0,0,"2026-08-27 21:00:00",1,1599,1522.86,1,,,,
"2026-08-28 21:00:00","#2145058",0,0,0,0,"2026-08-27 21:00:00",1,1848,1760,3,,,,
"2026-08-28 21:00:00","#2145060",0,0,0,0,"2026-08-27 21:00:00",1,1499,1427.62,2,,,,
"2026-08-28 21:00:00","#2144965",0,0,0,0,"2026-08-27 21:00:00",1,991,943.81,1,,,,
"2026-08-28 21:00:00","#2144955",0,0,0,0,"2026-08-27 21:00:00",1,1499,1427.62,2,,,,
"2026-08-28 21:00:00","#2145099",0,0,0,0,"2026-08-27 21:00:00",1,1499,1427.62,2,,,,
"2026-08-28 21:00:00","#2145087",0,0,0,0,"2026-08-27 21:00:00",1,1599,1522.86,1,,,,
"2026-08-28 21:00:00","#2144982",0,0,0,0,"2026-08-27 21:00:00",1,1499,1427.62,2,,,,
"2026-08-28 21:00:00","#2144900",0,0,0,0,"2026-08-27 21:00:00",1,5246,4996.2,8,,,,
"2026-08-28 21:00:00","#2145005",0,0,0,0,"2026-08-27 21:00:00",1,1499,1427.62,2,,,,
"2026-08-28 21:00:00","#2144930",0,0,0,0,"2026-08-27 21:00:00",1,4017,3825.71,7,,,,
"2026-08-28 21:00:00","#2144908",0,0,0,0,"2026-08-27 21:00:00",1,1499,1427.62,2,,,,
"2026-08-28 21:00:00","#2144938",0,0,0,0,"2026-08-27 21:00:00",1,2069,1970.48,2,,,,
"2026-08-28 21:00:00","#2145023",0,0,0,0,"2026-08-27 21:00:00",1,1848,1760,3,,,,
"2026-08-28 21:00:00","#2144926",0,0,0,0,"2026-08-27 21:00:00",1,1617,1427.62,1,,,,
"2026-08-28 21:00:00","#2144916",0,0,0,0,"2026-08-27 21:00:00",1,1499,1427.62,2,,,,
"2026-08-28 21:00:00","#2145013",0,0,0,0,"2026-08-27 21:00:00",1,1499,1427.62,1,,,,
"2026-08-28 21:00:00","#2145071",0,0,0,0,"2026-08-27 21:00:00",1,1499,1427.62,2,,,,
"2026-08-28 21:00:00","#2144974",0,0,0,0,"2026-08-27 21:00:00",1,1499,1427.62,2,,,,
"2026-08-28 21:00:00","#2145041",0,0,0,0,"2026-08-27 21:00:00",1,1799,1713.33,1,,,,
"2026-08-28 21:00:00","#2145088",0,0,0,0,"2026-08-27 21:00:00",1,1599,1522.86,1,,,,
"2026-08-28 21:00:00","#2145096",0,0,0,0,"2026-08-27 21:00:00",1,6765,6442.86,9,,,,
"2026-08-28 21:00:00","#2145098",0,0,0,0,"2026-08-27 21:00:00",1,1499,1427.62,1,,,,
"2026-08-28 21:00:00","#2145080",0,0,0,0,"2026-08-27 21:00:00",1,1699,1618.1,2,,,,
"2026-08-28 21:00:00","#2144985",0,0,0,0,"2026-08-27 21:00:00",1,2187,1970.48,2,,,,
"2026-08-28 21:00:00","#2145057",0,0,0,0,"2026-08-27 21:00:00",1,1549,1475.24,1,,,,
"2026-08-28 21:00:00","#2145108",0,0,0,0,"2026-08-27 21:00:00",1,1499,1427.62,2,,,,
"2026-08-28 21:00:00","#2145067",0,0,0,0,"2026-08-27 21:00:00",1,1599,1522.86,1,,,,
"2026-08-28 21:00:00","#2145079",0,0,0,0,"2026-08-27 21:00:00",1,1444.15,1375.38,1,,,,
"2026-08-28 21:00:00","#2145049",0,0,0,0,"2026-08-27 21:00:00",1,2001,1905.72,2,,,,
"2026-08-28 21:00:00","#2145000",0,0,0,0,"2026-08-27 21:00:00",1,2578,2455.24,3,,,,
"2026-08-28 21:00:00","#2144905",0,0,0,0,"2026-08-27 21:00:00",1,1484,1413.33,1,,,,
"2026-08-28 21:00:00","#2144935",0,0,0,0,"2026-08-27 21:00:00",1,2114.1,2013.43,2,,,,
"2026-08-28 21:00:00","#2145030",0,0,0,0,"2026-08-27 21:00:00",1,1528,1342.86,1,,,,
"2026-08-28 21:00:00","#2144885",0,0,0,0,"2026-08-27 21:00:00",1,1699,1618.1,1,,,,
"2026-08-28 21:00:00","#2145026",0,0,0,0,"2026-08-27 21:00:00",1,1399,1332.38,1,,,,
"2026-08-28 21:00:00","#2145016",0,0,0,0,"2026-08-27 21:00:00",1,1039,989.52,1,,,,
"2026-08-28 21:00:00","#2145008",0,0,0,0,"2026-08-27 21:00:00",1,1998,1902.86,4,,,,
"2026-08-28 21:00:00","#2145038",0,0,0,0,"2026-08-27 21:00:00",1,1617,1427.62,1,,,,
"2026-08-28 21:00:00","#2144996",0,0,0,0,"2026-08-27 21:00:00",1,2348,2236.19,3,,,,
"2026-08-28 21:00:00","#2145093",0,0,0,0,"2026-08-27 21:00:00",1,1499,1427.62,1,,,,
"2026-08-28 21:00:00","#2144988",0,0,0,0,"2026-08-27 21:00:00",1,1948,1855.24,4,,,,
"2026-08-28 21:00:00","#2145105",0,0,0,0,"2026-08-27 21:00:00",1,2326,2102.86,4,,,,
"2026-08-28 21:00:00","#2145074",0,0,0,0,"2026-08-27 21:00:00",1,1229,1170.48,1,,,,
"2026-08-28 21:00:00","#2144979",0,0,0,0,"2026-08-27 21:00:00",1,1599,1522.86,1,,,,
"2026-08-28 21:00:00","#2144949",0,0,0,0,"2026-08-27 21:00:00",1,1499,1427.62,2,,,,
"2026-08-28 21:00:00","#2145052",0,0,0,0,"2026-08-27 21:00:00",1,991,943.81,1,,,,
"2026-08-28 21:00:00","#2144957",0,0,0,0,"2026-08-27 21:00:00",1,1499,1427.62,2,,,,
"2026-08-28 21:00:00","#2145062",0,0,0,0,"2026-08-27 21:00:00",1,1948,1855.24,4,,,,
"2026-08-28 21:00:00","#2144980",0,0,0,0,"2026-08-27 21:00:00",1,1799,1713.33,3,,,,
"2026-08-28 21:00:00","#2145085",0,0,0,0,"2026-08-27 21:00:00",1,1699,1618.1,1,,,,
"2026-08-28 21:00:00","#2144894",0,0,0,0,"2026-08-27 21:00:00",1,1499,1427.62,2,,,,
"2026-08-28 21:00:00","#2145037",0,0,0,0,"2026-08-27 21:00:00",1,1599,1522.86,1,,,,
"2026-08-28 21:00:00","#2145007",0,0,0,0,"2026-08-27 21:00:00",1,1614.05,1537.19,1,,,,
"2026-08-28 21:00:00","#2144902",0,0,0,0,"2026-08-27 21:00:00",1,1699,1618.1,2,,,,
"2026-08-28 21:00:00","#2145029",0,0,0,0,"2026-08-27 21:00:00",1,2001,1787.71,3,,,,
"2026-08-28 21:00:00","#2144924",0,0,0,0,"2026-08-27 21:00:00",1,789,751.43,1,,,,
"2026-08-28 21:00:00","#2145021",0,0,0,0,"2026-08-27 21:00:00",1,1399,1332.38,1,,,,
"2026-08-28 21:00:00","#2145102",0,0,0,0,"2026-08-27 21:00:00",1,2999,2856.19,3,,,,
"2026-08-28 21:00:00","#2144968",0,0,0,0,"2026-08-27 21:00:00",1,1858,1769.52,2,,,,
"2026-08-28 21:00:00","#2144958",0,0,0,0,"2026-08-27 21:00:00",1,899,856.19,1,,,,
"2026-08-28 21:00:00","#2144948",0,0,0,0,"2026-08-27 21:00:00",1,1996.65,1901.57,2,,,,
"2026-08-28 21:00:00","#2145063",0,0,0,0,"2026-08-27 21:00:00",1,1617,1427.62,2,,,,
"2026-08-28 21:00:00","#2144956",0,0,0,0,"2026-08-27 21:00:00",1,1848,1760,4,,,,
"2026-08-28 21:00:00","#2145073",0,0,0,0,"2026-08-27 21:00:00",1,1699,1618.1,2,,,,
"2026-08-28 21:00:00","#2144987",0,0,0,0,"2026-08-27 21:00:00",1,1699,1618.1,2,,,,
"2026-08-28 21:00:00","#2145082",0,0,0,0,"2026-08-27 21:00:00",1,1617,1427.62,1,,,,
"2026-08-28 21:00:00","#2144960",0,0,0,0,"2026-08-27 21:00:00",1,1599,1522.86,1,,,,
"2026-08-28 21:00:00","#2145065",0,0,0,0,"2026-08-27 21:00:00",1,934.15,889.67,1,,,,
"2026-08-28 21:00:00","#2145055",0,0,0,0,"2026-08-27 21:00:00",1,1637,1559.05,1,,,,
"2026-08-28 21:00:00","#2144950",0,0,0,0,"2026-08-27 21:00:00",1,1584,1508.57,1,,,,
"2026-08-28 21:00:00","#2144903",0,0,0,0,"2026-08-27 21:00:00",1,3098,2950.48,4,,,,
"2026-08-28 21:00:00","#2145006",0,0,0,0,"2026-08-27 21:00:00",1,1499,1427.62,1,,,,
"2026-08-28 21:00:00","#2144933",0,0,0,0,"2026-08-27 21:00:00",1,799,760.95,1,,,,
"2026-08-28 21:00:00","#2145028",0,0,0,0,"2026-08-27 21:00:00",1,1617,1427.62,1,,,,
"2026-08-28 21:00:00","#2145018",0,0,0,0,"2026-08-27 21:00:00",1,1499,1427.62,2,,,,
"2026-08-28 21:00:00","#2145020",0,0,0,0,"2026-08-27 21:00:00",1,2499,2380,3,,,,
"2026-08-28 21:00:00","#2144959",0,0,0,0,"2026-08-27 21:00:00",1,1817,1618.1,1,,,,
"2026-08-28 21:00:00","#2144969",0,0,0,0,"2026-08-27 21:00:00",1,1699,1618.1,2,,,,
"2026-08-28 21:00:00","#2145072",0,0,0,0,"2026-08-27 21:00:00",1,2048,1950.48,3,,,,
"2026-08-28 21:00:00","#2144947",0,0,0,0,"2026-08-27 21:00:00",1,1933,1840.95,3,,,,
"2026-08-28 21:00:00","#2145042",0,0,0,0,"2026-08-27 21:00:00",1,1499,1427.62,2,,,,
"2026-08-28 21:00:00","#2144990",0,0,0,0,"2026-08-27 21:00:00",1,1923,1831.42,2,,,,
"2026-08-28 21:00:00","#2145083",0,0,0,0,"2026-08-27 21:00:00",1,1599,1522.86,1,,,,
"2026-08-28 21:00:00","#2144986",0,0,0,0,"2026-08-27 21:00:00",1,1902,1699.05,1,,,,
"2026-08-28 21:00:00","#2144998",0,0,0,0,"2026-08-27 21:00:00",1,1533,1460,1,,,,
"2026-08-28 21:00:00","#2144951",0,0,0,0,"2026-08-27 21:00:00",1,2069,1970.48,2,,,,
"2026-08-28 21:00:00","#2145054",0,0,0,0,"2026-08-27 21:00:00",1,1752,1550.57,1,,,,
"2026-08-28 21:00:00","#2145064",0,0,0,0,"2026-08-27 21:00:00",1,1717,1522.86,1,,,,
"2026-08-28 21:00:00","#2144961",0,0,0,0,"2026-08-27 21:00:00",1,1517,1332.38,1,,,,
"2026-08-28 21:00:00","#2145031",0,0,0,0,"2026-08-27 21:00:00",1,2467,2237.14,2,,,,
"2026-08-28 21:00:00","#2144934",0,0,0,0,"2026-08-27 21:00:00",1,1570.8,1496,3,,,,
"2026-08-28 21:00:00","#2145001",0,0,0,0,"2026-08-27 21:00:00",1,1917,1713.33,1,,,,
"2026-08-28 21:00:00","#2144892",0,0,0,0,"2026-08-27 21:00:00",1,4497,4282.86,9,,,,
"2026-08-28 21:00:00","#2145039",0,0,0,0,"2026-08-27 21:00:00",1,2490,2371.42,3,,,,
"2026-08-28 21:00:00","#2145092",0,0,0,0,"2026-08-27 21:00:00",1,1399,1332.38,1,,,,
"2026-08-28 21:00:00","#2144989",0,0,0,0,"2026-08-27 21:00:00",1,1499,1427.62,2,,,,
"2026-08-28 21:00:00","#2145104",0,0,0,0,"2026-08-27 21:00:00",1,1599,1522.86,1,,,,
"2026-08-28 21:00:00","#2144940",0,0,0,0,"2026-08-27 21:00:00",1,4138,3940.95,5,,,,
"2026-08-28 21:00:00","#2145045",0,0,0,0,"2026-08-27 21:00:00",1,2187,1970.48,2,,,,
"2026-08-28 21:00:00","#2145043",0,0,0,0,"2026-08-27 21:00:00",1,1499,1427.62,2,,,,
"2026-08-28 21:00:00","#2144946",0,0,0,0,"2026-08-27 21:00:00",1,1499,1427.62,2,,,,
"2026-08-28 21:00:00","#2144889",0,0,0,0,"2026-08-27 21:00:00",1,1699,1618.1,2,,,,
"2026-08-28 22:00:00","#2145175",0,0,0,0,"2026-08-27 22:00:00",1,1617,1427.62,1,,,,
"2026-08-28 22:00:00","#2145237",0,0,0,0,"2026-08-27 22:00:00",1,1499,1427.62,1,,,,
"2026-08-28 22:00:00","#2145169",0,0,0,0,"2026-08-27 22:00:00",1,1484,1413.33,1,,,,
"2026-08-28 22:00:00","#2145159",0,0,0,0,"2026-08-27 22:00:00",1,1998,1902.86,4,,,,
"2026-08-28 22:00:00","#2145235",0,0,0,0,"2026-08-27 22:00:00",1,1189.15,1132.52,1,,,,
"2026-08-28 22:00:00","#2145205",0,0,0,0,"2026-08-27 22:00:00",1,2517,2284.76,2,,,,
"2026-08-28 22:00:00","#2145167",0,0,0,0,"2026-08-27 22:00:00",1,1499,1427.62,2,,,,
"2026-08-28 22:00:00","#2145157",0,0,0,0,"2026-08-27 22:00:00",1,4452.3,3938.21,6,,,,
"2026-08-28 22:00:00","#2145213",0,0,0,0,"2026-08-27 22:00:00",1,1699,1618.1,2,,,,
"2026-08-28 22:00:00","#2145149",0,0,0,0,"2026-08-27 22:00:00",1,1617,1427.62,2,,,,
"2026-08-28 22:00:00","#2145179",0,0,0,0,"2026-08-27 22:00:00",1,1998,1902.86,4,,,,
"2026-08-28 22:00:00","#2145223",0,0,0,0,"2026-08-27 22:00:00",1,1999,1903.81,2,,,,
"2026-08-28 22:00:00","#2145180",0,0,0,0,"2026-08-27 22:00:00",1,1399,1332.38,1,,,,
"2026-08-28 22:00:00","#2145241",0,0,0,0,"2026-08-27 22:00:00",1,1998,1871.48,4,,,,
"2026-08-28 22:00:00","#2145135",0,0,0,0,"2026-08-27 22:00:00",1,2187,1970.48,2,,,,
"2026-08-28 22:00:00","#2145113",0,0,0,0,"2026-08-27 22:00:00",1,1499,1427.62,2,,,,
"2026-08-28 22:00:00","#2145123",0,0,0,0,"2026-08-27 22:00:00",1,1882,1792.38,4,,,,
"2026-08-28 22:00:00","#2145176",0,0,0,0,"2026-08-27 22:00:00",1,0,0,1,,,,
"2026-08-28 22:00:00","#2145202",0,0,0,0,"2026-08-27 22:00:00",1,1684,1603.81,1,,,,
"2026-08-28 22:00:00","#2145158",0,0,0,0,"2026-08-27 22:00:00",1,1499,1427.62,2,,,,
"2026-08-28 22:00:00","#2145232",0,0,0,0,"2026-08-27 22:00:00",1,1663.2,1584,2,,,,
"2026-08-28 22:00:00","#2145191",0,0,0,0,"2026-08-27 22:00:00",1,909,865.72,1,,,,
"2026-08-28 22:00:00","#2145199",0,0,0,0,"2026-08-27 22:00:00",1,1425,1353.62,1,,,,
"2026-08-28 22:00:00","#2145187",0,0,0,0,"2026-08-27 22:00:00",1,1947,1854.29,5,,,,
"2026-08-28 22:00:00","#2145150",0,0,0,0,"2026-08-27 22:00:00",1,2198,2093.33,3,,,,
"2026-08-28 22:00:00","#2145160",0,0,0,0,"2026-08-27 22:00:00",1,1499,1427.62,1,,,,
"2026-08-28 22:00:00","#2145224",0,0,0,0,"2026-08-27 22:00:00",1,1499,1427.62,2,,,,
"2026-08-28 22:00:00","#2145214",0,0,0,0,"2026-08-27 22:00:00",1,2248,2140.95,4,,,,
"2026-08-28 22:00:00","#2145246",0,0,0,0,"2026-08-27 22:00:00",1,143,136.19,1,,,,
"2026-08-28 22:00:00","#2145132",0,0,0,0,"2026-08-27 22:00:00",1,1502,1318.1,1,,,,
"2026-08-28 22:00:00","#2145114",0,0,0,0,"2026-08-27 22:00:00",1,2048,1950.48,4,,,,
"2026-08-28 22:00:00","#2145147",0,0,0,0,"2026-08-27 22:00:00",1,1997,1901.9,5,,,,
"2026-08-28 22:00:00","#2145177",0,0,0,0,"2026-08-27 22:00:00",1,2117,1903.81,2,,,,
"2026-08-28 22:00:00","#2145196",0,0,0,0,"2026-08-27 22:00:00",1,1348,1283.8,2,,,,
"2026-08-28 22:00:00","#2145141",0,0,0,0,"2026-08-27 22:00:00",1,1717,1522.86,1,,,,
"2026-08-28 22:00:00","#2145171",0,0,0,0,"2026-08-27 22:00:00",1,1898,1807.62,4,,,,
"2026-08-28 22:00:00","#2145203",0,0,0,0,"2026-08-27 22:00:00",1,1499,1427.62,1,,,,
"2026-08-28 22:00:00","#2145190",0,0,0,0,"2026-08-27 22:00:00",1,1699,1618.1,2,,,,
"2026-08-28 22:00:00","#2145198",0,0,0,0,"2026-08-27 22:00:00",1,2069,1970.48,2,,,,
"2026-08-28 22:00:00","#2145186",0,0,0,0,"2026-08-27 22:00:00",1,2508,2270.57,3,,,,
"2026-08-28 22:00:00","#2145161",0,0,0,0,"2026-08-27 22:00:00",1,1499,1427.62,2,,,,
"2026-08-28 22:00:00","#2145151",0,0,0,0,"2026-08-27 22:00:00",1,1499,1427.62,1,,,,
"2026-08-28 22:00:00","#2145215",0,0,0,0,"2026-08-27 22:00:00",1,1499,1427.62,2,,,,
"2026-08-28 22:00:00","#2145225",0,0,0,0,"2026-08-27 22:00:00",1,1617,1427.62,2,,,,
"2026-08-28 22:00:00","#2145133",0,0,0,0,"2026-08-27 22:00:00",1,2517,2284.76,2,,,,
"2026-08-28 22:00:00","#2145115",0,0,0,0,"2026-08-27 22:00:00",1,2298,2188.57,4,,,,
"2026-08-28 22:00:00","#2145125",0,0,0,0,"2026-08-27 22:00:00",1,1499,1427.62,2,,,,
"2026-08-28 22:00:00","#2145189",0,0,0,0,"2026-08-27 22:00:00",1,1291.15,1229.67,1,,,,
"2026-08-28 22:00:00","#2145197",0,0,0,0,"2026-08-27 22:00:00",1,1249,1189.52,1,,,,
"2026-08-28 22:00:00","#2145170",0,0,0,0,"2026-08-27 22:00:00",1,1599,1522.86,1,,,,
"2026-08-28 22:00:00","#2145140",0,0,0,0,"2026-08-27 22:00:00",1,1109,943.81,1,,,,
"2026-08-28 22:00:00","#2145204",0,0,0,0,"2026-08-27 22:00:00",1,2069,1970.48,2,,,,
"2026-08-28 22:00:00","#2145234",0,0,0,0,"2026-08-27 22:00:00",1,1898,1807.62,4,,,,
"2026-08-28 22:00:00","#2145156",0,0,0,0,"2026-08-27 22:00:00",1,1699,1618.1,2,,,,
"2026-08-28 22:00:00","#2145166",0,0,0,0,"2026-08-27 22:00:00",1,1599,1522.86,1,,,,
"2026-08-28 22:00:00","#2145222",0,0,0,0,"2026-08-27 22:00:00",1,1124.25,1070.71,1,,,,
"2026-08-28 22:00:00","#2145178",0,0,0,0,"2026-08-27 22:00:00",1,1617,1427.62,1,,,,
"2026-08-28 22:00:00","#2145212",0,0,0,0,"2026-08-27 22:00:00",1,1499,1427.62,2,,,,
"2026-08-28 22:00:00","#2145181",0,0,0,0,"2026-08-27 22:00:00",1,3898,3712.38,6,,,,
"2026-08-28 22:00:00","#2145240",0,0,0,0,"2026-08-27 22:00:00",1,1686,1605.71,2,,,,
"2026-08-28 22:00:00","#2145134",0,0,0,0,"2026-08-27 22:00:00",1,1917,1713.33,1,,,,
"2026-08-28 22:00:00","#2145122",0,0,0,0,"2026-08-27 22:00:00",1,2097,1997.14,4,,,,
"2026-08-28 22:00:00","#2145112",0,0,0,0,"2026-08-27 22:00:00",1,1767,1570.48,1,,,,
"2026-08-28 22:00:00","#2145201",0,0,0,0,"2026-08-27 22:00:00",1,1,0.95,1,,,,
"2026-08-28 22:00:00","#2145231",0,0,0,0,"2026-08-27 22:00:00",1,2237,2130.48,2,,,,
"2026-08-28 22:00:00","#2145188",0,0,0,0,"2026-08-27 22:00:00",1,1617,1427.62,2,,,,
"2026-08-28 22:00:00","#2145233",0,0,0,0,"2026-08-27 22:00:00",1,2998,2855.24,6,,,,
"2026-08-28 22:00:00","#2145192",0,0,0,0,"2026-08-27 22:00:00",1,1948,1855.24,4,,,,
"2026-08-28 22:00:00","#2145184",0,0,0,0,"2026-08-27 22:00:00",1,599,570.48,1,,,,
"2026-08-28 22:00:00","#2145227",0,0,0,0,"2026-08-27 22:00:00",1,1384,1318.1,1,,,,
"2026-08-28 22:00:00","#2145217",0,0,0,0,"2026-08-27 22:00:00",1,484,460.95,1,,,,
"2026-08-28 22:00:00","#2145153",0,0,0,0,"2026-08-27 22:00:00",1,3846,3662.86,9,,,,
"2026-08-28 22:00:00","#2145209",0,0,0,0,"2026-08-27 22:00:00",1,1617,1427.62,2,,,,
"2026-08-28 22:00:00","#2145239",0,0,0,0,"2026-08-27 22:00:00",1,1399,1332.38,2,,,,
"2026-08-28 22:00:00","#2145163",0,0,0,0,"2026-08-27 22:00:00",1,1717,1522.86,1,,,,
"2026-08-28 22:00:00","#2145131",0,0,0,0,"2026-08-27 22:00:00",1,1499,1427.62,1,,,,
"2026-08-28 22:00:00","#2145245",0,0,0,0,"2026-08-27 22:00:00",1,1927,1722.86,2,,,,
"2026-08-28 22:00:00","#2145127",0,0,0,0,"2026-08-27 22:00:00",1,1329.05,1265.76,1,,,,
"2026-08-28 22:00:00","#2145117",0,0,0,0,"2026-08-27 22:00:00",1,1617,1422,2,,,,
"2026-08-28 22:00:00","#2145139",0,0,0,0,"2026-08-27 22:00:00",1,1499,1427.62,1,,,,
"2026-08-28 22:00:00","#2145195",0,0,0,0,"2026-08-27 22:00:00",1,1,0.95,1,,,,
"2026-08-28 22:00:00","#2145236",0,0,0,0,"2026-08-27 22:00:00",1,4099,3903.81,6,,,,
"2026-08-28 22:00:00","#2145206",0,0,0,0,"2026-08-27 22:00:00",1,809.25,770.71,1,,,,
"2026-08-28 22:00:00","#2145142",0,0,0,0,"2026-08-27 22:00:00",1,3594,3422.86,8,,,,
"2026-08-28 22:00:00","#2145218",0,0,0,0,"2026-08-27 22:00:00",1,1499,1427.62,2,,,,
"2026-08-28 22:00:00","#2145228",0,0,0,0,"2026-08-27 22:00:00",1,1699,1618.1,2,,,,
"2026-08-28 22:00:00","#2145172",0,0,0,0,"2026-08-27 22:00:00",1,1499,1427.62,1,,,,
"2026-08-28 22:00:00","#2145210",0,0,0,0,"2026-08-27 22:00:00",1,1699,1618.1,1,,,,
"2026-08-28 22:00:00","#2145220",0,0,0,0,"2026-08-27 22:00:00",1,1617,1427.62,2,,,,
"2026-08-28 22:00:00","#2145164",0,0,0,0,"2026-08-27 22:00:00",1,1767,1564.86,1,,,,
"2026-08-28 22:00:00","#2145154",0,0,0,0,"2026-08-27 22:00:00",1,1699,1618.1,2,,,,
"2026-08-28 22:00:00","#2145183",0,0,0,0,"2026-08-27 22:00:00",1,899,856.19,1,,,,
"2026-08-28 22:00:00","#2145136",0,0,0,0,"2026-08-27 22:00:00",1,1897,1806.66,5,,,,
"2026-08-28 22:00:00","#2145242",0,0,0,0,"2026-08-27 22:00:00",1,1784,1699.05,1,,,,
"2026-08-28 22:00:00","#2145118",0,0,0,0,"2026-08-27 22:00:00",1,789,751.43,1,,,,
"2026-08-28 22:00:00","#2145110",0,0,0,0,"2026-08-27 22:00:00",1,1698,1617.14,2,,,,
"2026-08-28 22:00:00","#2145120",0,0,0,0,"2026-08-27 22:00:00",1,1617,1427.62,2,,,,
"2026-08-28 22:00:00","#2145244",0,0,0,0,"2026-08-27 22:00:00",1,1499,1427.62,2,,,,
"2026-08-28 22:00:00","#2145126",0,0,0,0,"2026-08-27 22:00:00",1,1599,1522.86,1,,,,
"2026-08-28 22:00:00","#2145138",0,0,0,0,"2026-08-27 22:00:00",1,1274.15,1213.47,1,,,,
"2026-08-28 22:00:00","#2145173",0,0,0,0,"2026-08-27 22:00:00",1,1817,1618.1,1,,,,
"2026-08-28 22:00:00","#2145229",0,0,0,0,"2026-08-27 22:00:00",1,2998,2855.24,6,,,,
"2026-08-28 22:00:00","#2145219",0,0,0,0,"2026-08-27 22:00:00",1,479,456.19,1,,,,
"2026-08-28 22:00:00","#2145143",0,0,0,0,"2026-08-27 22:00:00",1,2069,1970.48,2,,,,
"2026-08-28 22:00:00","#2145221",0,0,0,0,"2026-08-27 22:00:00",1,1499,1427.62,1,,,,
"2026-08-28 22:00:00","#2145211",0,0,0,0,"2026-08-27 22:00:00",1,1499,1427.62,2,,,,
"2026-08-28 22:00:00","#2145155",0,0,0,0,"2026-08-27 22:00:00",1,1499,1427.62,2,,,,
"2026-08-28 22:00:00","#2145165",0,0,0,0,"2026-08-27 22:00:00",1,1499,1427.62,2,,,,
"2026-08-28 22:00:00","#2145182",0,0,0,0,"2026-08-27 22:00:00",1,699,665.71,1,,,,
"2026-08-28 22:00:00","#2145137",0,0,0,0,"2026-08-27 22:00:00",1,3016,2760,4,,,,
"2026-08-28 22:00:00","#2145129",0,0,0,0,"2026-08-27 22:00:00",1,1998,1902.86,4,,,,
"2026-08-28 22:00:00","#2145119",0,0,0,0,"2026-08-27 22:00:00",1,1817,1618.1,1,,,,
"2026-08-28 22:00:00","#2145243",0,0,0,0,"2026-08-27 22:00:00",1,4947,4711.43,6,,,,
"2026-08-28 22:00:00","#2145121",0,0,0,0,"2026-08-27 22:00:00",1,3198,3045.72,4,,,,
"2026-08-28 22:00:00","#2145111",0,0,0,0,"2026-08-27 22:00:00",1,1499,1427.62,2,,,,
"2026-08-28 22:00:00","#2145230",0,0,0,0,"2026-08-27 22:00:00",1,2049,1951.43,2,,,,
"2026-08-28 22:00:00","#2145200",0,0,0,0,"2026-08-27 22:00:00",1,1699,1618.1,2,,,,
"2026-08-28 22:00:00","#2145144",0,0,0,0,"2026-08-27 22:00:00",1,2187,1970.48,2,,,,
"2026-08-28 22:00:00","#2145174",0,0,0,0,"2026-08-27 22:00:00",1,1999,1903.81,2,,,,
"2026-08-28 22:00:00","#2145193",0,0,0,0,"2026-08-27 22:00:00",1,2878.2,2741.14,4,,,,
"2026-08-28 22:00:00","#2145185",0,0,0,0,"2026-08-27 22:00:00",1,1399,1332.38,1,,,,
"2026-08-28 22:00:00","#2145216",0,0,0,0,"2026-08-27 22:00:00",1,1499,1427.62,1,,,,
"2026-08-28 22:00:00","#2145226",0,0,0,0,"2026-08-27 22:00:00",1,2467,2237.14,2,,,,
"2026-08-28 22:00:00","#2145162",0,0,0,0,"2026-08-27 22:00:00",1,1407.12,1340.11,1,,,,
"2026-08-28 22:00:00","#2145238",0,0,0,0,"2026-08-27 22:00:00",1,1898,1807.62,4,,,,
"2026-08-28 22:00:00","#2145208",0,0,0,0,"2026-08-27 22:00:00",1,1499,1427.62,2,,,,
"2026-08-28 22:00:00","#2145152",0,0,0,0,"2026-08-27 22:00:00",1,1399,1332.38,1,,,,
"2026-08-28 22:00:00","#2145130",0,0,0,0,"2026-08-27 22:00:00",1,1499,1427.62,2,,,,
"2026-08-28 22:00:00","#2145194",0,0,0,0,"2026-08-27 22:00:00",1,1998,1902.86,4,,,,
"2026-08-28 22:00:00","#2145207",0,0,0,0,"2026-08-27 22:00:00",1,2136,2034.29,2,,,,
"2026-08-28 22:00:00","#2145145",0,0,0,0,"2026-08-27 22:00:00",1,1499,1427.62,2,,,,
"2026-08-28 23:00:00","#2145296",0,0,0,0,"2026-08-27 23:00:00",1,2416,2188.57,4,,,,
"2026-08-28 23:00:00","#2145269",0,0,0,0,"2026-08-27 23:00:00",1,2165,1949.52,4,,,,
"2026-08-28 23:00:00","#2145360",0,0,0,0,"2026-08-27 23:00:00",1,1817,1618.1,2,,,,
"2026-08-28 23:00:00","#2145350",0,0,0,0,"2026-08-27 23:00:00",1,3198,3045.71,5,,,,
"2026-08-28 23:00:00","#2145348",0,0,0,0,"2026-08-27 23:00:00",1,1617,1427.62,2,,,,
"2026-08-28 23:00:00","#2145378",0,0,0,0,"2026-08-27 23:00:00",1,2069,1970.48,2,,,,
"2026-08-28 23:00:00","#2145292",0,0,0,0,"2026-08-27 23:00:00",1,1499,1427.62,1,,,,
"2026-08-28 23:00:00","#2145275",0,0,0,0,"2026-08-27 23:00:00",1,2334,2222.86,2,,,,
"2026-08-28 23:00:00","#2145334",0,0,0,0,"2026-08-27 23:00:00",1,1898,1807.62,4,,,,
"2026-08-28 23:00:00","#2145304",0,0,0,0,"2026-08-27 23:00:00",1,1549,1475.24,1,,,,
"2026-08-28 23:00:00","#2145253",0,0,0,0,"2026-08-27 23:00:00",1,1599,1522.86,1,,,,
"2026-08-28 23:00:00","#2145263",0,0,0,0,"2026-08-27 23:00:00",1,1099,1046.67,1,,,,
"2026-08-28 23:00:00","#2145312",0,0,0,0,"2026-08-27 23:00:00",1,1717,1522.86,1,,,,
"2026-08-28 23:00:00","#2145322",0,0,0,0,"2026-08-27 23:00:00",1,7595,7233.33,8,,,,
"2026-08-28 23:00:00","#2145284",0,0,0,0,"2026-08-27 23:00:00",1,1484,1413.34,1,,,,
"2026-08-28 23:00:00","#2145377",0,0,0,0,"2026-08-27 23:00:00",1,3668,3493.33,4,,,,
"2026-08-28 23:00:00","#2145347",0,0,0,0,"2026-08-27 23:00:00",1,2998,2855.24,6,,,,
"2026-08-28 23:00:00","#2145359",0,0,0,0,"2026-08-27 23:00:00",1,1414,1346.67,1,,,,
"2026-08-28 23:00:00","#2145369",0,0,0,0,"2026-08-27 23:00:00",1,1817,1618.1,2,,,,
"2026-08-28 23:00:00","#2145351",0,0,0,0,"2026-08-27 23:00:00",1,1617,1427.62,2,,,,
"2026-08-28 23:00:00","#2145361",0,0,0,0,"2026-08-27 23:00:00",1,1802,1603.81,1,,,,
"2026-08-28 23:00:00","#2145272",0,0,0,0,"2026-08-27 23:00:00",1,2948,2807.62,4,,,,
"2026-08-28 23:00:00","#2145303",0,0,0,0,"2026-08-27 23:00:00",1,3198,3045.71,4,,,,
"2026-08-28 23:00:00","#2145333",0,0,0,0,"2026-08-27 23:00:00",1,0,0,1,,,,
"2026-08-28 23:00:00","#2145295",0,0,0,0,"2026-08-27 23:00:00",1,1499,1427.62,2,,,,
"2026-08-28 23:00:00","#2145283",0,0,0,0,"2026-08-27 23:00:00",1,1998,1902.86,4,,,,
"2026-08-28 23:00:00","#2145264",0,0,0,0,"2026-08-27 23:00:00",1,1983,1847.02,3,,,,
"2026-08-28 23:00:00","#2145254",0,0,0,0,"2026-08-27 23:00:00",1,1848,1760,3,,,,
"2026-08-28 23:00:00","#2145325",0,0,0,0,"2026-08-27 23:00:00",1,1519,1446.67,1,,,,
"2026-08-28 23:00:00","#2145315",0,0,0,0,"2026-08-27 23:00:00",1,3249,3094.29,3,,,,
"2026-08-28 23:00:00","#2145346",0,0,0,0,"2026-08-27 23:00:00",1,1499,1427.62,2,,,,
"2026-08-28 23:00:00","#2145376",0,0,0,0,"2026-08-27 23:00:00",1,1699,1618.1,2,,,,
"2026-08-28 23:00:00","#2145368",0,0,0,0,"2026-08-27 23:00:00",1,2467,2237.14,2,,,,
"2026-08-28 23:00:00","#2145370",0,0,0,0,"2026-08-27 23:00:00",1,1913,1709.52,2,,,,
"2026-08-28 23:00:00","#2145366",0,0,0,0,"2026-08-27 23:00:00",1,1699,1618.1,2,,,,
"2026-08-28 23:00:00","#2145356",0,0,0,0,"2026-08-27 23:00:00",1,1898,1807.62,4,,,,
"2026-08-28 23:00:00","#2145273",0,0,0,0,"2026-08-27 23:00:00",1,1599,1522.86,1,,,,
"2026-08-28 23:00:00","#2145332",0,0,0,0,"2026-08-27 23:00:00",1,1949,1856.2,2,,,,
"2026-08-28 23:00:00","#2145302",0,0,0,0,"2026-08-27 23:00:00",1,1499,1427.62,2,,,,
"2026-08-28 23:00:00","#2145294",0,0,0,0,"2026-08-27 23:00:00",1,743.25,707.85,1,,,,
"2026-08-28 23:00:00","#2145282",0,0,0,0,"2026-08-27 23:00:00",1,1699.15,1618.24,1,,,,
"2026-08-28 23:00:00","#2145255",0,0,0,0,"2026-08-27 23:00:00",1,1517,1332.38,1,,,,
"2026-08-28 23:00:00","#2145265",0,0,0,0,"2026-08-27 23:00:00",1,2016,1807.62,4,,,,
"2026-08-28 23:00:00","#2145314",0,0,0,0,"2026-08-27 23:00:00",1,1484,1413.33,1,,,,
"2026-08-28 23:00:00","#2145324",0,0,0,0,"2026-08-27 23:00:00",1,2467,2237.14,2,,,,
"2026-08-28 23:00:00","#2145371",0,0,0,0,"2026-08-27 23:00:00",1,1699,1618.1,2,,,,
"2026-08-28 23:00:00","#2145341",0,0,0,0,"2026-08-27 23:00:00",1,3117,2856.19,3,,,,
"2026-08-28 23:00:00","#2145357",0,0,0,0,"2026-08-27 23:00:00",1,2568,2445.71,4,,,,
"2026-08-28 23:00:00","#2145367",0,0,0,0,"2026-08-27 23:00:00",1,1717,1522.86,1,,,,
"2026-08-28 23:00:00","#2145349",0,0,0,0,"2026-08-27 23:00:00",1,1783.8,1698.86,2,,,,
"2026-08-28 23:00:00","#2145293",0,0,0,0,"2026-08-27 23:00:00",1,2334,2222.86,2,,,,
"2026-08-28 23:00:00","#2145274",0,0,0,0,"2026-08-27 23:00:00",1,1499,1427.62,2,,,,
"2026-08-28 23:00:00","#2145305",0,0,0,0,"2026-08-27 23:00:00",1,4597,4378.1,7,,,,
"2026-08-28 23:00:00","#2145335",0,0,0,0,"2026-08-27 23:00:00",1,1499,1427.62,2,,,,
"2026-08-28 23:00:00","#2145262",0,0,0,0,"2026-08-27 23:00:00",1,1499,1427.62,2,,,,
"2026-08-28 23:00:00","#2145252",0,0,0,0,"2026-08-27 23:00:00",1,1499,1427.62,1,,,,
"2026-08-28 23:00:00","#2145323",0,0,0,0,"2026-08-27 23:00:00",1,1999,1903.81,2,,,,
"2026-08-28 23:00:00","#2145313",0,0,0,0,"2026-08-27 23:00:00",1,2187,1970.48,2,,,,
"2026-08-28 23:00:00","#2145285",0,0,0,0,"2026-08-27 23:00:00",1,1499,1427.62,2,,,,
"2026-08-28 23:00:00","#2145374",0,0,0,0,"2026-08-27 23:00:00",1,1999,1903.81,2,,,,
"2026-08-28 23:00:00","#2145344",0,0,0,0,"2026-08-27 23:00:00",1,1982,1887.62,3,,,,
"2026-08-28 23:00:00","#2145352",0,0,0,0,"2026-08-27 23:00:00",1,1809,1722.86,2,,,,
"2026-08-28 23:00:00","#2145362",0,0,0,0,"2026-08-27 23:00:00",1,1898,1807.62,4,,,,
"2026-08-28 23:00:00","#2145300",0,0,0,0,"2026-08-27 23:00:00",1,1424.05,1356.23,1,,,,
"2026-08-28 23:00:00","#2145330",0,0,0,0,"2026-08-27 23:00:00",1,3198,3045.71,5,,,,
"2026-08-28 23:00:00","#2145271",0,0,0,0,"2026-08-27 23:00:00",1,2048,1950.48,4,,,,
"2026-08-28 23:00:00","#2145358",0,0,0,0,"2026-08-27 23:00:00",1,1649,1570.48,1,,,,
"2026-08-28 23:00:00","#2145288",0,0,0,0,"2026-08-27 23:00:00",1,2069,1970.48,2,,,,
"2026-08-28 23:00:00","#2145280",0,0,0,0,"2026-08-27 23:00:00",1,1499,1427.62,1,,,,
"2026-08-28 23:00:00","#2145249",0,0,0,0,"2026-08-27 23:00:00",1,4297,4092.38,8,,,,
"2026-08-28 23:00:00","#2145326",0,0,0,0,"2026-08-27 23:00:00",1,1617,1427.62,1,,,,
"2026-08-28 23:00:00","#2145316",0,0,0,0,"2026-08-27 23:00:00",1,1499,1427.62,2,,,,
"2026-08-28 23:00:00","#2145279",0,0,0,0,"2026-08-27 23:00:00",1,1817,1618.1,2,,,,
"2026-08-28 23:00:00","#2145267",0,0,0,0,"2026-08-27 23:00:00",1,1499,1427.62,2,,,,
"2026-08-28 23:00:00","#2145308",0,0,0,0,"2026-08-27 23:00:00",1,3048,2902.86,5,,,,
"2026-08-28 23:00:00","#2145338",0,0,0,0,"2026-08-27 23:00:00",1,1684,1603.81,1,,,,
"2026-08-28 23:00:00","#2145257",0,0,0,0,"2026-08-27 23:00:00",1,1817,1618.1,2,,,,
"2026-08-28 23:00:00","#2145343",0,0,0,0,"2026-08-27 23:00:00",1,1617,1427.62,1,,,,
"2026-08-28 23:00:00","#2145373",0,0,0,0,"2026-08-27 23:00:00",1,2218,2112.38,3,,,,
"2026-08-28 23:00:00","#2145365",0,0,0,0,"2026-08-27 23:00:00",1,1484,1413.33,1,,,,
"2026-08-28 23:00:00","#2145355",0,0,0,0,"2026-08-27 23:00:00",1,2316,2093.33,4,,,,
"2026-08-28 23:00:00","#2145291",0,0,0,0,"2026-08-27 23:00:00",1,1699,1618.1,2,,,,
"2026-08-28 23:00:00","#2145258",0,0,0,0,"2026-08-27 23:00:00",1,1499,1427.62,1,,,,
"2026-08-28 23:00:00","#2145337",0,0,0,0,"2026-08-27 23:00:00",1,3098,2950.48,5,,,,
"2026-08-28 23:00:00","#2145307",0,0,0,0,"2026-08-27 23:00:00",1,1499,1427.62,2,,,,
"2026-08-28 23:00:00","#2145268",0,0,0,0,"2026-08-27 23:00:00",1,1699,1618.1,2,,,,
"2026-08-28 23:00:00","#2145276",0,0,0,0,"2026-08-27 23:00:00",1,1727,1644.76,3,,,,
"2026-08-28 23:00:00","#2145319",0,0,0,0,"2026-08-27 23:00:00",1,1799,1713.33,1,,,,
"2026-08-28 23:00:00","#2145329",0,0,0,0,"2026-08-27 23:00:00",1,1149,1094.28,1,,,,
"2026-08-28 23:00:00","#2145311",0,0,0,0,"2026-08-27 23:00:00",1,1966,1760,4,,,,
"2026-08-28 23:00:00","#2145321",0,0,0,0,"2026-08-27 23:00:00",1,1784,1699.04,1,,,,
"2026-08-28 23:00:00","#2145250",0,0,0,0,"2026-08-27 23:00:00",1,599,570.48,1,,,,
"2026-08-28 23:00:00","#2145260",0,0,0,0,"2026-08-27 23:00:00",1,2098,1998.1,4,,,,
"2026-08-28 23:00:00","#2145287",0,0,0,0,"2026-08-27 23:00:00",1,1499,1427.62,2,,,,
"2026-08-28 23:00:00","#2145299",0,0,0,0,"2026-08-27 23:00:00",1,1499,1427.62,2,,,,
"2026-08-28 23:00:00","#2145372",0,0,0,0,"2026-08-27 23:00:00",1,1499,1427.62,2,,,,
"2026-08-28 23:00:00","#2145342",0,0,0,0,"2026-08-27 23:00:00",1,1499,1427.62,2,,,,
"2026-08-28 23:00:00","#2145354",0,0,0,0,"2026-08-27 23:00:00",1,1699,1618.1,2,,,,
"2026-08-28 23:00:00","#2145339",0,0,0,0,"2026-08-27 23:00:00",1,1767,1570.48,1,,,,
"2026-08-28 23:00:00","#2145309",0,0,0,0,"2026-08-27 23:00:00",1,1999,1903.81,2,,,,
"2026-08-28 23:00:00","#2145266",0,0,0,0,"2026-08-27 23:00:00",1,1557.1,1370.57,1,,,,
"2026-08-28 23:00:00","#2145306",0,0,0,0,"2026-08-27 23:00:00",1,1499,1427.62,2,,,,
"2026-08-28 23:00:00","#2145336",0,0,0,0,"2026-08-27 23:00:00",1,1599,1522.86,1,,,,
"2026-08-28 23:00:00","#2145259",0,0,0,0,"2026-08-27 23:00:00",1,1848,1760,4,,,,
"2026-08-28 23:00:00","#2145247",0,0,0,0,"2026-08-27 23:00:00",1,1499,1427.62,2,,,,
"2026-08-28 23:00:00","#2145328",0,0,0,0,"2026-08-27 23:00:00",1,1717,1522.86,1,,,,
"2026-08-28 23:00:00","#2145318",0,0,0,0,"2026-08-27 23:00:00",1,2349,2237.14,2,,,,
"2026-08-28 23:00:00","#2145277",0,0,0,0,"2026-08-27 23:00:00",1,1599,1522.86,1,,,,
"2026-08-28 23:00:00","#2145320",0,0,0,0,"2026-08-27 23:00:00",1,1749,1665.71,1,,,,
"2026-08-28 23:00:00","#2145310",0,0,0,0,"2026-08-27 23:00:00",1,3997,3806.67,7,,,,
"2026-08-28 23:00:00","#2145261",0,0,0,0,"2026-08-27 23:00:00",1,2998,2855.24,6,,,,
"2026-08-28 23:00:00","#2145251",0,0,0,0,"2026-08-27 23:00:00",1,2198,2093.33,4,,,,
"2026-08-28 23:00:00","#2145286",0,0,0,0,"2026-08-27 23:00:00",1,1349.1,1284.86,1,,,,
"2026-08-28 23:00:00","#2145298",0,0,0,0,"2026-08-27 23:00:00",1,3098,2950.48,4,,,,
"2026-08-28 23:00:00","#2145345",0,0,0,0,"2026-08-27 23:00:00",1,1599,1522.86,1,,,,
"2026-08-28 23:00:00","#2145375",0,0,0,0,"2026-08-27 23:00:00",1,2349,2237.14,2,,,,
"2026-08-28 23:00:00","#2145363",0,0,0,0,"2026-08-27 23:00:00",1,1499,1427.62,1,,,,
"2026-08-28 23:00:00","#2145353",0,0,0,0,"2026-08-27 23:00:00",1,1617,1427.62,2,,,,
"2026-08-28 23:00:00","#2145331",0,0,0,0,"2026-08-27 23:00:00",1,1316.65,1253.95,1,,,,
"2026-08-28 23:00:00","#2145301",0,0,0,0,"2026-08-27 23:00:00",1,1499,1427.62,2,,,,
"2026-08-28 23:00:00","#2145270",0,0,0,0,"2026-08-27 23:00:00",1,1998,1902.86,4,,,,
"2026-08-28 23:00:00","#2145297",0,0,0,0,"2026-08-27 23:00:00",1,2249,2141.9,2,,,,
"2026-08-28 23:00:00","#2145289",0,0,0,0,"2026-08-27 23:00:00",1,1898,1807.62,4,,,,
"2026-08-28 23:00:00","#2145281",0,0,0,0,"2026-08-27 23:00:00",1,1637,1446.67,1,,,,
"2026-08-28 23:00:00","#2145278",0,0,0,0,"2026-08-27 23:00:00",1,2069,1970.48,2,,,,
"2026-08-28 23:00:00","#2145317",0,0,0,0,"2026-08-27 23:00:00",1,1748,1664.76,2,,,,
"2026-08-28 23:00:00","#2145327",0,0,0,0,"2026-08-27 23:00:00",1,1984,1889.52,2,,,,
"2026-08-28 23:00:00","#2145248",0,0,0,0,"2026-08-27 23:00:00",1,1898,1807.62,4,,,,
"2026-08-28 23:00:00","#2145256",0,0,0,0,"2026-08-27 23:00:00",1,3298,3140.96,5,,,,
"2026-08-28 23:00:00","#2145364",0,0,0,0,"2026-08-27 23:00:00",1,1599,1522.86,1,,,,
"2026-08-28 23:00:00","#2145290",0,0,0,0,"2026-08-27 23:00:00",1,1867,1665.71,1,,,,
"2026-08-28 23:00:00","#2145340",0,0,0,0,"2026-08-27 23:00:00",1,4017,3825.71,7,,,,
